date,salinity_mean,temperature_mean
2010-01-01 00:00:00+00:00,,
2010-01-02 00:00:00+00:00,,
2010-01-03 00:00:00+00:00,,
2010-01-04 00:00:00+00:00,,
2010-01-05 00:00:00+00:00,,
2010-01-06 00:00:00+00:00,,
2010-01-07 00:00:00+00:00,,
2010-01-08 00:00:00+00:00,,
2010-01-09 00:00:00+00:00,,
2010-01-10 00:00:00+00:00,,
2010-01-11 00:00:00+00:00,,
2010-01-12 00:00:00+00:00,,
2010-01-13 00:00:00+00:00,,
2010-01-14 00:00:00+00:00,,
2010-01-15 00:00:00+00:00,,
2010-01-16 00:00:00+00:00,,
2010-01-17 00:00:00+00:00,,
2010-01-18 00:00:00+00:00,,
2010-01-19 00:00:00+00:00,,
2010-01-20 00:00:00+00:00,,
2010-01-21 00:00:00+00:00,,
2010-01-22 00:00:00+00:00,,
2010-01-23 00:00:00+00:00,,
2010-01-24 00:00:00+00:00,,
2010-01-25 00:00:00+00:00,,
2010-01-26 00:00:00+00:00,,
2010-01-27 00:00:00+00:00,,
2010-01-28 00:00:00+00:00,,
2010-01-29 00:00:00+00:00,,
2010-01-30 00:00:00+00:00,,
2010-01-31 00:00:00+00:00,,
2010-02-01 00:00:00+00:00,,
2010-02-02 00:00:00+00:00,,
2010-02-03 00:00:00+00:00,,
2010-02-04 00:00:00+00:00,,
2010-02-05 00:00:00+00:00,,
2010-02-06 00:00:00+00:00,,
2010-02-07 00:00:00+00:00,,
2010-02-08 00:00:00+00:00,,
2010-02-09 00:00:00+00:00,,
2010-02-10 00:00:00+00:00,,
2010-02-11 00:00:00+00:00,,
2010-02-12 00:00:00+00:00,,
2010-02-13 00:00:00+00:00,,
2010-02-14 00:00:00+00:00,,
2010-02-15 00:00:00+00:00,,
2010-02-16 00:00:00+00:00,,
2010-02-17 00:00:00+00:00,,
2010-02-18 00:00:00+00:00,,
2010-02-19 00:00:00+00:00,,
2010-02-20 00:00:00+00:00,,
2010-02-21 00:00:00+00:00,,
2010-02-22 00:00:00+00:00,,
2010-02-23 00:00:00+00:00,,
2010-02-24 00:00:00+00:00,,
2010-02-25 00:00:00+00:00,,
2010-02-26 00:00:00+00:00,,
2010-02-27 00:00:00+00:00,,
2010-02-28 00:00:00+00:00,,
2010-03-01 00:00:00+00:00,,
2010-03-02 00:00:00+00:00,,
2010-03-03 00:00:00+00:00,,
2010-03-04 00:00:00+00:00,,
2010-03-05 00:00:00+00:00,,
2010-03-06 00:00:00+00:00,,
2010-03-07 00:00:00+00:00,,
2010-03-08 00:00:00+00:00,,
2010-03-09 00:00:00+00:00,,
2010-03-10 00:00:00+00:00,,
2010-03-11 00:00:00+00:00,,
2010-03-12 00:00:00+00:00,,
2010-03-13 00:00:00+00:00,,
2010-03-14 00:00:00+00:00,,
2010-03-15 00:00:00+00:00,,
2010-03-16 00:00:00+00:00,,
2010-03-17 00:00:00+00:00,,
2010-03-18 00:00:00+00:00,,
2010-03-19 00:00:00+00:00,,
2010-03-20 00:00:00+00:00,,
2010-03-21 00:00:00+00:00,,
2010-03-22 00:00:00+00:00,,
2010-03-23 00:00:00+00:00,,
2010-03-24 00:00:00+00:00,,
2010-03-25 00:00:00+00:00,,
2010-03-26 00:00:00+00:00,,
2010-03-27 00:00:00+00:00,,
2010-03-28 00:00:00+00:00,,
2010-03-29 00:00:00+00:00,,
2010-03-30 00:00:00+00:00,,
2010-03-31 00:00:00+00:00,31963.67213114754,6.490983606557377
2010-04-01 00:00:00+00:00,31478.055555555555,6.339583333333334
2010-04-02 00:00:00+00:00,30991.01736111111,6.429513888888889
2010-04-03 00:00:00+00:00,31047.0,6.597222222222222
2010-04-04 00:00:00+00:00,30694.4375,6.739583333333333
2010-04-05 00:00:00+00:00,29624.645833333332,6.980555555555556
2010-04-06 00:00:00+00:00,30022.527777777777,7.026041666666667
2010-04-07 00:00:00+00:00,30709.6875,7.032291666666667
2010-04-08 00:00:00+00:00,30229.708333333332,7.19861111111111
2010-04-09 00:00:00+00:00,29890.677083333332,7.313888888888889
2010-04-10 00:00:00+00:00,29758.722222222223,7.4468749999999995
2010-04-11 00:00:00+00:00,29416.34375,7.390972222222222
2010-04-12 00:00:00+00:00,29930.67013888889,7.175694444444444
2010-04-13 00:00:00+00:00,30097.42013888889,7.329513888888889
2010-04-14 00:00:00+00:00,30084.54513888889,7.495138888888889
2010-04-15 00:00:00+00:00,29611.9375,7.7406250000000005
2010-04-16 00:00:00+00:00,29666.125,7.690277777777778
2010-04-17 00:00:00+00:00,29465.520833333332,7.872222222222222
2010-04-18 00:00:00+00:00,29259.878472222223,8.255902777777777
2010-04-19 00:00:00+00:00,29220.38888888889,8.513194444444444
2010-04-20 00:00:00+00:00,29248.052083333332,8.707638888888889
2010-04-21 00:00:00+00:00,29306.010416666668,8.752430555555556
2010-04-22 00:00:00+00:00,29269.822916666668,8.777083333333334
2010-04-23 00:00:00+00:00,29338.73263888889,8.761458333333334
2010-04-24 00:00:00+00:00,29382.28125,8.894791666666666
2010-04-25 00:00:00+00:00,29450.340277777777,9.129166666666666
2010-04-26 00:00:00+00:00,29404.302083333332,9.559375
2010-04-27 00:00:00+00:00,29339.65,9.950413223140496
2010-04-28 00:00:00+00:00,29276.295454545456,10.401136363636363
2010-04-29 00:00:00+00:00,29447.9375,10.419791666666667
2010-04-30 00:00:00+00:00,29506.833333333332,10.848958333333334
2010-05-01 00:00:00+00:00,29842.416666666668,11.004861111111111
2010-05-02 00:00:00+00:00,29595.934027777777,10.830208333333333
2010-05-03 00:00:00+00:00,29856.26388888889,9.413194444444445
2010-05-04 00:00:00+00:00,29915.128472222223,9.209375000000001
2010-05-05 00:00:00+00:00,29979.54861111111,9.424652777777776
2010-05-06 00:00:00+00:00,29971.947916666668,9.515277777777778
2010-05-07 00:00:00+00:00,30098.586805555555,9.45138888888889
2010-05-08 00:00:00+00:00,30082.04861111111,9.472569444444444
2010-05-09 00:00:00+00:00,30063.402777777777,9.568750000000001
2010-05-10 00:00:00+00:00,30186.899305555555,9.704166666666666
2010-05-11 00:00:00+00:00,30380.524305555555,9.712499999999999
2010-05-12 00:00:00+00:00,30420.447916666668,9.411805555555555
2010-05-13 00:00:00+00:00,29877.67013888889,9.413888888888888
2010-05-14 00:00:00+00:00,29297.961805555555,9.799652777777778
2010-05-15 00:00:00+00:00,29043.371527777777,10.220833333333333
2010-05-16 00:00:00+00:00,29003.260416666668,10.550347222222221
2010-05-17 00:00:00+00:00,28889.215277777777,10.993749999999999
2010-05-18 00:00:00+00:00,28634.729166666668,11.221875
2010-05-19 00:00:00+00:00,28525.1875,11.304861111111112
2010-05-20 00:00:00+00:00,28867.569444444445,11.363194444444444
2010-05-21 00:00:00+00:00,28930.916666666668,11.524305555555555
2010-05-22 00:00:00+00:00,28855.5625,11.604513888888889
2010-05-23 00:00:00+00:00,29066.0,11.797916666666667
2010-05-24 00:00:00+00:00,29132.04861111111,12.306944444444445
2010-05-25 00:00:00+00:00,29097.885416666668,12.460763888888888
2010-05-26 00:00:00+00:00,29082.215277777777,12.014583333333333
2010-05-27 00:00:00+00:00,29054.208333333332,11.797222222222222
2010-05-28 00:00:00+00:00,28971.128472222223,12.016666666666667
2010-05-29 00:00:00+00:00,28946.965277777777,12.390972222222222
2010-05-30 00:00:00+00:00,29183.993055555555,12.665277777777778
2010-05-31 00:00:00+00:00,28849.965277777777,12.695486111111112
2010-06-01 00:00:00+00:00,28795.600694444445,12.655902777777778
2010-06-02 00:00:00+00:00,29002.88888888889,12.662500000000001
2010-06-03 00:00:00+00:00,29091.5,12.946180555555555
2010-06-04 00:00:00+00:00,29465.961805555555,13.091319444444444
2010-06-05 00:00:00+00:00,29674.229166666668,13.309375
2010-06-06 00:00:00+00:00,29708.996527777777,13.445138888888888
2010-06-07 00:00:00+00:00,29928.23263888889,13.666666666666666
2010-06-08 00:00:00+00:00,30194.694444444445,13.812847222222222
2010-06-09 00:00:00+00:00,30335.690972222223,13.876041666666667
2010-06-10 00:00:00+00:00,30237.368055555555,13.81111111111111
2010-06-11 00:00:00+00:00,29918.95138888889,13.848263888888889
2010-06-12 00:00:00+00:00,29488.46875,14.091666666666667
2010-06-13 00:00:00+00:00,29209.340277777777,14.132291666666667
2010-06-14 00:00:00+00:00,28885.725694444445,14.184027777777779
2010-06-15 00:00:00+00:00,28647.194444444445,14.007986111111112
2010-06-16 00:00:00+00:00,28410.253472222223,14.053472222222222
2010-06-17 00:00:00+00:00,28449.48263888889,14.20486111111111
2010-06-18 00:00:00+00:00,28974.159722222223,14.067361111111111
2010-06-19 00:00:00+00:00,28859.916666666668,13.959375000000001
2010-06-20 00:00:00+00:00,28541.822916666668,13.883333333333333
2010-06-21 00:00:00+00:00,28416.850694444445,14.037847222222222
2010-06-22 00:00:00+00:00,28113.45486111111,14.535416666666666
2010-06-23 00:00:00+00:00,28241.072916666668,14.811111111111112
2010-06-24 00:00:00+00:00,28604.15625,14.945833333333333
2010-06-25 00:00:00+00:00,28618.260416666668,15.254166666666666
2010-06-26 00:00:00+00:00,28612.0625,15.343055555555557
2010-06-27 00:00:00+00:00,28710.04513888889,15.484027777777776
2010-06-28 00:00:00+00:00,28678.930555555555,15.744097222222223
2010-06-29 00:00:00+00:00,28536.76736111111,16.09027777777778
2010-06-30 00:00:00+00:00,28758.649305555555,16.318055555555556
2010-07-01 00:00:00+00:00,29286.378472222223,16.460763888888888
2010-07-02 00:00:00+00:00,29829.239583333332,16.621875000000003
2010-07-03 00:00:00+00:00,29963.277777777777,16.797916666666666
2010-07-04 00:00:00+00:00,30070.086805555555,17.063888888888886
2010-07-05 00:00:00+00:00,30544.737089201877,17.136805555555554
2010-07-06 00:00:00+00:00,30473.4375,17.460069444444443
2010-07-07 00:00:00+00:00,30744.090277777777,17.515625
2010-07-08 00:00:00+00:00,30805.618055555555,17.678125
2010-07-09 00:00:00+00:00,30764.3115942029,17.97951388888889
2010-07-10 00:00:00+00:00,,18.429513888888888
2010-07-11 00:00:00+00:00,,18.872916666666665
2010-07-12 00:00:00+00:00,,19.03298611111111
2010-07-13 00:00:00+00:00,,19.103125
2010-07-14 00:00:00+00:00,,19.09652777777778
2010-07-15 00:00:00+00:00,,18.896527777777777
2010-07-16 00:00:00+00:00,,18.674999999999997
2010-07-17 00:00:00+00:00,,18.510069444444444
2010-07-18 00:00:00+00:00,,18.676041666666666
2010-07-19 00:00:00+00:00,,19.055555555555557
2010-07-20 00:00:00+00:00,,19.336111111111112
2010-07-21 00:00:00+00:00,30804.025974025975,19.584375
2010-07-22 00:00:00+00:00,30868.229166666668,19.781944444444445
2010-07-23 00:00:00+00:00,30762.32638888889,19.87048611111111
2010-07-24 00:00:00+00:00,30623.270833333332,19.706944444444446
2010-07-25 00:00:00+00:00,30573.07638888889,19.676041666666666
2010-07-26 00:00:00+00:00,30428.29861111111,19.609027777777776
2010-07-27 00:00:00+00:00,30346.82638888889,19.423263888888886
2010-07-28 00:00:00+00:00,30255.659722222223,19.410069444444446
2010-07-29 00:00:00+00:00,30103.180555555555,19.44861111111111
2010-07-30 00:00:00+00:00,30132.61111111111,19.514236111111114
2010-07-31 00:00:00+00:00,30253.243055555555,19.61875
2010-08-01 00:00:00+00:00,30302.222222222223,19.601736111111112
2010-08-02 00:00:00+00:00,30310.590277777777,19.635069444444447
2010-08-03 00:00:00+00:00,30358.243055555555,19.6125
2010-08-04 00:00:00+00:00,30831.819444444445,19.537152777777777
2010-08-05 00:00:00+00:00,30597.840277777777,19.43611111111111
2010-08-06 00:00:00+00:00,30854.006944444445,19.438888888888886
2010-08-07 00:00:00+00:00,31011.479166666668,19.405902777777776
2010-08-08 00:00:00+00:00,30672.340277777777,19.411805555555556
2010-08-09 00:00:00+00:00,30102.583333333332,19.58159722222222
2010-08-10 00:00:00+00:00,30164.05072463768,19.530902777777776
2010-08-11 00:00:00+00:00,29351.20588235294,19.497569444444444
2010-08-12 00:00:00+00:00,29251.881944444445,19.57361111111111
2010-08-13 00:00:00+00:00,28975.215277777777,19.49652777777778
2010-08-14 00:00:00+00:00,29023.722222222223,19.515277777777776
2010-08-15 00:00:00+00:00,29399.82638888889,19.31423611111111
2010-08-16 00:00:00+00:00,29680.722222222223,18.95486111111111
2010-08-17 00:00:00+00:00,29343.375,18.748958333333334
2010-08-18 00:00:00+00:00,28968.729166666668,18.627430555555556
2010-08-19 00:00:00+00:00,29887.027777777777,18.640972222222224
2010-08-20 00:00:00+00:00,30577.902777777777,18.927430555555556
2010-08-21 00:00:00+00:00,30639.92361111111,19.245833333333334
2010-08-22 00:00:00+00:00,30273.027777777777,19.396180555555553
2010-08-23 00:00:00+00:00,31153.36111111111,19.3375
2010-08-24 00:00:00+00:00,32342.95138888889,19.000694444444445
2010-08-25 00:00:00+00:00,31459.51388888889,18.673958333333335
2010-08-26 00:00:00+00:00,31775.034722222223,18.73090277777778
2010-08-27 00:00:00+00:00,31111.82638888889,18.64340277777778
2010-08-28 00:00:00+00:00,30883.472222222223,18.393055555555556
2010-08-29 00:00:00+00:00,30126.715277777777,17.914583333333333
2010-08-30 00:00:00+00:00,29358.916666666668,17.661458333333332
2010-08-31 00:00:00+00:00,29466.61111111111,17.85763888888889
2010-09-01 00:00:00+00:00,28986.67361111111,17.906944444444445
2010-09-02 00:00:00+00:00,29166.589519650654,17.992013888888888
2010-09-03 00:00:00+00:00,29162.92361111111,17.970138888888886
2010-09-04 00:00:00+00:00,29120.40625,17.98125
2010-09-05 00:00:00+00:00,29447.60763888889,17.918055555555554
2010-09-06 00:00:00+00:00,29513.145833333332,17.763541666666665
2010-09-07 00:00:00+00:00,29566.73263888889,17.495833333333334
2010-09-08 00:00:00+00:00,29689.072916666668,17.413541666666664
2010-09-09 00:00:00+00:00,29311.125,17.37986111111111
2010-09-10 00:00:00+00:00,29294.82986111111,17.44097222222222
2010-09-11 00:00:00+00:00,29639.38888888889,17.489930555555556
2010-09-12 00:00:00+00:00,29540.402777777777,17.600694444444443
2010-09-13 00:00:00+00:00,29249.45486111111,17.575694444444444
2010-09-14 00:00:00+00:00,30784.91379310345,17.436805555555555
2010-09-15 00:00:00+00:00,32425.284722222223,17.10763888888889
2010-09-16 00:00:00+00:00,31996.756944444445,16.588541666666668
2010-09-17 00:00:00+00:00,30504.604166666668,16.321875
2010-09-18 00:00:00+00:00,27995.416666666668,16.501388888888886
2010-09-19 00:00:00+00:00,28892.965277777777,16.307291666666668
2010-09-20 00:00:00+00:00,30368.618055555555,16.10729166666667
2010-09-21 00:00:00+00:00,30701.069444444445,16.180902777777778
2010-09-22 00:00:00+00:00,30781.694444444445,16.394791666666666
2010-09-23 00:00:00+00:00,30613.555555555555,16.490972222222222
2010-09-24 00:00:00+00:00,30657.245454545453,16.5375
2010-09-25 00:00:00+00:00,30497.29861111111,16.41736111111111
2010-09-26 00:00:00+00:00,30437.145833333332,16.0875
2010-09-27 00:00:00+00:00,30394.32638888889,15.922222222222224
2010-09-28 00:00:00+00:00,30512.82638888889,15.84375
2010-09-29 00:00:00+00:00,30645.628472222223,15.814930555555556
2010-09-30 00:00:00+00:00,31053.34375,15.784722222222221
2010-10-01 00:00:00+00:00,31460.538194444445,15.711111111111112
2010-10-02 00:00:00+00:00,32321.711805555555,15.753819444444446
2010-10-03 00:00:00+00:00,32374.961805555555,15.872916666666665
2010-10-04 00:00:00+00:00,32282.802083333332,16.040277777777778
2010-10-05 00:00:00+00:00,32104.604166666668,16.130555555555556
2010-10-06 00:00:00+00:00,31827.041666666668,16.174305555555556
2010-10-07 00:00:00+00:00,31558.836805555555,16.132291666666667
2010-10-08 00:00:00+00:00,31197.45486111111,16.15763888888889
2010-10-09 00:00:00+00:00,31013.9375,16.121180555555558
2010-10-10 00:00:00+00:00,31078.32638888889,15.985416666666667
2010-10-11 00:00:00+00:00,31381.725694444445,15.718055555555557
2010-10-12 00:00:00+00:00,31731.868055555555,15.484375
2010-10-13 00:00:00+00:00,31581.697916666668,15.276736111111111
2010-10-14 00:00:00+00:00,31326.01736111111,15.230902777777779
2010-10-15 00:00:00+00:00,31194.684027777777,15.309027777777779
2010-10-16 00:00:00+00:00,31312.48611111111,15.155902777777776
2010-10-17 00:00:00+00:00,32043.868055555555,14.850694444444445
2010-10-18 00:00:00+00:00,31864.270833333332,14.282638888888888
2010-10-19 00:00:00+00:00,31637.88888888889,13.76875
2010-10-20 00:00:00+00:00,31343.541666666668,13.475694444444445
2010-10-21 00:00:00+00:00,31048.069444444445,13.083680555555555
2010-10-22 00:00:00+00:00,31348.177083333332,12.492013888888888
2010-10-23 00:00:00+00:00,31749.319444444445,12.116666666666667
2010-10-24 00:00:00+00:00,31333.48263888889,11.911458333333334
2010-10-25 00:00:00+00:00,30662.277777777777,12.42048611111111
2010-10-26 00:00:00+00:00,30595.92013888889,12.006250000000001
2010-10-27 00:00:00+00:00,30760.458333333332,11.359027777777778
2010-10-28 00:00:00+00:00,30822.277777777777,10.891666666666667
2010-10-29 00:00:00+00:00,31001.98263888889,10.862152777777778
2010-10-30 00:00:00+00:00,31448.208333333332,11.063541666666667
2010-10-31 00:00:00+00:00,31627.95486111111,11.447222222222223
2010-11-01 00:00:00+00:00,31574.288194444445,11.647569444444445
2010-11-02 00:00:00+00:00,31626.447916666668,11.512152777777779
2010-11-03 00:00:00+00:00,32182.274305555555,11.6125
2010-11-04 00:00:00+00:00,32802.54887218045,12.021527777777777
2010-11-05 00:00:00+00:00,32617.135416666668,12.076041666666667
2010-11-06 00:00:00+00:00,32448.17013888889,12.089236111111111
2010-11-07 00:00:00+00:00,32083.725978647686,11.843055555555557
2010-11-08 00:00:00+00:00,31602.940972222223,11.261111111111113
2010-11-09 00:00:00+00:00,31397.822916666668,10.639583333333333
2010-11-10 00:00:00+00:00,31581.805555555555,10.689930555555556
2010-11-11 00:00:00+00:00,31476.336805555555,10.000694444444443
2010-11-12 00:00:00+00:00,32456.615094339624,10.146527777777777
2010-11-13 00:00:00+00:00,32226.471698113208,10.150347222222223
2010-11-14 00:00:00+00:00,31837.233918128655,10.080555555555556
2010-11-15 00:00:00+00:00,31611.97005988024,9.910763888888889
2010-11-16 00:00:00+00:00,31294.233009708736,9.984722222222222
2010-11-17 00:00:00+00:00,29942.515873015873,9.997569444444444
2010-11-18 00:00:00+00:00,31094.847222222223,10.111805555555556
2010-11-19 00:00:00+00:00,31118.824372759856,10.007638888888888
2010-11-20 00:00:00+00:00,30903.038194444445,9.959027777777777
2010-11-21 00:00:00+00:00,30471.0,10.146180555555555
2010-11-22 00:00:00+00:00,29941.090277777777,10.104166666666666
2010-11-23 00:00:00+00:00,29975.85763888889,10.020138888888889
2010-11-24 00:00:00+00:00,29361.996527777777,9.71736111111111
2010-11-25 00:00:00+00:00,28600.815972222223,9.434375
2010-11-26 00:00:00+00:00,29135.913194444445,9.411458333333334
2010-11-27 00:00:00+00:00,29726.711805555555,8.992361111111112
2010-11-28 00:00:00+00:00,29878.746527777777,8.408680555555556
2010-11-29 00:00:00+00:00,30496.895833333332,8.379513888888889
2010-11-30 00:00:00+00:00,30490.60763888889,8.139583333333333
2010-12-01 00:00:00+00:00,31444.569444444445,7.633680555555555
2010-12-02 00:00:00+00:00,31321.604166666668,6.765625
2010-12-03 00:00:00+00:00,31033.211805555555,6.013194444444444
2010-12-04 00:00:00+00:00,30871.868055555555,4.732638888888889
2010-12-05 00:00:00+00:00,31367.381944444445,4.593402777777778
2010-12-06 00:00:00+00:00,30981.9375,4.480208333333334
2010-12-07 00:00:00+00:00,30842.989583333332,4.864236111111111
2010-12-08 00:00:00+00:00,30903.4375,5.141319444444445
2010-12-09 00:00:00+00:00,31295.909722222223,5.636458333333334
2010-12-10 00:00:00+00:00,31199.427083333332,5.749305555555555
2010-12-11 00:00:00+00:00,30818.010416666668,6.010763888888889
2010-12-12 00:00:00+00:00,29345.975694444445,6.416666666666667
2010-12-13 00:00:00+00:00,28108.8125,6.178125
2010-12-14 00:00:00+00:00,27815.694444444445,6.066666666666666
2010-12-15 00:00:00+00:00,26979.059027777777,5.987500000000001
2010-12-16 00:00:00+00:00,27055.989583333332,6.023263888888889
2010-12-17 00:00:00+00:00,24535.07638888889,5.465277777777778
2010-12-18 00:00:00+00:00,26135.54861111111,5.473611111111111
2010-12-19 00:00:00+00:00,28018.989583333332,5.611805555555556
2010-12-20 00:00:00+00:00,28288.600694444445,5.610416666666667
2010-12-21 00:00:00+00:00,28650.774305555555,5.522222222222222
2010-12-22 00:00:00+00:00,28800.934027777777,5.428472222222222
2010-12-23 00:00:00+00:00,29599.934027777777,5.406944444444445
2010-12-24 00:00:00+00:00,29418.409722222223,5.037152777777778
2010-12-25 00:00:00+00:00,28486.67013888889,4.478472222222222
2010-12-26 00:00:00+00:00,26887.041666666668,4.188541666666667
2010-12-27 00:00:00+00:00,26090.836805555555,4.070486111111111
2010-12-28 00:00:00+00:00,27433.395833333332,4.276041666666667
2010-12-29 00:00:00+00:00,28753.78125,4.458333333333333
2010-12-30 00:00:00+00:00,29516.256944444445,4.639930555555555
2010-12-31 00:00:00+00:00,30373.0,4.65
2011-01-01 00:00:00+00:00,29124.64236111111,4.7548611111111105
2011-01-02 00:00:00+00:00,29015.065972222223,4.770833333333333
2011-01-03 00:00:00+00:00,28366.291666666668,4.669444444444444
2011-01-04 00:00:00+00:00,28117.614583333332,4.538541666666666
2011-01-05 00:00:00+00:00,28818.399305555555,4.228125
2011-01-06 00:00:00+00:00,30105.65625,4.258680555555555
2011-01-07 00:00:00+00:00,29834.354166666668,4.415972222222222
2011-01-08 00:00:00+00:00,30297.32986111111,4.540277777777778
2011-01-09 00:00:00+00:00,30266.92361111111,4.583333333333333
2011-01-10 00:00:00+00:00,28377.663194444445,4.395138888888889
2011-01-11 00:00:00+00:00,29052.35763888889,4.175347222222222
2011-01-12 00:00:00+00:00,27455.38888888889,4.235763888888889
2011-01-13 00:00:00+00:00,30052.239583333332,4.392361111111111
2011-01-14 00:00:00+00:00,30666.340277777777,4.700694444444444
2011-01-15 00:00:00+00:00,29176.586805555555,4.862847222222222
2011-01-16 00:00:00+00:00,28881.17361111111,4.942361111111111
2011-01-17 00:00:00+00:00,28598.055555555555,5.028124999999999
2011-01-18 00:00:00+00:00,26546.436363636363,5.182638888888889
2011-01-19 00:00:00+00:00,22980.447916666668,5.185069444444444
2011-01-20 00:00:00+00:00,24380.958333333332,4.890972222222222
2011-01-21 00:00:00+00:00,25189.135416666668,4.770138888888889
2011-01-22 00:00:00+00:00,24226.20138888889,4.812152777777778
2011-01-23 00:00:00+00:00,24432.434027777777,4.809374999999999
2011-01-24 00:00:00+00:00,24352.07986111111,4.873611111111111
2011-01-25 00:00:00+00:00,23235.059027777777,4.939583333333334
2011-01-26 00:00:00+00:00,23321.975694444445,4.938888888888889
2011-01-27 00:00:00+00:00,26054.28125,4.752777777777777
2011-01-28 00:00:00+00:00,27866.534722222223,4.510763888888889
2011-01-29 00:00:00+00:00,28626.0,4.4274305555555555
2011-01-30 00:00:00+00:00,28711.125,4.308680555555556
2011-01-31 00:00:00+00:00,29401.902777777777,4.384722222222222
2011-02-01 00:00:00+00:00,28970.53125,4.323263888888889
2011-02-02 00:00:00+00:00,28451.034722222223,4.176388888888889
2011-02-03 00:00:00+00:00,29081.78125,4.240277777777778
2011-02-04 00:00:00+00:00,30608.284722222223,4.635416666666667
2011-02-05 00:00:00+00:00,30981.67013888889,4.835416666666666
2011-02-06 00:00:00+00:00,30202.538194444445,4.888888888888889
2011-02-07 00:00:00+00:00,29958.836805555555,5.002430555555556
2011-02-08 00:00:00+00:00,29747.034722222223,5.089583333333334
2011-02-09 00:00:00+00:00,29570.09375,5.057291666666667
2011-02-10 00:00:00+00:00,29630.96875,5.050347222222222
2011-02-11 00:00:00+00:00,29876.6875,5.141666666666667
2011-02-12 00:00:00+00:00,30164.934027777777,5.205208333333333
2011-02-13 00:00:00+00:00,30752.100694444445,5.148958333333333
2011-02-14 00:00:00+00:00,30834.8125,5.170138888888889
2011-02-15 00:00:00+00:00,30617.197916666668,5.163541666666666
2011-02-16 00:00:00+00:00,30588.569444444445,5.235069444444445
2011-02-17 00:00:00+00:00,30232.01388888889,5.284027777777777
2011-02-18 00:00:00+00:00,29484.854166666668,5.168402777777778
2011-02-19 00:00:00+00:00,28745.35763888889,5.053472222222222
2011-02-20 00:00:00+00:00,28453.149305555555,4.979513888888889
2011-02-21 00:00:00+00:00,28456.340277777777,4.739583333333333
2011-02-22 00:00:00+00:00,28665.17361111111,4.501736111111111
2011-02-23 00:00:00+00:00,28857.472222222223,4.345486111111111
2011-02-24 00:00:00+00:00,29355.802083333332,4.315277777777777
2011-02-25 00:00:00+00:00,29496.277777777777,4.545486111111111
2011-02-26 00:00:00+00:00,30030.340277777777,4.797222222222222
2011-02-27 00:00:00+00:00,29796.45486111111,4.948611111111111
2011-02-28 00:00:00+00:00,29920.5,5.012499999999999
2011-03-01 00:00:00+00:00,30793.29513888889,4.997916666666667
2011-03-02 00:00:00+00:00,31272.0625,4.9631944444444445
2011-03-03 00:00:00+00:00,31542.434027777777,4.912152777777778
2011-03-04 00:00:00+00:00,31514.4375,4.904861111111111
2011-03-05 00:00:00+00:00,30841.024305555555,4.890277777777778
2011-03-06 00:00:00+00:00,30375.20138888889,4.915277777777778
2011-03-07 00:00:00+00:00,30004.961805555555,4.815625000000001
2011-03-08 00:00:00+00:00,29726.208333333332,4.756597222222222
2011-03-09 00:00:00+00:00,29624.586805555555,4.794097222222223
2011-03-10 00:00:00+00:00,29918.28125,4.997222222222223
2011-03-11 00:00:00+00:00,30804.48611111111,5.365625
2011-03-12 00:00:00+00:00,30333.100694444445,5.598263888888889
2011-03-13 00:00:00+00:00,30059.71875,5.699305555555556
2011-03-14 00:00:00+00:00,29953.027777777777,5.778819444444444
2011-03-15 00:00:00+00:00,30090.114583333332,5.870138888888889
2011-03-16 00:00:00+00:00,30416.711805555555,5.915625
2011-03-17 00:00:00+00:00,30434.902777777777,5.975347222222222
2011-03-18 00:00:00+00:00,30426.60763888889,6.000347222222222
2011-03-19 00:00:00+00:00,30377.07638888889,6.031944444444445
2011-03-20 00:00:00+00:00,30273.621527777777,6.156597222222222
2011-03-21 00:00:00+00:00,30259.416666666668,6.333333333333333
2011-03-22 00:00:00+00:00,30155.32638888889,6.580555555555556
2011-03-23 00:00:00+00:00,30049.378472222223,6.789930555555555
2011-03-24 00:00:00+00:00,30021.027777777777,6.969097222222222
2011-03-25 00:00:00+00:00,30014.038194444445,7.138888888888889
2011-03-26 00:00:00+00:00,30099.083333333332,7.086458333333334
2011-03-27 00:00:00+00:00,30421.17013888889,6.863541666666666
2011-03-28 00:00:00+00:00,30542.1875,6.932291666666667
2011-03-29 00:00:00+00:00,30612.038194444445,7.112500000000001
2011-03-30 00:00:00+00:00,30669.98611111111,7.2666666666666675
2011-03-31 00:00:00+00:00,31203.32986111111,7.418749999999999
2011-04-01 00:00:00+00:00,31742.552083333332,7.919791666666667
2011-04-02 00:00:00+00:00,31604.833333333332,8.452083333333333
2011-04-03 00:00:00+00:00,31479.53125,8.90625
2011-04-04 00:00:00+00:00,31380.381944444445,9.164236111111112
2011-04-05 00:00:00+00:00,31772.777777777777,8.988888888888889
2011-04-06 00:00:00+00:00,31979.222222222223,8.947916666666666
2011-04-07 00:00:00+00:00,31697.489583333332,9.490625000000001
2011-04-08 00:00:00+00:00,31305.659722222223,9.72048611111111
2011-04-09 00:00:00+00:00,31185.663194444445,9.706944444444444
2011-04-10 00:00:00+00:00,31279.802083333332,9.491666666666667
2011-04-11 00:00:00+00:00,31386.177083333332,9.568750000000001
2011-04-12 00:00:00+00:00,31452.913194444445,9.544444444444444
2011-04-13 00:00:00+00:00,31231.25,9.67326388888889
2011-04-14 00:00:00+00:00,31187.409722222223,9.768055555555556
2011-04-15 00:00:00+00:00,30988.21875,9.869097222222223
2011-04-16 00:00:00+00:00,30849.260416666668,9.97048611111111
2011-04-17 00:00:00+00:00,30741.572916666668,10.141319444444443
2011-04-18 00:00:00+00:00,31115.375,9.612499999999999
2011-04-19 00:00:00+00:00,,
2011-04-20 00:00:00+00:00,,
2011-04-21 00:00:00+00:00,,
2011-04-22 00:00:00+00:00,,
2011-04-23 00:00:00+00:00,,
2011-04-24 00:00:00+00:00,,
2011-04-25 00:00:00+00:00,,
2011-04-26 00:00:00+00:00,,
2011-04-27 00:00:00+00:00,,
2011-04-28 00:00:00+00:00,,
2011-04-29 00:00:00+00:00,,
2011-04-30 00:00:00+00:00,,
2011-05-01 00:00:00+00:00,,
2011-05-02 00:00:00+00:00,,
2011-05-03 00:00:00+00:00,,
2011-05-04 00:00:00+00:00,,
2011-05-05 00:00:00+00:00,,
2011-05-06 00:00:00+00:00,,
2011-05-07 00:00:00+00:00,,
2011-05-08 00:00:00+00:00,,
2011-05-09 00:00:00+00:00,,
2011-05-10 00:00:00+00:00,,
2011-05-11 00:00:00+00:00,,
2011-05-12 00:00:00+00:00,,
2011-05-13 00:00:00+00:00,,
2011-05-14 00:00:00+00:00,,
2011-05-15 00:00:00+00:00,,
2011-05-16 00:00:00+00:00,,
2011-05-17 00:00:00+00:00,,
2011-05-18 00:00:00+00:00,,
2011-05-19 00:00:00+00:00,,
2011-05-20 00:00:00+00:00,,
2011-05-21 00:00:00+00:00,,
2011-05-22 00:00:00+00:00,,
2011-05-23 00:00:00+00:00,,
2011-05-24 00:00:00+00:00,,
2011-05-25 00:00:00+00:00,,
2011-05-26 00:00:00+00:00,,
2011-05-27 00:00:00+00:00,,
2011-05-28 00:00:00+00:00,,
2011-05-29 00:00:00+00:00,,
2011-05-30 00:00:00+00:00,,
2011-05-31 00:00:00+00:00,,
2011-06-01 00:00:00+00:00,,
2011-06-02 00:00:00+00:00,,
2011-06-03 00:00:00+00:00,,
2011-06-04 00:00:00+00:00,,
2011-06-05 00:00:00+00:00,,
2011-06-06 00:00:00+00:00,,
2011-06-07 00:00:00+00:00,,
2011-06-08 00:00:00+00:00,,
2011-06-09 00:00:00+00:00,,
2011-06-10 00:00:00+00:00,,
2011-06-11 00:00:00+00:00,,
2011-06-12 00:00:00+00:00,,
2011-06-13 00:00:00+00:00,,
2011-06-14 00:00:00+00:00,,
2011-06-15 00:00:00+00:00,,
2011-06-16 00:00:00+00:00,,
2011-06-17 00:00:00+00:00,,
2011-06-18 00:00:00+00:00,,
2011-06-19 00:00:00+00:00,,
2011-06-20 00:00:00+00:00,,
2011-06-21 00:00:00+00:00,,
2011-06-22 00:00:00+00:00,,
2011-06-23 00:00:00+00:00,,
2011-06-24 00:00:00+00:00,,
2011-06-25 00:00:00+00:00,,
2011-06-26 00:00:00+00:00,,
2011-06-27 00:00:00+00:00,,
2011-06-28 00:00:00+00:00,,
2011-06-29 00:00:00+00:00,,
2011-06-30 00:00:00+00:00,,
2011-07-01 00:00:00+00:00,,
2011-07-02 00:00:00+00:00,,
2011-07-03 00:00:00+00:00,,
2011-07-04 00:00:00+00:00,,
2011-07-05 00:00:00+00:00,,
2011-07-06 00:00:00+00:00,,
2011-07-07 00:00:00+00:00,,
2011-07-08 00:00:00+00:00,,
2011-07-09 00:00:00+00:00,,
2011-07-10 00:00:00+00:00,,
2011-07-11 00:00:00+00:00,,
2011-07-12 00:00:00+00:00,,
2011-07-13 00:00:00+00:00,,
2011-07-14 00:00:00+00:00,,
2011-07-15 00:00:00+00:00,,
2011-07-16 00:00:00+00:00,,
2011-07-17 00:00:00+00:00,,
2011-07-18 00:00:00+00:00,,
2011-07-19 00:00:00+00:00,,
2011-07-20 00:00:00+00:00,,
2011-07-21 00:00:00+00:00,,
2011-07-22 00:00:00+00:00,,
2011-07-23 00:00:00+00:00,,
2011-07-24 00:00:00+00:00,,
2011-07-25 00:00:00+00:00,,
2011-07-26 00:00:00+00:00,,
2011-07-27 00:00:00+00:00,,
2011-07-28 00:00:00+00:00,,
2011-07-29 00:00:00+00:00,,
2011-07-30 00:00:00+00:00,,
2011-07-31 00:00:00+00:00,,
2011-08-01 00:00:00+00:00,,
2011-08-02 00:00:00+00:00,,
2011-08-03 00:00:00+00:00,,
2011-08-04 00:00:00+00:00,,
2011-08-05 00:00:00+00:00,,
2011-08-06 00:00:00+00:00,,
2011-08-07 00:00:00+00:00,,
2011-08-08 00:00:00+00:00,,
2011-08-09 00:00:00+00:00,,
2011-08-10 00:00:00+00:00,,
2011-08-11 00:00:00+00:00,,
2011-08-12 00:00:00+00:00,,
2011-08-13 00:00:00+00:00,,
2011-08-14 00:00:00+00:00,,
2011-08-15 00:00:00+00:00,,
2011-08-16 00:00:00+00:00,,
2011-08-17 00:00:00+00:00,,
2011-08-18 00:00:00+00:00,,
2011-08-19 00:00:00+00:00,,
2011-08-20 00:00:00+00:00,,
2011-08-21 00:00:00+00:00,,
2011-08-22 00:00:00+00:00,,
2011-08-23 00:00:00+00:00,,
2011-08-24 00:00:00+00:00,,
2011-08-25 00:00:00+00:00,,
2011-08-26 00:00:00+00:00,,
2011-08-27 00:00:00+00:00,,
2011-08-28 00:00:00+00:00,,
2011-08-29 00:00:00+00:00,,
2011-08-30 00:00:00+00:00,,
2011-08-31 00:00:00+00:00,,
2011-09-01 00:00:00+00:00,,
2011-09-02 00:00:00+00:00,,
2011-09-03 00:00:00+00:00,,
2011-09-04 00:00:00+00:00,,
2011-09-05 00:00:00+00:00,,
2011-09-06 00:00:00+00:00,,
2011-09-07 00:00:00+00:00,,
2011-09-08 00:00:00+00:00,,
2011-09-09 00:00:00+00:00,,
2011-09-10 00:00:00+00:00,,
2011-09-11 00:00:00+00:00,,
2011-09-12 00:00:00+00:00,,
2011-09-13 00:00:00+00:00,,
2011-09-14 00:00:00+00:00,,
2011-09-15 00:00:00+00:00,,
2011-09-16 00:00:00+00:00,,
2011-09-17 00:00:00+00:00,,
2011-09-18 00:00:00+00:00,,
2011-09-19 00:00:00+00:00,,
2011-09-20 00:00:00+00:00,,
2011-09-21 00:00:00+00:00,,
2011-09-22 00:00:00+00:00,,
2011-09-23 00:00:00+00:00,,
2011-09-24 00:00:00+00:00,,
2011-09-25 00:00:00+00:00,,
2011-09-26 00:00:00+00:00,,
2011-09-27 00:00:00+00:00,,
2011-09-28 00:00:00+00:00,,
2011-09-29 00:00:00+00:00,,
2011-09-30 00:00:00+00:00,31737.16911764706,17.46470588235294
2011-10-01 00:00:00+00:00,31707.100694444445,17.543055555555554
2011-10-02 00:00:00+00:00,31656.85763888889,17.678472222222222
2011-10-03 00:00:00+00:00,31684.51652892562,17.707438016528926
2011-10-04 00:00:00+00:00,31909.227272727272,17.75050505050505
2011-10-05 00:00:00+00:00,32323.89236111111,17.553819444444443
2011-10-06 00:00:00+00:00,33644.229166666664,16.95590277777778
2011-10-07 00:00:00+00:00,33761.03125,16.057291666666668
2011-10-08 00:00:00+00:00,32627.743055555555,15.685416666666665
2011-10-09 00:00:00+00:00,32557.552083333332,15.457638888888889
2011-10-10 00:00:00+00:00,33245.243055555555,15.288888888888888
2011-10-11 00:00:00+00:00,33777.541666666664,15.291319444444444
2011-10-12 00:00:00+00:00,33750.07638888889,15.50902777777778
2011-10-13 00:00:00+00:00,33403.01388888889,15.331249999999999
2011-10-14 00:00:00+00:00,33012.538194444445,15.065624999999999
2011-10-15 00:00:00+00:00,32714.899305555555,14.654861111111112
2011-10-16 00:00:00+00:00,32601.322916666668,14.285763888888889
2011-10-17 00:00:00+00:00,32571.038194444445,14.103124999999999
2011-10-18 00:00:00+00:00,33269.416666666664,14.246180555555554
2011-10-19 00:00:00+00:00,33368.70138888889,13.661458333333334
2011-10-20 00:00:00+00:00,31821.565972222223,13.57951388888889
2011-10-21 00:00:00+00:00,31619.770833333332,13.521527777777777
2011-10-22 00:00:00+00:00,32021.166666666668,13.325
2011-10-23 00:00:00+00:00,32185.052083333332,12.805555555555555
2011-10-24 00:00:00+00:00,31899.635416666668,12.217708333333333
2011-10-25 00:00:00+00:00,32053.90625,12.009027777777778
2011-10-26 00:00:00+00:00,32325.3125,11.838541666666666
2011-10-27 00:00:00+00:00,32369.291666666668,11.700694444444444
2011-10-28 00:00:00+00:00,32304.39236111111,11.947569444444445
2011-10-29 00:00:00+00:00,32147.381944444445,12.260069444444445
2011-10-30 00:00:00+00:00,32209.715277777777,12.437152777777778
2011-10-31 00:00:00+00:00,32170.118055555555,12.664930555555555
2011-11-01 00:00:00+00:00,32329.95486111111,12.764583333333333
2011-11-02 00:00:00+00:00,32333.059027777777,12.783680555555556
2011-11-03 00:00:00+00:00,32563.819444444445,12.843402777777778
2011-11-04 00:00:00+00:00,32972.069444444445,12.953819444444445
2011-11-05 00:00:00+00:00,33100.59027777778,13.049305555555556
2011-11-06 00:00:00+00:00,32997.40972222222,13.137152777777779
2011-11-07 00:00:00+00:00,33369.54861111111,13.244791666666666
2011-11-08 00:00:00+00:00,33439.84375,12.995138888888889
2011-11-09 00:00:00+00:00,33271.833333333336,12.70486111111111
2011-11-10 00:00:00+00:00,33133.416666666664,12.481597222222222
2011-11-11 00:00:00+00:00,33096.881944444445,12.174652777777778
2011-11-12 00:00:00+00:00,33047.50347222222,11.49861111111111
2011-11-13 00:00:00+00:00,33033.961805555555,11.553125000000001
2011-11-14 00:00:00+00:00,32971.229166666664,11.589236111111111
2011-11-15 00:00:00+00:00,33001.65277777778,11.522569444444445
2011-11-16 00:00:00+00:00,33075.729166666664,11.130208333333334
2011-11-17 00:00:00+00:00,33140.37847222222,10.364930555555555
2011-11-18 00:00:00+00:00,33182.0,9.939583333333333
2011-11-19 00:00:00+00:00,33113.0625,9.770833333333334
2011-11-20 00:00:00+00:00,33116.51736111111,9.989583333333334
2011-11-21 00:00:00+00:00,33117.40625,10.102777777777778
2011-11-22 00:00:00+00:00,33149.756944444445,9.949652777777779
2011-11-23 00:00:00+00:00,33214.336805555555,9.95486111111111
2011-11-24 00:00:00+00:00,33264.958333333336,10.048958333333333
2011-11-25 00:00:00+00:00,33474.197916666664,9.6375
2011-11-26 00:00:00+00:00,33524.572916666664,9.664236111111112
2011-11-27 00:00:00+00:00,34080.11111111111,9.841666666666667
2011-11-28 00:00:00+00:00,33897.64236111111,9.850694444444445
2011-11-29 00:00:00+00:00,34091.725694444445,9.593402777777778
2011-11-30 00:00:00+00:00,34544.34027777778,9.417361111111111
2011-12-01 00:00:00+00:00,34633.118055555555,9.394791666666666
2011-12-02 00:00:00+00:00,34273.368055555555,9.192361111111111
2011-12-03 00:00:00+00:00,34662.395833333336,9.286458333333334
2011-12-04 00:00:00+00:00,34815.35763888889,9.181944444444445
2011-12-05 00:00:00+00:00,34922.118055555555,9.115277777777777
2011-12-06 00:00:00+00:00,34905.92013888889,9.022222222222222
2011-12-07 00:00:00+00:00,34723.90972222222,8.809027777777779
2011-12-08 00:00:00+00:00,34602.78472222222,8.399652777777778
2011-12-09 00:00:00+00:00,34542.243055555555,8.378819444444444
2011-12-10 00:00:00+00:00,34412.927083333336,7.653819444444445
2011-12-11 00:00:00+00:00,34250.354166666664,7.107638888888889
2011-12-12 00:00:00+00:00,34255.711805555555,7.051041666666666
2011-12-13 00:00:00+00:00,34518.37847222222,7.539930555555555
2011-12-14 00:00:00+00:00,34144.65277777778,7.440625000000001
2011-12-15 00:00:00+00:00,34388.61111111111,6.972569444444444
2011-12-16 00:00:00+00:00,33581.541666666664,6.796180555555555
2011-12-17 00:00:00+00:00,32317.399305555555,6.6
2011-12-18 00:00:00+00:00,30738.434027777777,6.795486111111111
2011-12-19 00:00:00+00:00,30095.78148148148,6.620833333333334
2011-12-20 00:00:00+00:00,29816.88888888889,6.539930555555555
2011-12-21 00:00:00+00:00,27425.006944444445,6.700347222222223
2011-12-22 00:00:00+00:00,28465.184027777777,6.878819444444444
2011-12-23 00:00:00+00:00,30123.4375,7.066319444444444
2011-12-24 00:00:00+00:00,28374.555555555555,7.033680555555556
2011-12-25 00:00:00+00:00,29608.604166666668,7.088888888888889
2011-12-26 00:00:00+00:00,30716.538194444445,7.253472222222222
2011-12-27 00:00:00+00:00,31215.225694444445,7.3916666666666675
2011-12-28 00:00:00+00:00,30269.3125,7.330902777777778
2011-12-29 00:00:00+00:00,32541.67361111111,7.178472222222222
2011-12-30 00:00:00+00:00,29085.01388888889,6.909375000000001
2011-12-31 00:00:00+00:00,24513.0,6.85
2012-01-01 00:00:00+00:00,32034.916666666668,7.332986111111111
2012-01-02 00:00:00+00:00,32997.510416666664,7.520833333333333
2012-01-03 00:00:00+00:00,33961.114583333336,7.236458333333333
2012-01-04 00:00:00+00:00,33811.885416666664,6.880555555555556
2012-01-05 00:00:00+00:00,33409.875,6.928125
2012-01-06 00:00:00+00:00,29287.639097744363,6.7875
2012-01-07 00:00:00+00:00,26109.96875,6.817013888888889
2012-01-08 00:00:00+00:00,23356.947916666668,6.892013888888889
2012-01-09 00:00:00+00:00,24770.975694444445,7.029513888888889
2012-01-10 00:00:00+00:00,24096.11111111111,7.097569444444444
2012-01-11 00:00:00+00:00,25496.11111111111,7.164930555555555
2012-01-12 00:00:00+00:00,26601.07638888889,7.16736111111111
2012-01-13 00:00:00+00:00,27362.211805555555,7.1875
2012-01-14 00:00:00+00:00,27787.184027777777,7.175694444444444
2012-01-15 00:00:00+00:00,28238.78125,7.12951388888889
2012-01-16 00:00:00+00:00,28940.28125,7.038194444444445
2012-01-17 00:00:00+00:00,29186.29861111111,6.898263888888889
2012-01-18 00:00:00+00:00,29704.305555555555,6.715972222222223
2012-01-19 00:00:00+00:00,30568.430555555555,6.520486111111111
2012-01-20 00:00:00+00:00,29820.618055555555,6.235416666666667
2012-01-21 00:00:00+00:00,29144.51736111111,6.351388888888889
2012-01-22 00:00:00+00:00,28326.774305555555,6.3225694444444445
2012-01-23 00:00:00+00:00,25673.26388888889,6.314583333333333
2012-01-24 00:00:00+00:00,25361.555555555555,6.378472222222222
2012-01-25 00:00:00+00:00,26635.04861111111,6.426388888888889
2012-01-26 00:00:00+00:00,28413.909722222223,6.461111111111111
2012-01-27 00:00:00+00:00,29554.149305555555,6.394444444444444
2012-01-28 00:00:00+00:00,30105.184027777777,6.391666666666667
2012-01-29 00:00:00+00:00,30037.03125,6.354861111111111
2012-01-30 00:00:00+00:00,30733.4375,6.281597222222222
2012-01-31 00:00:00+00:00,30369.375,6.100694444444445
2012-02-01 00:00:00+00:00,31438.854166666668,5.722222222222222
2012-02-02 00:00:00+00:00,32594.03125,5.621180555555556
2012-02-03 00:00:00+00:00,32629.57638888889,5.419097222222223
2012-02-04 00:00:00+00:00,32127.354166666668,4.548263888888889
2012-02-05 00:00:00+00:00,31927.26736111111,3.736111111111111
2012-02-06 00:00:00+00:00,31812.802083333332,3.381597222222222
2012-02-07 00:00:00+00:00,31314.5,3.3138888888888887
2012-02-08 00:00:00+00:00,31257.23611111111,4.015625
2012-02-09 00:00:00+00:00,30952.53125,3.843402777777778
2012-02-10 00:00:00+00:00,30566.090277777777,3.504513888888889
2012-02-11 00:00:00+00:00,30235.5625,3.167708333333333
2012-02-12 00:00:00+00:00,30122.95138888889,3.0756944444444443
2012-02-13 00:00:00+00:00,30036.163194444445,3.185763888888889
2012-02-14 00:00:00+00:00,30105.614583333332,3.847916666666667
2012-02-15 00:00:00+00:00,29710.104166666668,4.015625
2012-02-16 00:00:00+00:00,29264.39236111111,4.045833333333333
2012-02-17 00:00:00+00:00,29387.288194444445,4.179513888888889
2012-02-18 00:00:00+00:00,29803.725694444445,4.426388888888889
2012-02-19 00:00:00+00:00,30089.621527777777,4.444097222222222
2012-02-20 00:00:00+00:00,29453.79861111111,4.389236111111112
2012-02-21 00:00:00+00:00,29755.0,4.459722222222222
2012-02-22 00:00:00+00:00,30198.01388888889,4.6298611111111105
2012-02-23 00:00:00+00:00,30924.82986111111,4.847222222222222
2012-02-24 00:00:00+00:00,31003.475694444445,5.112500000000001
2012-02-25 00:00:00+00:00,30519.034722222223,5.144791666666666
2012-02-26 00:00:00+00:00,30437.82638888889,5.094791666666667
2012-02-27 00:00:00+00:00,30456.725694444445,5.134375
2012-02-28 00:00:00+00:00,30757.8125,5.201041666666667
2012-02-29 00:00:00+00:00,31292.340277777777,5.251736111111111
2012-03-01 00:00:00+00:00,31649.309027777777,5.288888888888889
2012-03-02 00:00:00+00:00,31768.85763888889,5.3805555555555555
2012-03-03 00:00:00+00:00,32246.086805555555,5.426388888888889
2012-03-04 00:00:00+00:00,32417.458333333332,5.527083333333334
2012-03-05 00:00:00+00:00,32483.274305555555,5.545138888888889
2012-03-06 00:00:00+00:00,32457.746527777777,5.431597222222222
2012-03-07 00:00:00+00:00,32203.809027777777,5.413194444444445
2012-03-08 00:00:00+00:00,31999.472222222223,5.412847222222222
2012-03-09 00:00:00+00:00,31675.180555555555,5.576041666666667
2012-03-10 00:00:00+00:00,31566.39236111111,5.797916666666667
2012-03-11 00:00:00+00:00,31240.520833333332,6.004166666666666
2012-03-12 00:00:00+00:00,30902.159722222223,6.102430555555555
2012-03-13 00:00:00+00:00,30309.527777777777,6.170486111111111
2012-03-14 00:00:00+00:00,30286.79861111111,6.18125
2012-03-15 00:00:00+00:00,30411.90625,6.102430555555555
2012-03-16 00:00:00+00:00,30537.121527777777,6.135416666666667
2012-03-17 00:00:00+00:00,30662.399305555555,6.237500000000001
2012-03-18 00:00:00+00:00,30716.947916666668,6.361111111111111
2012-03-19 00:00:00+00:00,30722.211805555555,6.53125
2012-03-20 00:00:00+00:00,30770.260416666668,6.581597222222222
2012-03-21 00:00:00+00:00,30806.899305555555,6.704513888888889
2012-03-22 00:00:00+00:00,30689.277777777777,6.8649305555555555
2012-03-23 00:00:00+00:00,30644.934027777777,7.06875
2012-03-24 00:00:00+00:00,30617.118055555555,7.308680555555556
2012-03-25 00:00:00+00:00,30600.45138888889,7.472916666666666
2012-03-26 00:00:00+00:00,30615.940972222223,7.554513888888888
2012-03-27 00:00:00+00:00,30538.399305555555,7.586111111111112
2012-03-28 00:00:00+00:00,30564.802083333332,7.711111111111112
2012-03-29 00:00:00+00:00,30537.003472222223,7.814930555555555
2012-03-30 00:00:00+00:00,30531.503472222223,7.681597222222223
2012-03-31 00:00:00+00:00,30544.586805555555,7.597916666666666
2012-04-01 00:00:00+00:00,30447.354166666668,7.315277777777778
2012-04-02 00:00:00+00:00,30512.54513888889,7.37951388888889
2012-04-03 00:00:00+00:00,30698.90625,7.5635416666666675
2012-04-04 00:00:00+00:00,30776.260416666668,7.743402777777778
2012-04-05 00:00:00+00:00,30777.961805555555,7.838888888888889
2012-04-06 00:00:00+00:00,30800.79861111111,7.8225694444444445
2012-04-07 00:00:00+00:00,30850.434027777777,7.94201388888889
2012-04-08 00:00:00+00:00,30776.052083333332,7.8850694444444445
2012-04-09 00:00:00+00:00,30854.78125,7.952777777777778
2012-04-10 00:00:00+00:00,30908.041666666668,8.205555555555556
2012-04-11 00:00:00+00:00,30948.034722222223,8.419444444444444
2012-04-12 00:00:00+00:00,30868.6875,8.534722222222221
2012-04-13 00:00:00+00:00,30865.725694444445,8.609375
2012-04-14 00:00:00+00:00,30906.260416666668,8.62638888888889
2012-04-15 00:00:00+00:00,30817.802083333332,8.236805555555556
2012-04-16 00:00:00+00:00,30852.253472222223,7.965624999999999
2012-04-17 00:00:00+00:00,30751.666666666668,7.870138888888889
2012-04-18 00:00:00+00:00,30902.993055555555,7.886458333333334
2012-04-19 00:00:00+00:00,30836.819444444445,8.024652777777778
2012-04-20 00:00:00+00:00,30855.135416666668,8.26875
2012-04-21 00:00:00+00:00,30773.493055555555,8.59236111111111
2012-04-22 00:00:00+00:00,30754.527777777777,8.981944444444444
2012-04-23 00:00:00+00:00,30760.774305555555,9.252430555555556
2012-04-24 00:00:00+00:00,30252.277777777777,9.434027777777779
2012-04-25 00:00:00+00:00,29932.489583333332,9.68888888888889
2012-04-26 00:00:00+00:00,30088.072916666668,9.506944444444445
2012-04-27 00:00:00+00:00,29983.73263888889,9.700694444444444
2012-04-28 00:00:00+00:00,29568.277777777777,9.705555555555556
2012-04-29 00:00:00+00:00,29069.927083333332,9.230208333333334
2012-04-30 00:00:00+00:00,28896.989583333332,9.395486111111111
2012-05-01 00:00:00+00:00,28550.309027777777,9.684722222222222
2012-05-02 00:00:00+00:00,28091.79513888889,9.965625
2012-05-03 00:00:00+00:00,27757.04861111111,10.085763888888888
2012-05-04 00:00:00+00:00,27292.559027777777,10.14861111111111
2012-05-05 00:00:00+00:00,26704.600694444445,9.93923611111111
2012-05-06 00:00:00+00:00,26217.243055555555,9.700694444444444
2012-05-07 00:00:00+00:00,25851.67361111111,9.788541666666667
2012-05-08 00:00:00+00:00,25693.836805555555,9.988194444444444
2012-05-09 00:00:00+00:00,25734.944444444445,10.136458333333334
2012-05-10 00:00:00+00:00,25892.177083333332,10.463194444444445
2012-05-11 00:00:00+00:00,26203.510416666668,10.95173611111111
2012-05-12 00:00:00+00:00,26415.128472222223,10.938541666666667
2012-05-13 00:00:00+00:00,26681.15625,10.86111111111111
2012-05-14 00:00:00+00:00,27079.333333333332,11.020833333333334
2012-05-15 00:00:00+00:00,27540.322916666668,11.177430555555555
2012-05-16 00:00:00+00:00,27198.836805555555,10.924652777777778
2012-05-17 00:00:00+00:00,27828.756944444445,10.929166666666667
2012-05-18 00:00:00+00:00,28322.197916666668,10.921180555555557
2012-05-19 00:00:00+00:00,28604.51388888889,11.188541666666667
2012-05-20 00:00:00+00:00,28619.149305555555,11.443055555555555
2012-05-21 00:00:00+00:00,28848.11111111111,11.633333333333333
2012-05-22 00:00:00+00:00,29020.07638888889,11.990972222222222
2012-05-23 00:00:00+00:00,29182.48263888889,12.384722222222223
2012-05-24 00:00:00+00:00,29097.01388888889,12.85798611111111
2012-05-25 00:00:00+00:00,29037.40625,13.240625000000001
2012-05-26 00:00:00+00:00,29105.697916666668,13.23125
2012-05-27 00:00:00+00:00,29086.503472222223,13.537847222222222
2012-05-28 00:00:00+00:00,29144.51388888889,13.801388888888889
2012-05-29 00:00:00+00:00,29352.9375,14.011458333333334
2012-05-30 00:00:00+00:00,29578.447916666668,14.076041666666667
2012-05-31 00:00:00+00:00,29739.850694444445,14.366319444444445
2012-06-01 00:00:00+00:00,29828.520833333332,14.375347222222224
2012-06-02 00:00:00+00:00,29829.631944444445,14.205555555555556
2012-06-03 00:00:00+00:00,29785.260416666668,13.863194444444444
2012-06-04 00:00:00+00:00,29739.61111111111,13.35763888888889
2012-06-05 00:00:00+00:00,29577.059027777777,13.219444444444443
2012-06-06 00:00:00+00:00,29410.788194444445,13.587152777777778
2012-06-07 00:00:00+00:00,29336.868055555555,13.952777777777778
2012-06-08 00:00:00+00:00,29610.805555555555,14.159027777777778
2012-06-09 00:00:00+00:00,30831.184027777777,14.027777777777779
2012-06-10 00:00:00+00:00,30696.003472222223,14.133333333333333
2012-06-11 00:00:00+00:00,30526.666666666668,14.511458333333334
2012-06-12 00:00:00+00:00,30250.128472222223,14.625
2012-06-13 00:00:00+00:00,29944.430555555555,14.497916666666665
2012-06-14 00:00:00+00:00,29688.416666666668,14.764236111111112
2012-06-15 00:00:00+00:00,29695.42361111111,14.811111111111112
2012-06-16 00:00:00+00:00,29739.072916666668,15.173263888888888
2012-06-17 00:00:00+00:00,30119.864583333332,15.376388888888888
2012-06-18 00:00:00+00:00,29749.972222222223,15.710069444444445
2012-06-19 00:00:00+00:00,29636.64236111111,15.897569444444445
2012-06-20 00:00:00+00:00,29642.583333333332,15.913888888888888
2012-06-21 00:00:00+00:00,29709.847222222223,15.902430555555554
2012-06-22 00:00:00+00:00,30167.371527777777,15.96388888888889
2012-06-23 00:00:00+00:00,30993.458333333332,16.123611111111114
2012-06-24 00:00:00+00:00,31412.23263888889,15.981597222222222
2012-06-25 00:00:00+00:00,31168.979166666668,15.960416666666667
2012-06-26 00:00:00+00:00,30667.79513888889,16.080555555555556
2012-06-27 00:00:00+00:00,30689.57638888889,16.25486111111111
2012-06-28 00:00:00+00:00,30941.36111111111,16.427777777777777
2012-06-29 00:00:00+00:00,31110.006944444445,16.7125
2012-06-30 00:00:00+00:00,31344.04513888889,17.118055555555557
2012-07-01 00:00:00+00:00,31708.965277777777,17.29201388888889
2012-07-02 00:00:00+00:00,31808.996527777777,17.061111111111114
2012-07-03 00:00:00+00:00,31784.084388185653,17.33298611111111
2012-07-04 00:00:00+00:00,31721.752851711026,17.515972222222224
2012-07-05 00:00:00+00:00,31633.472222222223,17.78576388888889
2012-07-06 00:00:00+00:00,31038.194444444445,17.922222222222224
2012-07-07 00:00:00+00:00,31175.01736111111,17.962152777777778
2012-07-08 00:00:00+00:00,31458.166666666668,17.98611111111111
2012-07-09 00:00:00+00:00,31440.666666666668,18.147916666666667
2012-07-10 00:00:00+00:00,31848.26736111111,18.072916666666668
2012-07-11 00:00:00+00:00,32623.86111111111,17.83888888888889
2012-07-12 00:00:00+00:00,33571.833333333336,17.55138888888889
2012-07-13 00:00:00+00:00,33419.427083333336,17.63125
2012-07-14 00:00:00+00:00,33662.50347222222,17.49513888888889
2012-07-15 00:00:00+00:00,32707.197916666668,17.51076388888889
2012-07-16 00:00:00+00:00,33007.239583333336,17.32465277777778
2012-07-17 00:00:00+00:00,33253.70238095238,17.361507936507937
2012-07-18 00:00:00+00:00,33281.29824561404,17.503947368421052
2012-07-19 00:00:00+00:00,32950.243055555555,17.482986111111114
2012-07-20 00:00:00+00:00,31665.910394265233,17.44236111111111
2012-07-21 00:00:00+00:00,31019.711805555555,17.586111111111112
2012-07-22 00:00:00+00:00,30581.40625,17.806597222222223
2012-07-23 00:00:00+00:00,29676.8125,18.056597222222223
2012-07-24 00:00:00+00:00,30474.520833333332,18.312152777777776
2012-07-25 00:00:00+00:00,30709.774305555555,18.43576388888889
2012-07-26 00:00:00+00:00,30483.26736111111,18.768055555555556
2012-07-27 00:00:00+00:00,30932.284722222223,18.892013888888886
2012-07-28 00:00:00+00:00,31191.850694444445,18.853125
2012-07-29 00:00:00+00:00,31461.215277777777,18.867708333333333
2012-07-30 00:00:00+00:00,31635.947916666668,18.819444444444443
2012-07-31 00:00:00+00:00,31990.524305555555,18.492708333333333
2012-08-01 00:00:00+00:00,32092.152777777777,18.428819444444443
2012-08-02 00:00:00+00:00,32111.493055555555,18.661458333333332
2012-08-03 00:00:00+00:00,31869.39236111111,18.931597222222223
2012-08-04 00:00:00+00:00,31944.92361111111,19.06736111111111
2012-08-05 00:00:00+00:00,31855.649305555555,19.181597222222223
2012-08-06 00:00:00+00:00,32053.95138888889,19.241666666666667
2012-08-07 00:00:00+00:00,32552.07638888889,19.041319444444444
2012-08-08 00:00:00+00:00,32726.569444444445,18.885416666666668
2012-08-09 00:00:00+00:00,32334.17013888889,19.019444444444446
2012-08-10 00:00:00+00:00,32254.010416666668,19.186805555555555
2012-08-11 00:00:00+00:00,32377.854166666668,19.364583333333332
2012-08-12 00:00:00+00:00,32510.541666666668,19.266319444444445
2012-08-13 00:00:00+00:00,32738.89236111111,19.20486111111111
2012-08-14 00:00:00+00:00,32510.29861111111,19.398611111111112
2012-08-15 00:00:00+00:00,32419.899305555555,19.665277777777778
2012-08-16 00:00:00+00:00,32686.041666666668,19.842708333333334
2012-08-17 00:00:00+00:00,32706.784722222223,20.040277777777778
2012-08-18 00:00:00+00:00,32798.37152777778,20.280902777777776
2012-08-19 00:00:00+00:00,32620.006944444445,20.568055555555556
2012-08-20 00:00:00+00:00,32480.447916666668,20.83263888888889
2012-08-21 00:00:00+00:00,32501.277777777777,20.896180555555556
2012-08-22 00:00:00+00:00,32724.39236111111,20.863194444444446
2012-08-23 00:00:00+00:00,32674.729166666668,20.661805555555556
2012-08-24 00:00:00+00:00,32476.350993377484,20.557291666666668
2012-08-25 00:00:00+00:00,32858.3125,20.222569444444446
2012-08-26 00:00:00+00:00,33529.666666666664,19.530555555555555
2012-08-27 00:00:00+00:00,33016.75,19.369791666666668
2012-08-28 00:00:00+00:00,33570.583333333336,19.35486111111111
2012-08-29 00:00:00+00:00,33410.368055555555,19.344097222222224
2012-08-30 00:00:00+00:00,33513.479166666664,19.225347222222222
2012-08-31 00:00:00+00:00,32903.083333333336,18.896180555555556
2012-09-01 00:00:00+00:00,32450.868055555555,18.67465277777778
2012-09-02 00:00:00+00:00,32313.194444444445,18.52013888888889
2012-09-03 00:00:00+00:00,32107.166666666668,18.648611111111112
2012-09-04 00:00:00+00:00,32083.793859649122,18.941319444444446
2012-09-05 00:00:00+00:00,32164.166666666668,19.13125
2012-09-06 00:00:00+00:00,32458.069444444445,18.962152777777778
2012-09-07 00:00:00+00:00,32530.61111111111,18.914930555555557
2012-09-08 00:00:00+00:00,32616.29513888889,19.046180555555555
2012-09-09 00:00:00+00:00,32873.90972222222,19.17465277777778
2012-09-10 00:00:00+00:00,33335.76736111111,19.166666666666668
2012-09-11 00:00:00+00:00,33699.305555555555,19.013541666666665
2012-09-12 00:00:00+00:00,33666.697916666664,18.589930555555554
2012-09-13 00:00:00+00:00,33588.104166666664,18.178472222222222
2012-09-14 00:00:00+00:00,33650.78472222222,17.714930555555554
2012-09-15 00:00:00+00:00,33400.42013888889,17.278819444444444
2012-09-16 00:00:00+00:00,33289.21875,17.127083333333335
2012-09-17 00:00:00+00:00,33521.11111111111,16.997569444444444
2012-09-18 00:00:00+00:00,33761.09027777778,16.86215277777778
2012-09-19 00:00:00+00:00,33323.82986111111,16.633333333333333
2012-09-20 00:00:00+00:00,33108.40972222222,16.410416666666666
2012-09-21 00:00:00+00:00,33119.15277777778,16.092708333333334
2012-09-22 00:00:00+00:00,33205.14236111111,16.23888888888889
2012-09-23 00:00:00+00:00,33290.01388888889,16.318055555555556
2012-09-24 00:00:00+00:00,33859.99652777778,16.150694444444447
2012-09-25 00:00:00+00:00,34876.90972222222,15.505902777777777
2012-09-26 00:00:00+00:00,35335.104166666664,15.428125000000001
2012-09-27 00:00:00+00:00,35110.04861111111,15.129513888888889
2012-09-28 00:00:00+00:00,34932.569444444445,14.792708333333334
2012-09-29 00:00:00+00:00,35015.635416666664,14.815277777777778
2012-09-30 00:00:00+00:00,34590.791666666664,14.613888888888889
2012-10-01 00:00:00+00:00,34553.15277777778,14.605555555555554
2012-10-02 00:00:00+00:00,34365.90625,14.696180555555555
2012-10-03 00:00:00+00:00,34448.40625,14.886805555555554
2012-10-04 00:00:00+00:00,34374.75347222222,14.637500000000001
2012-10-05 00:00:00+00:00,34269.5,14.715972222222222
2012-10-06 00:00:00+00:00,33761.97222222222,14.542361111111111
2012-10-07 00:00:00+00:00,33019.649305555555,14.402430555555554
2012-10-08 00:00:00+00:00,32633.618055555555,14.472569444444446
2012-10-09 00:00:00+00:00,32302.003472222223,14.50902777777778
2012-10-10 00:00:00+00:00,32174.541666666668,14.549652777777778
2012-10-11 00:00:00+00:00,32141.371527777777,14.352430555555555
2012-10-12 00:00:00+00:00,32203.246527777777,14.012847222222222
2012-10-13 00:00:00+00:00,32604.208333333332,13.706597222222221
2012-10-14 00:00:00+00:00,32501.270833333332,13.003472222222221
2012-10-15 00:00:00+00:00,31823.604166666668,12.541666666666666
2012-10-16 00:00:00+00:00,32225.67013888889,12.583680555555555
2012-10-17 00:00:00+00:00,32558.833333333332,12.710763888888888
2012-10-18 00:00:00+00:00,32624.930555555555,12.820833333333333
2012-10-19 00:00:00+00:00,32053.260416666668,13.115277777777777
2012-10-20 00:00:00+00:00,31785.215277777777,13.340277777777779
2012-10-21 00:00:00+00:00,30786.95486111111,13.56076388888889
2012-10-22 00:00:00+00:00,31211.54513888889,13.691666666666666
2012-10-23 00:00:00+00:00,31232.291666666668,13.797916666666667
2012-10-24 00:00:00+00:00,31333.149305555555,13.852777777777778
2012-10-25 00:00:00+00:00,31479.319444444445,13.829166666666667
2012-10-26 00:00:00+00:00,31464.239583333332,13.485069444444443
2012-10-27 00:00:00+00:00,31792.041666666668,13.115625000000001
2012-10-28 00:00:00+00:00,31435.659722222223,12.692361111111111
2012-10-29 00:00:00+00:00,31376.052083333332,11.807986111111111
2012-10-30 00:00:00+00:00,31099.79861111111,11.242708333333333
2012-10-31 00:00:00+00:00,30947.725694444445,10.942708333333334
2012-11-01 00:00:00+00:00,31555.0,10.873958333333333
2012-11-02 00:00:00+00:00,32848.06597222222,10.947222222222223
2012-11-03 00:00:00+00:00,33326.67361111111,10.354861111111111
2012-11-04 00:00:00+00:00,33182.5625,10.025694444444445
2012-11-05 00:00:00+00:00,33370.84375,10.135763888888889
2012-11-06 00:00:00+00:00,32961.430555555555,9.785416666666666
2012-11-07 00:00:00+00:00,33048.45486111111,9.872916666666667
2012-11-08 00:00:00+00:00,33390.944444444445,10.277430555555556
2012-11-09 00:00:00+00:00,32729.57986111111,10.22013888888889
2012-11-10 00:00:00+00:00,33087.208333333336,10.107291666666667
2012-11-11 00:00:00+00:00,32601.052083333332,9.953819444444443
2012-11-12 00:00:00+00:00,31617.38888888889,9.825
2012-11-13 00:00:00+00:00,32330.916666666668,9.594791666666667
2012-11-14 00:00:00+00:00,32260.052083333332,9.761458333333334
2012-11-15 00:00:00+00:00,31694.5,9.994791666666666
2012-11-16 00:00:00+00:00,31284.864583333332,10.018402777777778
2012-11-17 00:00:00+00:00,30932.302083333332,9.703819444444443
2012-11-18 00:00:00+00:00,30697.069444444445,9.803125000000001
2012-11-19 00:00:00+00:00,30474.64236111111,9.852083333333333
2012-11-20 00:00:00+00:00,31203.368055555555,9.788888888888888
2012-11-21 00:00:00+00:00,31864.225694444445,9.58125
2012-11-22 00:00:00+00:00,32626.340277777777,9.425694444444444
2012-11-23 00:00:00+00:00,33229.37847222222,9.164236111111112
2012-11-24 00:00:00+00:00,33018.867647058825,8.94375
2012-11-25 00:00:00+00:00,33272.26736111111,8.752777777777778
2012-11-26 00:00:00+00:00,33220.072916666664,8.835416666666667
2012-11-27 00:00:00+00:00,33118.149305555555,8.647569444444445
2012-11-28 00:00:00+00:00,32861.302083333336,8.573611111111111
2012-11-29 00:00:00+00:00,32360.006944444445,8.707986111111111
2012-11-30 00:00:00+00:00,31795.746527777777,8.581597222222221
2012-12-01 00:00:00+00:00,31548.1875,8.247222222222222
2012-12-02 00:00:00+00:00,31084.13888888889,7.8760416666666675
2012-12-03 00:00:00+00:00,31085.402777777777,7.51111111111111
2012-12-04 00:00:00+00:00,30974.20486111111,7.107986111111111
2012-12-05 00:00:00+00:00,30821.364583333332,7.261805555555556
2012-12-06 00:00:00+00:00,29612.572916666668,7.473611111111111
2012-12-07 00:00:00+00:00,31231.63888888889,6.823958333333334
2012-12-08 00:00:00+00:00,31593.774305555555,6.88125
2012-12-09 00:00:00+00:00,32018.42361111111,6.894097222222222
2012-12-10 00:00:00+00:00,31054.166666666668,6.930555555555555
2012-12-11 00:00:00+00:00,30711.60763888889,7.065972222222222
2012-12-12 00:00:00+00:00,30169.628472222223,6.792708333333334
2012-12-13 00:00:00+00:00,30483.006944444445,6.588541666666667
2012-12-14 00:00:00+00:00,30668.92013888889,6.459722222222222
2012-12-15 00:00:00+00:00,31068.17013888889,6.199652777777778
2012-12-16 00:00:00+00:00,31448.993055555555,6.294791666666667
2012-12-17 00:00:00+00:00,31777.184027777777,6.382291666666666
2012-12-18 00:00:00+00:00,31815.534722222223,6.437847222222222
2012-12-19 00:00:00+00:00,31780.840277777777,6.518750000000001
2012-12-20 00:00:00+00:00,29203.333333333332,6.3225694444444445
2012-12-21 00:00:00+00:00,31194.76736111111,6.301041666666666
2012-12-22 00:00:00+00:00,30806.836805555555,6.263541666666667
2012-12-23 00:00:00+00:00,32031.743055555555,6.486111111111111
2012-12-24 00:00:00+00:00,31946.385416666668,6.563541666666667
2012-12-25 00:00:00+00:00,32144.368055555555,6.663194444444445
2012-12-26 00:00:00+00:00,30926.944444444445,6.656944444444445
2012-12-27 00:00:00+00:00,30842.416666666668,6.636805555555556
2012-12-28 00:00:00+00:00,27707.899305555555,6.665277777777778
2012-12-29 00:00:00+00:00,30183.54861111111,6.834027777777778
2012-12-30 00:00:00+00:00,31000.04861111111,6.919791666666667
2012-12-31 00:00:00+00:00,26332.0,7.05
2013-01-01 00:00:00+00:00,30207.104166666668,7.451388888888889
2013-01-02 00:00:00+00:00,27091.03125,7.338888888888889
2013-01-03 00:00:00+00:00,29527.708333333332,7.4631944444444445
2013-01-04 00:00:00+00:00,28656.701438848922,7.641007194244604
2013-01-05 00:00:00+00:00,27294.03076923077,7.699230769230769
2013-01-06 00:00:00+00:00,27286.680555555555,7.692361111111111
2013-01-07 00:00:00+00:00,28446.659722222223,7.730555555555556
2013-01-08 00:00:00+00:00,30334.472222222223,7.800347222222222
2013-01-09 00:00:00+00:00,31397.694444444445,7.852430555555555
2013-01-10 00:00:00+00:00,29861.76388888889,7.70763888888889
2013-01-11 00:00:00+00:00,30199.96875,7.70763888888889
2013-01-12 00:00:00+00:00,30306.225694444445,7.550694444444444
2013-01-13 00:00:00+00:00,29834.760416666668,7.197222222222223
2013-01-14 00:00:00+00:00,29914.652777777777,6.932291666666667
2013-01-15 00:00:00+00:00,29708.215277777777,6.398611111111111
2013-01-16 00:00:00+00:00,29899.444444444445,6.404166666666667
2013-01-17 00:00:00+00:00,30092.493055555555,6.300347222222222
2013-01-18 00:00:00+00:00,30061.45486111111,5.996527777777778
2013-01-19 00:00:00+00:00,30437.32986111111,5.834027777777778
2013-01-20 00:00:00+00:00,30906.07986111111,5.475
2013-01-21 00:00:00+00:00,31309.135416666668,5.161111111111111
2013-01-22 00:00:00+00:00,31888.20138888889,5.100694444444445
2013-01-23 00:00:00+00:00,32034.083333333332,4.9944444444444445
2013-01-24 00:00:00+00:00,31830.73263888889,4.757638888888889
2013-01-25 00:00:00+00:00,31588.666666666668,4.438541666666667
2013-01-26 00:00:00+00:00,31885.569444444445,3.6881944444444446
2013-01-27 00:00:00+00:00,32249.246527777777,3.145138888888889
2013-01-28 00:00:00+00:00,32589.586805555555,3.443402777777778
2013-01-29 00:00:00+00:00,32976.03472222222,3.8968749999999996
2013-01-30 00:00:00+00:00,32938.47222222222,4.407291666666667
2013-01-31 00:00:00+00:00,32799.19097222222,4.656597222222222
2013-02-01 00:00:00+00:00,32349.663194444445,4.639236111111111
2013-02-02 00:00:00+00:00,31008.597222222223,4.677777777777778
2013-02-03 00:00:00+00:00,28927.760416666668,4.745486111111111
2013-02-04 00:00:00+00:00,29630.871527777777,4.814583333333334
2013-02-05 00:00:00+00:00,29407.333333333332,4.782986111111111
2013-02-06 00:00:00+00:00,28144.54513888889,4.795833333333333
2013-02-07 00:00:00+00:00,27471.552083333332,5.079513888888889
2013-02-08 00:00:00+00:00,25288.90625,5.108680555555555
2013-02-09 00:00:00+00:00,26793.770833333332,5.049652777777777
2013-02-10 00:00:00+00:00,26457.840277777777,4.797569444444445
2013-02-11 00:00:00+00:00,27671.649305555555,4.574652777777778
2013-02-12 00:00:00+00:00,28487.0625,4.511805555555556
2013-02-13 00:00:00+00:00,28375.934027777777,4.512847222222223
2013-02-14 00:00:00+00:00,28406.993055555555,3.947569444444445
2013-02-15 00:00:00+00:00,29772.315972222223,3.775347222222222
2013-02-16 00:00:00+00:00,29594.524305555555,3.8968749999999996
2013-02-17 00:00:00+00:00,29775.510416666668,4.031597222222222
2013-02-18 00:00:00+00:00,29900.996527777777,4.071180555555555
2013-02-19 00:00:00+00:00,30125.48263888889,4.061458333333333
2013-02-20 00:00:00+00:00,29892.815972222223,4.065972222222222
2013-02-21 00:00:00+00:00,31185.663194444445,4.121874999999999
2013-02-22 00:00:00+00:00,31624.29513888889,4.049652777777777
2013-02-23 00:00:00+00:00,31527.708333333332,4.020138888888889
2013-02-24 00:00:00+00:00,31467.63888888889,4.202083333333333
2013-02-25 00:00:00+00:00,30231.149305555555,4.162152777777778
2013-02-26 00:00:00+00:00,29580.979166666668,4.126388888888888
2013-02-27 00:00:00+00:00,29095.104166666668,4.076041666666667
2013-02-28 00:00:00+00:00,28992.82638888889,4.032986111111111
2013-03-01 00:00:00+00:00,28610.649305555555,4.086805555555555
2013-03-02 00:00:00+00:00,28969.666666666668,4.1194444444444445
2013-03-03 00:00:00+00:00,28904.10763888889,4.124305555555555
2013-03-04 00:00:00+00:00,29037.260416666668,4.182986111111111
2013-03-05 00:00:00+00:00,29368.54861111111,4.270138888888889
2013-03-06 00:00:00+00:00,29567.524305555555,4.4065972222222225
2013-03-07 00:00:00+00:00,29906.663194444445,4.544444444444444
2013-03-08 00:00:00+00:00,30461.944444444445,4.699652777777778
2013-03-09 00:00:00+00:00,30765.097222222223,4.8597222222222225
2013-03-10 00:00:00+00:00,30390.51736111111,4.770833333333333
2013-03-11 00:00:00+00:00,30555.916666666668,4.342013888888889
2013-03-12 00:00:00+00:00,31000.836805555555,4.214930555555556
2013-03-13 00:00:00+00:00,29938.472222222223,4.002777777777777
2013-03-14 00:00:00+00:00,29145.28125,4.034375
2013-03-15 00:00:00+00:00,28711.149305555555,3.901736111111111
2013-03-16 00:00:00+00:00,28523.309027777777,3.7524305555555557
2013-03-17 00:00:00+00:00,29406.284722222223,3.9756944444444446
2013-03-18 00:00:00+00:00,30264.840277777777,4.127083333333333
2013-03-19 00:00:00+00:00,31143.378472222223,4.169791666666667
2013-03-20 00:00:00+00:00,31071.864583333332,4.145486111111111
2013-03-21 00:00:00+00:00,31092.166666666668,4.204861111111111
2013-03-22 00:00:00+00:00,30690.35763888889,4.114236111111111
2013-03-23 00:00:00+00:00,31505.253472222223,3.855208333333333
2013-03-24 00:00:00+00:00,31924.447916666668,3.395486111111111
2013-03-25 00:00:00+00:00,31830.70138888889,3.2003472222222222
2013-03-26 00:00:00+00:00,31400.73611111111,3.1666666666666665
2013-03-27 00:00:00+00:00,30773.82986111111,3.1166666666666667
2013-03-28 00:00:00+00:00,30260.71875,3.220486111111111
2013-03-29 00:00:00+00:00,29985.13888888889,3.3600694444444446
2013-03-30 00:00:00+00:00,29798.493055555555,3.5399305555555554
2013-03-31 00:00:00+00:00,29548.819444444445,3.6097222222222225
2013-04-01 00:00:00+00:00,29518.083333333332,3.701388888888889
2013-04-02 00:00:00+00:00,29356.163194444445,3.804861111111111
2013-04-03 00:00:00+00:00,29369.972222222223,3.8822916666666663
2013-04-04 00:00:00+00:00,29180.54513888889,3.8881944444444443
2013-04-05 00:00:00+00:00,29627.836805555555,3.9385416666666666
2013-04-06 00:00:00+00:00,30086.475694444445,4.094097222222222
2013-04-07 00:00:00+00:00,29896.555555555555,4.391666666666667
2013-04-08 00:00:00+00:00,29522.08035714286,4.490625
2013-04-09 00:00:00+00:00,29695.840277777777,4.507638888888889
2013-04-10 00:00:00+00:00,29331.76388888889,4.694444444444445
2013-04-11 00:00:00+00:00,29413.54861111111,4.795138888888889
2013-04-12 00:00:00+00:00,29502.354166666668,4.940972222222222
2013-04-13 00:00:00+00:00,29504.006944444445,5.295138888888889
2013-04-14 00:00:00+00:00,29923.180555555555,5.548611111111111
2013-04-15 00:00:00+00:00,30164.706666666665,5.948888888888889
2013-04-16 00:00:00+00:00,30288.052083333332,6.279513888888889
2013-04-17 00:00:00+00:00,30559.722222222223,6.481944444444444
2013-04-18 00:00:00+00:00,31339.98611111111,6.535069444444444
2013-04-19 00:00:00+00:00,31414.347222222223,7.115277777777777
2013-04-20 00:00:00+00:00,30700.715277777777,6.882986111111111
2013-04-21 00:00:00+00:00,30519.121527777777,6.778124999999999
2013-04-22 00:00:00+00:00,30413.760416666668,7.149652777777778
2013-04-23 00:00:00+00:00,30646.75,7.597916666666666
2013-04-24 00:00:00+00:00,29947.88888888889,8.184375
2013-04-25 00:00:00+00:00,29962.805555555555,8.435416666666667
2013-04-26 00:00:00+00:00,29337.416666666668,8.117361111111112
2013-04-27 00:00:00+00:00,28572.006944444445,7.840624999999999
2013-04-28 00:00:00+00:00,28504.354166666668,7.780902777777778
2013-04-29 00:00:00+00:00,28410.069444444445,7.996874999999999
2013-04-30 00:00:00+00:00,27629.979166666668,8.17013888888889
2013-05-01 00:00:00+00:00,28230.368055555555,8.007986111111112
2013-05-02 00:00:00+00:00,28749.20138888889,7.860763888888889
2013-05-03 00:00:00+00:00,28604.40625,8.208680555555555
2013-05-04 00:00:00+00:00,29106.59375,8.572569444444445
2013-05-05 00:00:00+00:00,29518.4375,8.926388888888889
2013-05-06 00:00:00+00:00,29493.71875,9.109722222222222
2013-05-07 00:00:00+00:00,28910.86111111111,9.257638888888888
2013-05-08 00:00:00+00:00,28883.277777777777,9.461111111111112
2013-05-09 00:00:00+00:00,29121.680555555555,9.855902777777779
2013-05-10 00:00:00+00:00,30536.625,10.089236111111111
2013-05-11 00:00:00+00:00,30735.291666666668,10.27986111111111
2013-05-12 00:00:00+00:00,30554.322916666668,10.472222222222221
2013-05-13 00:00:00+00:00,31075.09375,10.456597222222221
2013-05-14 00:00:00+00:00,31278.565972222223,10.542013888888889
2013-05-15 00:00:00+00:00,30958.42361111111,10.711805555555555
2013-05-16 00:00:00+00:00,30645.350694444445,10.828125
2013-05-17 00:00:00+00:00,29955.5625,10.374652777777778
2013-05-18 00:00:00+00:00,29156.972222222223,10.268055555555556
2013-05-19 00:00:00+00:00,28901.378472222223,10.460069444444445
2013-05-20 00:00:00+00:00,29517.774305555555,10.471527777777778
2013-05-21 00:00:00+00:00,28571.059027777777,10.565972222222221
2013-05-22 00:00:00+00:00,28291.871527777777,10.48298611111111
2013-05-23 00:00:00+00:00,27127.885416666668,10.585763888888888
2013-05-24 00:00:00+00:00,26295.822916666668,10.525694444444445
2013-05-25 00:00:00+00:00,26552.354166666668,10.444791666666667
2013-05-26 00:00:00+00:00,26121.32638888889,10.5125
2013-05-27 00:00:00+00:00,25417.17361111111,10.822569444444445
2013-05-28 00:00:00+00:00,26952.15625,10.743402777777778
2013-05-29 00:00:00+00:00,26475.625,10.828125
2013-05-30 00:00:00+00:00,26591.34375,10.884722222222221
2013-05-31 00:00:00+00:00,26618.75,11.041319444444445
2013-06-01 00:00:00+00:00,25965.3125,11.275694444444445
2013-06-02 00:00:00+00:00,25120.847222222223,11.479166666666666
2013-06-03 00:00:00+00:00,25816.57638888889,11.493402777777778
2013-06-04 00:00:00+00:00,26670.239583333332,11.499652777777778
2013-06-05 00:00:00+00:00,26772.788194444445,11.744444444444445
2013-06-06 00:00:00+00:00,26835.23611111111,12.02951388888889
2013-06-07 00:00:00+00:00,27125.972222222223,12.212152777777778
2013-06-08 00:00:00+00:00,27506.784722222223,12.215972222222222
2013-06-09 00:00:00+00:00,27048.618055555555,12.259374999999999
2013-06-10 00:00:00+00:00,26088.01736111111,12.406944444444443
2013-06-11 00:00:00+00:00,26429.98263888889,12.538888888888888
2013-06-12 00:00:00+00:00,26800.479166666668,12.723958333333334
2013-06-13 00:00:00+00:00,27792.48263888889,12.730555555555556
2013-06-14 00:00:00+00:00,28006.444444444445,12.996875
2013-06-15 00:00:00+00:00,28822.29861111111,13.086458333333333
2013-06-16 00:00:00+00:00,29611.121527777777,13.377083333333333
2013-06-17 00:00:00+00:00,28121.42013888889,13.655902777777778
2013-06-18 00:00:00+00:00,28614.14236111111,13.743055555555555
2013-06-19 00:00:00+00:00,28006.54513888889,14.060416666666667
2013-06-20 00:00:00+00:00,28265.739583333332,14.025347222222223
2013-06-21 00:00:00+00:00,28111.128472222223,14.244444444444444
2013-06-22 00:00:00+00:00,28921.822916666668,14.320486111111112
2013-06-23 00:00:00+00:00,30488.70138888889,14.31909722222222
2013-06-24 00:00:00+00:00,29717.239583333332,14.67847222222222
2013-06-25 00:00:00+00:00,28506.027777777777,14.648958333333333
2013-06-26 00:00:00+00:00,28011.975694444445,14.712847222222223
2013-06-27 00:00:00+00:00,27210.833333333332,14.795486111111112
2013-06-28 00:00:00+00:00,27236.739583333332,14.872916666666665
2013-06-29 00:00:00+00:00,27144.270833333332,14.924305555555556
2013-06-30 00:00:00+00:00,27513.875,14.984027777777776
2013-07-01 00:00:00+00:00,28581.086805555555,15.208680555555556
2013-07-02 00:00:00+00:00,28739.03125,15.460416666666667
2013-07-03 00:00:00+00:00,29678.927083333332,15.469444444444443
2013-07-04 00:00:00+00:00,30169.815972222223,15.68263888888889
2013-07-05 00:00:00+00:00,30310.631944444445,15.974305555555556
2013-07-06 00:00:00+00:00,29692.125,16.220138888888886
2013-07-07 00:00:00+00:00,29945.020833333332,16.220833333333335
2013-07-08 00:00:00+00:00,29601.319444444445,16.347569444444446
2013-07-09 00:00:00+00:00,29580.940972222223,16.475694444444443
2013-07-10 00:00:00+00:00,29631.125,16.415277777777778
2013-07-11 00:00:00+00:00,29800.5625,16.07986111111111
2013-07-12 00:00:00+00:00,29635.67013888889,16.026041666666668
2013-07-13 00:00:00+00:00,29220.274305555555,16.220833333333335
2013-07-14 00:00:00+00:00,28986.07638888889,16.437847222222224
2013-07-15 00:00:00+00:00,28953.70138888889,16.62951388888889
2013-07-16 00:00:00+00:00,29080.875,16.890625
2013-07-17 00:00:00+00:00,29396.75,16.978125
2013-07-18 00:00:00+00:00,29545.666666666668,17.046875
2013-07-19 00:00:00+00:00,29955.79513888889,17.171180555555555
2013-07-20 00:00:00+00:00,30018.774305555555,17.307291666666668
2013-07-21 00:00:00+00:00,29827.715277777777,17.451041666666665
2013-07-22 00:00:00+00:00,29517.76736111111,17.985069444444445
2013-07-23 00:00:00+00:00,29610.57638888889,18.584375
2013-07-24 00:00:00+00:00,29449.715277777777,18.976388888888888
2013-07-25 00:00:00+00:00,29422.552083333332,19.130555555555556
2013-07-26 00:00:00+00:00,29170.930555555555,19.313888888888886
2013-07-27 00:00:00+00:00,29103.5625,19.186805555555555
2013-07-28 00:00:00+00:00,29532.78125,19.37986111111111
2013-07-29 00:00:00+00:00,29846.42361111111,19.512500000000003
2013-07-30 00:00:00+00:00,30383.26736111111,19.356944444444444
2013-07-31 00:00:00+00:00,31008.069444444445,18.921180555555555
2013-08-01 00:00:00+00:00,31200.902777777777,19.293750000000003
2013-08-02 00:00:00+00:00,31400.340277777777,19.591319444444444
2013-08-03 00:00:00+00:00,31492.934027777777,20.13715277777778
2013-08-04 00:00:00+00:00,31435.489583333332,20.28576388888889
2013-08-05 00:00:00+00:00,31067.70138888889,20.456944444444446
2013-08-06 00:00:00+00:00,30824.444444444445,20.669444444444444
2013-08-07 00:00:00+00:00,30184.92013888889,20.243402777777778
2013-08-08 00:00:00+00:00,30032.524305555555,19.808680555555554
2013-08-09 00:00:00+00:00,30039.67013888889,19.746180555555558
2013-08-10 00:00:00+00:00,29931.121527777777,19.658333333333335
2013-08-11 00:00:00+00:00,29864.135416666668,19.530555555555555
2013-08-12 00:00:00+00:00,29927.493055555555,19.540277777777778
2013-08-13 00:00:00+00:00,29871.152777777777,19.354166666666668
2013-08-14 00:00:00+00:00,29882.260416666668,19.365972222222222
2013-08-15 00:00:00+00:00,29939.246527777777,19.42465277777778
2013-08-16 00:00:00+00:00,30269.13888888889,19.499305555555555
2013-08-17 00:00:00+00:00,30472.510416666668,19.674305555555556
2013-08-18 00:00:00+00:00,31064.11111111111,19.700694444444444
2013-08-19 00:00:00+00:00,31008.472222222223,19.703819444444445
2013-08-20 00:00:00+00:00,30435.82638888889,19.734722222222224
2013-08-21 00:00:00+00:00,30228.322916666668,19.802083333333332
2013-08-22 00:00:00+00:00,30229.350694444445,19.83090277777778
2013-08-23 00:00:00+00:00,30270.083333333332,19.914930555555557
2013-08-24 00:00:00+00:00,30419.243055555555,19.961458333333333
2013-08-25 00:00:00+00:00,30382.211805555555,19.85972222222222
2013-08-26 00:00:00+00:00,30404.850694444445,19.788194444444443
2013-08-27 00:00:00+00:00,30527.722222222223,19.77847222222222
2013-08-28 00:00:00+00:00,30690.61111111111,19.761458333333334
2013-08-29 00:00:00+00:00,30823.04861111111,19.872569444444444
2013-08-30 00:00:00+00:00,30891.07986111111,20.01840277777778
2013-08-31 00:00:00+00:00,30923.166666666668,19.966319444444444
2013-09-01 00:00:00+00:00,30552.159722222223,19.45034722222222
2013-09-02 00:00:00+00:00,30295.180555555555,19.12326388888889
2013-09-03 00:00:00+00:00,30046.03125,19.100347222222222
2013-09-04 00:00:00+00:00,30174.833333333332,19.27013888888889
2013-09-05 00:00:00+00:00,30590.125,19.561805555555555
2013-09-06 00:00:00+00:00,30745.416666666668,19.84201388888889
2013-09-07 00:00:00+00:00,29833.034722222223,19.823958333333334
2013-09-08 00:00:00+00:00,26148.659722222223,19.657291666666666
2013-09-09 00:00:00+00:00,28665.850694444445,19.188194444444445
2013-09-10 00:00:00+00:00,30054.222222222223,18.666319444444444
2013-09-11 00:00:00+00:00,29851.190972222223,17.99548611111111
2013-09-12 00:00:00+00:00,30380.0,17.968402777777776
2013-09-13 00:00:00+00:00,31193.13888888889,17.818055555555556
2013-09-14 00:00:00+00:00,31454.350694444445,17.741319444444443
2013-09-15 00:00:00+00:00,30987.871527777777,17.515972222222224
2013-09-16 00:00:00+00:00,32145.0625,17.137500000000003
2013-09-17 00:00:00+00:00,32189.20486111111,16.297222222222224
2013-09-18 00:00:00+00:00,32503.375,16.048263888888886
2013-09-19 00:00:00+00:00,31804.996527777777,15.479166666666666
2013-09-20 00:00:00+00:00,31392.17361111111,15.265277777777776
2013-09-21 00:00:00+00:00,31246.51388888889,15.763541666666665
2013-09-22 00:00:00+00:00,31320.96875,16.01111111111111
2013-09-23 00:00:00+00:00,31157.805555555555,16.321875
2013-09-24 00:00:00+00:00,31443.35763888889,16.634027777777778
2013-09-25 00:00:00+00:00,31441.041666666668,16.84548611111111
2013-09-26 00:00:00+00:00,30793.434027777777,16.931597222222223
2013-09-27 00:00:00+00:00,31146.76736111111,16.910069444444446
2013-09-28 00:00:00+00:00,31248.774305555555,16.789236111111112
2013-09-29 00:00:00+00:00,31264.118055555555,16.49652777777778
2013-09-30 00:00:00+00:00,31073.121527777777,16.09652777777778
2013-10-01 00:00:00+00:00,30871.621527777777,15.730208333333334
2013-10-02 00:00:00+00:00,30731.885416666668,15.221527777777778
2013-10-03 00:00:00+00:00,30919.034722222223,14.953125
2013-10-04 00:00:00+00:00,31023.11111111111,14.905902777777776
2013-10-05 00:00:00+00:00,31031.385416666668,15.095833333333335
2013-10-06 00:00:00+00:00,30970.256944444445,15.329166666666667
2013-10-07 00:00:00+00:00,31061.996527777777,15.513194444444444
2013-10-08 00:00:00+00:00,31118.552083333332,15.693402777777777
2013-10-09 00:00:00+00:00,31140.472222222223,15.730208333333334
2013-10-10 00:00:00+00:00,31248.211805555555,15.271180555555556
2013-10-11 00:00:00+00:00,31396.003472222223,15.05763888888889
2013-10-12 00:00:00+00:00,31333.385416666668,14.81076388888889
2013-10-13 00:00:00+00:00,31967.652777777777,14.505555555555556
2013-10-14 00:00:00+00:00,31982.805555555555,13.708680555555555
2013-10-15 00:00:00+00:00,31930.70138888889,13.377083333333333
2013-10-16 00:00:00+00:00,31759.98611111111,13.28125
2013-10-17 00:00:00+00:00,31749.10763888889,13.179861111111112
2013-10-18 00:00:00+00:00,31410.17361111111,13.334375000000001
2013-10-19 00:00:00+00:00,31038.76736111111,13.478124999999999
2013-10-20 00:00:00+00:00,30865.29513888889,13.544097222222222
2013-10-21 00:00:00+00:00,30895.42013888889,13.625694444444443
2013-10-22 00:00:00+00:00,31017.965277777777,13.890625
2013-10-23 00:00:00+00:00,31815.159722222223,14.222222222222221
2013-10-24 00:00:00+00:00,31722.409722222223,14.206944444444444
2013-10-25 00:00:00+00:00,31453.34375,14.22534722222222
2013-10-26 00:00:00+00:00,31734.302083333332,14.180555555555555
2013-10-27 00:00:00+00:00,32468.875,14.099305555555555
2013-10-28 00:00:00+00:00,32234.975694444445,13.836805555555555
2013-10-29 00:00:00+00:00,32070.336805555555,13.456944444444444
2013-10-30 00:00:00+00:00,31663.541666666668,13.075347222222222
2013-10-31 00:00:00+00:00,31415.59375,12.843402777777778
2013-11-01 00:00:00+00:00,31339.17013888889,12.720833333333333
2013-11-02 00:00:00+00:00,31839.524305555555,12.7375
2013-11-03 00:00:00+00:00,32998.51736111111,12.672916666666667
2013-11-04 00:00:00+00:00,32587.975694444445,12.378819444444444
2013-11-05 00:00:00+00:00,31292.614583333332,11.942708333333334
2013-11-06 00:00:00+00:00,31594.805555555555,11.603472222222223
2013-11-07 00:00:00+00:00,31982.809027777777,11.963541666666666
2013-11-08 00:00:00+00:00,31360.809027777777,12.043055555555556
2013-11-09 00:00:00+00:00,30810.17013888889,11.814583333333333
2013-11-10 00:00:00+00:00,29438.909722222223,11.560069444444444
2013-11-11 00:00:00+00:00,27940.302083333332,11.778125
2013-11-12 00:00:00+00:00,30900.381944444445,11.634722222222223
2013-11-13 00:00:00+00:00,28351.340277777777,11.585763888888888
2013-11-14 00:00:00+00:00,28783.069444444445,11.474652777777777
2013-11-15 00:00:00+00:00,27959.850694444445,11.578472222222222
2013-11-16 00:00:00+00:00,28804.371527777777,11.642708333333333
2013-11-17 00:00:00+00:00,28537.26736111111,11.619097222222223
2013-11-18 00:00:00+00:00,28657.45486111111,11.54548611111111
2013-11-19 00:00:00+00:00,28230.600694444445,11.24826388888889
2013-11-20 00:00:00+00:00,27565.097222222223,10.85798611111111
2013-11-21 00:00:00+00:00,28960.413194444445,10.539930555555555
2013-11-22 00:00:00+00:00,29553.739583333332,10.661805555555555
2013-11-23 00:00:00+00:00,30070.805555555555,10.570833333333333
2013-11-24 00:00:00+00:00,30261.871527777777,10.512847222222222
2013-11-25 00:00:00+00:00,30687.48611111111,10.441319444444444
2013-11-26 00:00:00+00:00,30045.29861111111,10.39201388888889
2013-11-27 00:00:00+00:00,29726.760416666668,10.266319444444443
2013-11-28 00:00:00+00:00,28882.684027777777,10.162152777777779
2013-11-29 00:00:00+00:00,27854.309027777777,9.92013888888889
2013-11-30 00:00:00+00:00,27833.989583333332,9.719097222222222
2013-12-01 00:00:00+00:00,28158.465277777777,9.747569444444444
2013-12-02 00:00:00+00:00,27844.756944444445,9.646527777777779
2013-12-03 00:00:00+00:00,28301.184027777777,9.678472222222222
2013-12-04 00:00:00+00:00,27889.3125,9.403472222222222
2013-12-05 00:00:00+00:00,28084.548837209302,9.084186046511629
2013-12-06 00:00:00+00:00,27231.465277777777,8.393055555555556
2013-12-07 00:00:00+00:00,26192.590277777777,8.195138888888888
2013-12-08 00:00:00+00:00,25956.222222222223,8.213194444444445
2013-12-09 00:00:00+00:00,25965.36111111111,8.283333333333333
2013-12-10 00:00:00+00:00,26648.0,8.279166666666667
2013-12-11 00:00:00+00:00,27837.833333333332,8.324305555555556
2013-12-12 00:00:00+00:00,28499.67361111111,8.09513888888889
2013-12-13 00:00:00+00:00,28795.6875,7.8805555555555555
2013-12-14 00:00:00+00:00,29389.95138888889,7.884027777777778
2013-12-15 00:00:00+00:00,29993.805555555555,7.809722222222222
2013-12-16 00:00:00+00:00,30168.534722222223,7.856249999999999
2013-12-17 00:00:00+00:00,29936.895833333332,7.822916666666667
2013-12-18 00:00:00+00:00,29855.465277777777,7.7562500000000005
2013-12-19 00:00:00+00:00,30235.555555555555,7.657638888888889
2013-12-20 00:00:00+00:00,30098.340277777777,7.464583333333334
2013-12-21 00:00:00+00:00,30874.041666666668,7.5375000000000005
2013-12-22 00:00:00+00:00,31175.881944444445,7.4750000000000005
2013-12-23 00:00:00+00:00,31132.67361111111,7.3604166666666675
2013-12-24 00:00:00+00:00,30710.444444444445,7.335416666666666
2013-12-25 00:00:00+00:00,30511.784722222223,7.2958333333333325
2013-12-26 00:00:00+00:00,30344.604166666668,7.163194444444445
2013-12-27 00:00:00+00:00,30484.840277777777,6.938888888888889
2013-12-28 00:00:00+00:00,30630.23611111111,6.977083333333334
2013-12-29 00:00:00+00:00,29585.770833333332,6.858333333333333
2013-12-30 00:00:00+00:00,28647.875,6.576388888888889
2013-12-31 00:00:00+00:00,31210.0,6.8
2014-01-01 00:00:00+00:00,28029.965277777777,6.6618055555555555
2014-01-02 00:00:00+00:00,28901.493055555555,6.894444444444444
2014-01-03 00:00:00+00:00,29995.48611111111,7.134722222222223
2014-01-04 00:00:00+00:00,30251.13888888889,7.231944444444445
2014-01-05 00:00:00+00:00,29459.229166666668,7.149305555555555
2014-01-06 00:00:00+00:00,29604.729166666668,7.269444444444444
2014-01-07 00:00:00+00:00,31363.215277777777,7.497916666666667
2014-01-08 00:00:00+00:00,30591.347222222223,7.597916666666666
2014-01-09 00:00:00+00:00,31171.284722222223,7.654861111111111
2014-01-10 00:00:00+00:00,30318.145833333332,7.513888888888889
2014-01-11 00:00:00+00:00,29993.152777777777,7.375694444444444
2014-01-12 00:00:00+00:00,27791.909722222223,7.214583333333334
2014-01-13 00:00:00+00:00,31098.618055555555,7.3187500000000005
2014-01-14 00:00:00+00:00,31622.580188679247,7.166037735849057
2014-01-15 00:00:00+00:00,31141.822916666668,6.866666666666666
2014-01-16 00:00:00+00:00,31953.39236111111,6.8381944444444445
2014-01-17 00:00:00+00:00,31788.024305555555,6.768750000000001
2014-01-18 00:00:00+00:00,31869.260416666668,6.836111111111111
2014-01-19 00:00:00+00:00,31571.84375,6.889236111111111
2014-01-20 00:00:00+00:00,31463.54513888889,6.909027777777777
2014-01-21 00:00:00+00:00,31332.09375,6.993055555555555
2014-01-22 00:00:00+00:00,30605.53125,6.810069444444444
2014-01-23 00:00:00+00:00,31004.73611111111,6.709375
2014-01-24 00:00:00+00:00,30840.70138888889,6.710763888888889
2014-01-25 00:00:00+00:00,31005.54861111111,6.846180555555556
2014-01-26 00:00:00+00:00,31812.67013888889,6.707638888888889
2014-01-27 00:00:00+00:00,32373.552083333332,6.403472222222223
2014-01-28 00:00:00+00:00,31835.354166666668,6.000347222222222
2014-01-29 00:00:00+00:00,31382.322916666668,5.903124999999999
2014-01-30 00:00:00+00:00,30148.458333333332,5.743055555555555
2014-01-31 00:00:00+00:00,29931.26736111111,5.705208333333333
2014-02-01 00:00:00+00:00,30074.833333333332,5.467708333333333
2014-02-02 00:00:00+00:00,30445.84375,5.547916666666667
2014-02-03 00:00:00+00:00,31100.024305555555,5.559374999999999
2014-02-04 00:00:00+00:00,31179.01736111111,5.6819444444444445
2014-02-05 00:00:00+00:00,31380.836805555555,5.661458333333333
2014-02-06 00:00:00+00:00,32363.10763888889,5.786111111111111
2014-02-07 00:00:00+00:00,32766.01736111111,6.010416666666667
2014-02-08 00:00:00+00:00,32754.895833333332,6.1618055555555555
2014-02-09 00:00:00+00:00,32200.944444444445,6.1038194444444445
2014-02-10 00:00:00+00:00,31565.67361111111,6.078472222222222
2014-02-11 00:00:00+00:00,32142.274305555555,6.089583333333334
2014-02-12 00:00:00+00:00,32536.17013888889,6.194791666666666
2014-02-13 00:00:00+00:00,32445.86111111111,6.070486111111111
2014-02-14 00:00:00+00:00,31675.85763888889,5.915277777777778
2014-02-15 00:00:00+00:00,32672.878472222223,6.353125
2014-02-16 00:00:00+00:00,32150.864583333332,6.59375
2014-02-17 00:00:00+00:00,31779.51736111111,6.584722222222222
2014-02-18 00:00:00+00:00,31480.177083333332,6.671875
2014-02-19 00:00:00+00:00,31109.996527777777,6.719444444444445
2014-02-20 00:00:00+00:00,31020.965277777777,6.875694444444445
2014-02-21 00:00:00+00:00,31783.600694444445,7.011458333333334
2014-02-22 00:00:00+00:00,31938.371527777777,7.017708333333333
2014-02-23 00:00:00+00:00,31734.402777777777,7.069444444444445
2014-02-24 00:00:00+00:00,32980.430555555555,7.173958333333333
2014-02-25 00:00:00+00:00,32802.350694444445,7.2354166666666675
2014-02-26 00:00:00+00:00,32908.17361111111,7.276388888888889
2014-02-27 00:00:00+00:00,32332.305555555555,7.136458333333334
2014-02-28 00:00:00+00:00,32609.791666666668,6.941666666666666
2014-03-01 00:00:00+00:00,31698.98611111111,6.987847222222222
2014-03-02 00:00:00+00:00,31247.541666666668,6.932291666666667
2014-03-03 00:00:00+00:00,31503.350694444445,6.803125
2014-03-04 00:00:00+00:00,31249.149305555555,6.917708333333334
2014-03-05 00:00:00+00:00,30931.184027777777,7.080208333333333
2014-03-06 00:00:00+00:00,30607.600694444445,7.226736111111112
2014-03-07 00:00:00+00:00,30528.086805555555,7.301041666666666
2014-03-08 00:00:00+00:00,30787.29861111111,7.41736111111111
2014-03-09 00:00:00+00:00,31281.284722222223,7.510416666666667
2014-03-10 00:00:00+00:00,31581.003472222223,7.707638888888888
2014-03-11 00:00:00+00:00,31684.194444444445,7.83263888888889
2014-03-12 00:00:00+00:00,32257.211805555555,7.870833333333334
2014-03-13 00:00:00+00:00,32207.854166666668,8.069444444444445
2014-03-14 00:00:00+00:00,31821.256944444445,8.196180555555555
2014-03-15 00:00:00+00:00,31835.965277777777,8.283680555555556
2014-03-16 00:00:00+00:00,31506.5625,8.519097222222221
2014-03-17 00:00:00+00:00,31166.590277777777,8.71701388888889
2014-03-18 00:00:00+00:00,31041.586805555555,8.858333333333334
2014-03-19 00:00:00+00:00,31458.04861111111,8.9375
2014-03-20 00:00:00+00:00,31981.51736111111,9.062847222222222
2014-03-21 00:00:00+00:00,31989.39236111111,9.245486111111111
2014-03-22 00:00:00+00:00,31853.034722222223,8.997569444444444
2014-03-23 00:00:00+00:00,32159.003472222223,8.791666666666666
2014-03-24 00:00:00+00:00,31424.086805555555,8.785763888888889
2014-03-25 00:00:00+00:00,31620.163194444445,8.74826388888889
2014-03-26 00:00:00+00:00,31598.260416666668,8.591666666666667
2014-03-27 00:00:00+00:00,31535.9375,8.508333333333333
2014-03-28 00:00:00+00:00,31436.42013888889,8.60798611111111
2014-03-29 00:00:00+00:00,31379.881944444445,8.79375
2014-03-30 00:00:00+00:00,31379.03125,9.049305555555556
2014-03-31 00:00:00+00:00,31349.65625,9.350000000000001
2014-04-01 00:00:00+00:00,31329.506944444445,9.666319444444445
2014-04-02 00:00:00+00:00,31346.135416666668,9.92013888888889
2014-04-03 00:00:00+00:00,31406.847222222223,10.108680555555557
2014-04-04 00:00:00+00:00,31447.45138888889,10.264930555555557
2014-04-05 00:00:00+00:00,31464.309027777777,10.388194444444444
2014-04-06 00:00:00+00:00,31567.17361111111,10.521180555555555
2014-04-07 00:00:00+00:00,31839.583333333332,10.577430555555557
2014-04-08 00:00:00+00:00,32503.979166666668,10.494791666666666
2014-04-09 00:00:00+00:00,32754.034722222223,10.503125
2014-04-10 00:00:00+00:00,32783.45486111111,10.639930555555557
2014-04-11 00:00:00+00:00,32393.134146341465,10.961111111111112
2014-04-12 00:00:00+00:00,31978.48611111111,11.234027777777778
2014-04-13 00:00:00+00:00,31986.472222222223,11.3625
2014-04-14 00:00:00+00:00,31786.625,11.219444444444443
2014-04-15 00:00:00+00:00,31559.465277777777,10.422569444444445
2014-04-16 00:00:00+00:00,30898.222222222223,10.26423611111111
2014-04-17 00:00:00+00:00,30804.76388888889,10.57986111111111
2014-04-18 00:00:00+00:00,30876.305555555555,10.580208333333333
2014-04-19 00:00:00+00:00,30707.770833333332,10.507986111111112
2014-04-20 00:00:00+00:00,30385.86111111111,10.740277777777777
2014-04-21 00:00:00+00:00,30252.29861111111,11.024305555555555
2014-04-22 00:00:00+00:00,30253.993055555555,11.179513888888888
2014-04-23 00:00:00+00:00,30251.833333333332,11.434375
2014-04-24 00:00:00+00:00,30271.20138888889,11.59513888888889
2014-04-25 00:00:00+00:00,30260.229166666668,11.695138888888888
2014-04-26 00:00:00+00:00,30390.20138888889,11.891319444444443
2014-04-27 00:00:00+00:00,30373.3125,12.140972222222222
2014-04-28 00:00:00+00:00,30125.493055555555,12.270833333333334
2014-04-29 00:00:00+00:00,29906.722222222223,12.304513888888888
2014-04-30 00:00:00+00:00,29790.1884057971,12.285507246376813
2014-05-01 00:00:00+00:00,,
2014-05-02 00:00:00+00:00,,
2014-05-03 00:00:00+00:00,,
2014-05-04 00:00:00+00:00,,
2014-05-05 00:00:00+00:00,,
2014-05-06 00:00:00+00:00,,
2014-05-07 00:00:00+00:00,,
2014-05-08 00:00:00+00:00,,
2014-05-09 00:00:00+00:00,,
2014-05-10 00:00:00+00:00,,
2014-05-11 00:00:00+00:00,,
2014-05-12 00:00:00+00:00,,
2014-05-13 00:00:00+00:00,,
2014-05-14 00:00:00+00:00,,
2014-05-15 00:00:00+00:00,,
2014-05-16 00:00:00+00:00,29768.576923076922,13.617692307692307
2014-05-17 00:00:00+00:00,30022.065972222223,13.680208333333333
2014-05-18 00:00:00+00:00,30344.0,13.948611111111111
2014-05-19 00:00:00+00:00,30576.996527777777,14.216666666666667
2014-05-20 00:00:00+00:00,30978.92361111111,14.492361111111112
2014-05-21 00:00:00+00:00,31240.239583333332,14.653819444444444
2014-05-22 00:00:00+00:00,31720.291666666668,14.736458333333335
2014-05-23 00:00:00+00:00,32219.409722222223,14.874305555555557
2014-05-24 00:00:00+00:00,32383.163194444445,15.043402777777779
2014-05-25 00:00:00+00:00,32487.947916666668,15.230555555555554
2014-05-26 00:00:00+00:00,32259.73263888889,15.414930555555555
2014-05-27 00:00:00+00:00,32728.305555555555,15.29201388888889
2014-05-28 00:00:00+00:00,32694.350694444445,15.237847222222221
2014-05-29 00:00:00+00:00,32356.163194444445,15.189930555555556
2014-05-30 00:00:00+00:00,32534.524305555555,15.08298611111111
2014-05-31 00:00:00+00:00,32027.996527777777,15.249305555555557
2014-06-01 00:00:00+00:00,31909.163194444445,15.458333333333334
2014-06-02 00:00:00+00:00,31827.711805555555,15.776041666666666
2014-06-03 00:00:00+00:00,31728.309027777777,16.068055555555556
2014-06-04 00:00:00+00:00,31625.572916666668,16.08090277777778
2014-06-05 00:00:00+00:00,32588.79513888889,15.721180555555556
2014-06-06 00:00:00+00:00,32618.475694444445,15.77222222222222
2014-06-07 00:00:00+00:00,32669.378472222223,15.985416666666667
2014-06-08 00:00:00+00:00,32650.666666666668,16.367708333333336
2014-06-09 00:00:00+00:00,32488.53125,16.76388888888889
2014-06-10 00:00:00+00:00,32516.5625,17.117013888888888
2014-06-11 00:00:00+00:00,32456.75,17.497569444444444
2014-06-12 00:00:00+00:00,32318.57986111111,17.78125
2014-06-13 00:00:00+00:00,32216.347222222223,18.01111111111111
2014-06-14 00:00:00+00:00,32320.010416666668,17.921527777777776
2014-06-15 00:00:00+00:00,32299.822916666668,17.40138888888889
2014-06-16 00:00:00+00:00,31956.166666666668,16.86875
2014-06-17 00:00:00+00:00,31451.518292682926,16.523780487804878
2014-06-18 00:00:00+00:00,31347.451327433628,16.626106194690266
2014-06-19 00:00:00+00:00,30852.527777777777,16.681944444444444
2014-06-20 00:00:00+00:00,31016.26388888889,16.583333333333332
2014-06-21 00:00:00+00:00,31100.559027777777,16.669444444444444
2014-06-22 00:00:00+00:00,30896.715277777777,16.909374999999997
2014-06-23 00:00:00+00:00,30623.010416666668,17.151041666666668
2014-06-24 00:00:00+00:00,30503.993055555555,17.385416666666668
2014-06-25 00:00:00+00:00,30762.39236111111,17.470833333333335
2014-06-26 00:00:00+00:00,31149.90625,17.630902777777777
2014-06-27 00:00:00+00:00,31401.621527777777,17.788194444444443
2014-06-28 00:00:00+00:00,31731.677083333332,17.897916666666667
2014-06-29 00:00:00+00:00,31818.694444444445,18.03402777777778
2014-06-30 00:00:00+00:00,31995.809027777777,17.986805555555556
2014-07-01 00:00:00+00:00,32107.784722222223,17.98888888888889
2014-07-02 00:00:00+00:00,32239.659722222223,17.968055555555555
2014-07-03 00:00:00+00:00,32436.850694444445,18.120833333333334
2014-07-04 00:00:00+00:00,32610.815972222223,18.364583333333332
2014-07-05 00:00:00+00:00,32997.03472222222,18.49652777777778
2014-07-06 00:00:00+00:00,33456.072916666664,18.71875
2014-07-07 00:00:00+00:00,33897.28125,18.738194444444446
2014-07-08 00:00:00+00:00,33733.65972222222,18.503819444444446
2014-07-09 00:00:00+00:00,33978.98263888889,17.855208333333334
2014-07-10 00:00:00+00:00,33840.40972222222,17.649652777777778
2014-07-11 00:00:00+00:00,33564.23611111111,17.916319444444444
2014-07-12 00:00:00+00:00,33151.479166666664,18.108680555555555
2014-07-13 00:00:00+00:00,32710.385416666668,18.210763888888888
2014-07-14 00:00:00+00:00,32339.131944444445,18.296527777777776
2014-07-15 00:00:00+00:00,31954.76388888889,18.40347222222222
2014-07-16 00:00:00+00:00,31639.100694444445,18.528125000000003
2014-07-17 00:00:00+00:00,30784.989583333332,18.79965277777778
2014-07-18 00:00:00+00:00,30797.802083333332,18.898611111111112
2014-07-19 00:00:00+00:00,30734.128472222223,19.197222222222223
2014-07-20 00:00:00+00:00,30978.447916666668,19.322569444444444
2014-07-21 00:00:00+00:00,30841.645833333332,19.375694444444445
2014-07-22 00:00:00+00:00,30446.416666666668,19.429513888888888
2014-07-23 00:00:00+00:00,30403.927083333332,19.783680555555556
2014-07-24 00:00:00+00:00,31107.04861111111,19.88888888888889
2014-07-25 00:00:00+00:00,30923.694444444445,20.01388888888889
2014-07-26 00:00:00+00:00,30601.354166666668,20.164930555555557
2014-07-27 00:00:00+00:00,30230.246527777777,20.360416666666666
2014-07-28 00:00:00+00:00,29595.75,20.252083333333335
2014-07-29 00:00:00+00:00,29372.503472222223,20.272569444444443
2014-07-30 00:00:00+00:00,29318.934027777777,20.221180555555556
2014-07-31 00:00:00+00:00,29148.027777777777,20.24652777777778
2014-08-01 00:00:00+00:00,29012.385416666668,20.388541666666665
2014-08-02 00:00:00+00:00,29157.538194444445,20.411805555555556
2014-08-03 00:00:00+00:00,29092.23263888889,20.447916666666668
2014-08-04 00:00:00+00:00,29599.538194444445,20.5125
2014-08-05 00:00:00+00:00,30503.20486111111,20.584027777777777
2014-08-06 00:00:00+00:00,30487.51388888889,20.527083333333334
2014-08-07 00:00:00+00:00,31424.541666666668,20.48784722222222
2014-08-08 00:00:00+00:00,31122.23611111111,20.503124999999997
2014-08-09 00:00:00+00:00,32046.510416666668,20.480208333333334
2014-08-10 00:00:00+00:00,32082.375,20.315624999999997
2014-08-11 00:00:00+00:00,32913.291666666664,19.771527777777777
2014-08-12 00:00:00+00:00,32930.631944444445,19.424305555555556
2014-08-13 00:00:00+00:00,32404.520833333332,19.09201388888889
2014-08-14 00:00:00+00:00,31539.354166666668,19.078472222222224
2014-08-15 00:00:00+00:00,30961.559027777777,19.303472222222222
2014-08-16 00:00:00+00:00,30122.385416666668,19.193402777777777
2014-08-17 00:00:00+00:00,30795.378472222223,18.89548611111111
2014-08-18 00:00:00+00:00,30693.743055555555,18.094097222222224
2014-08-19 00:00:00+00:00,29037.534722222223,18.13715277777778
2014-08-20 00:00:00+00:00,28768.347222222223,18.205555555555556
2014-08-21 00:00:00+00:00,29077.368055555555,18.21701388888889
2014-08-22 00:00:00+00:00,30614.159722222223,18.022916666666667
2014-08-23 00:00:00+00:00,29930.430555555555,17.78576388888889
2014-08-24 00:00:00+00:00,29445.20138888889,17.787152777777777
2014-08-25 00:00:00+00:00,30004.284722222223,17.84826388888889
2014-08-26 00:00:00+00:00,30072.746527777777,17.75
2014-08-27 00:00:00+00:00,30222.913194444445,17.72361111111111
2014-08-28 00:00:00+00:00,31000.65625,17.79513888888889
2014-08-29 00:00:00+00:00,31336.17361111111,17.765277777777776
2014-08-30 00:00:00+00:00,31963.163194444445,17.81284722222222
2014-08-31 00:00:00+00:00,30878.163194444445,17.821527777777778
2014-09-01 00:00:00+00:00,30541.805555555555,17.890625
2014-09-02 00:00:00+00:00,30554.364583333332,18.089930555555554
2014-09-03 00:00:00+00:00,30856.930555555555,18.250694444444445
2014-09-04 00:00:00+00:00,31194.131944444445,18.416666666666668
2014-09-05 00:00:00+00:00,31295.67013888889,18.595138888888886
2014-09-06 00:00:00+00:00,30890.20138888889,18.628819444444446
2014-09-07 00:00:00+00:00,30577.989583333332,18.63784722222222
2014-09-08 00:00:00+00:00,30379.868055555555,18.656597222222224
2014-09-09 00:00:00+00:00,30218.333333333332,18.53263888888889
2014-09-10 00:00:00+00:00,29961.788194444445,18.352430555555557
2014-09-11 00:00:00+00:00,29686.78125,18.26840277777778
2014-09-12 00:00:00+00:00,29426.625,18.244791666666668
2014-09-13 00:00:00+00:00,29557.302083333332,18.26076388888889
2014-09-14 00:00:00+00:00,29574.152777777777,18.216319444444444
2014-09-15 00:00:00+00:00,29557.145833333332,18.223958333333332
2014-09-16 00:00:00+00:00,29772.465277777777,18.431597222222223
2014-09-17 00:00:00+00:00,29921.430555555555,18.638541666666665
2014-09-18 00:00:00+00:00,29664.726114649682,18.964331210191084
2014-09-19 00:00:00+00:00,30153.819444444445,18.88888888888889
2014-09-20 00:00:00+00:00,30415.680555555555,18.831249999999997
2014-09-21 00:00:00+00:00,30549.805555555555,18.661805555555556
2014-09-22 00:00:00+00:00,30460.520833333332,18.07986111111111
2014-09-23 00:00:00+00:00,30235.735849056604,17.699056603773585
2014-09-24 00:00:00+00:00,29981.88888888889,17.330208333333335
2014-09-25 00:00:00+00:00,29728.479166666668,16.96875
2014-09-26 00:00:00+00:00,29694.98263888889,16.81701388888889
2014-09-27 00:00:00+00:00,29627.371527777777,17.056597222222223
2014-09-28 00:00:00+00:00,29855.434027777777,17.37847222222222
2014-09-29 00:00:00+00:00,30181.180555555555,17.52013888888889
2014-09-30 00:00:00+00:00,30227.569444444445,17.507986111111112
2014-10-01 00:00:00+00:00,30474.284722222223,17.561111111111114
2014-10-02 00:00:00+00:00,30737.434027777777,17.6875
2014-10-03 00:00:00+00:00,31052.350694444445,17.756944444444443
2014-10-04 00:00:00+00:00,31153.29513888889,17.751388888888886
2014-10-05 00:00:00+00:00,30731.48611111111,17.40798611111111
2014-10-06 00:00:00+00:00,30302.23263888889,17.066666666666666
2014-10-07 00:00:00+00:00,30685.347222222223,16.577777777777776
2014-10-08 00:00:00+00:00,31606.02912621359,16.041747572815535
2014-10-09 00:00:00+00:00,32556.916666666668,15.427777777777777
2014-10-10 00:00:00+00:00,32629.402777777777,15.341666666666665
2014-10-11 00:00:00+00:00,32266.916666666668,15.336805555555555
2014-10-12 00:00:00+00:00,31893.23611111111,15.37013888888889
2014-10-13 00:00:00+00:00,31742.0,15.509722222222223
2014-10-14 00:00:00+00:00,32042.777777777777,15.296527777777776
2014-10-15 00:00:00+00:00,31972.833333333332,15.058333333333334
2014-10-16 00:00:00+00:00,31888.819444444445,15.167361111111111
2014-10-17 00:00:00+00:00,31999.347222222223,15.268749999999999
2014-10-18 00:00:00+00:00,32242.48611111111,15.537500000000001
2014-10-19 00:00:00+00:00,32394.597222222223,15.862499999999999
2014-10-20 00:00:00+00:00,32419.097222222223,15.759722222222223
2014-10-21 00:00:00+00:00,32701.090277777777,15.503472222222221
2014-10-22 00:00:00+00:00,32731.875,14.547916666666667
2014-10-23 00:00:00+00:00,32112.305555555555,14.061805555555557
2014-10-24 00:00:00+00:00,31886.930555555555,13.861805555555556
2014-10-25 00:00:00+00:00,31948.208333333332,13.804861111111112
2014-10-26 00:00:00+00:00,31491.5625,13.761111111111111
2014-10-27 00:00:00+00:00,31134.791666666668,13.815277777777778
2014-10-28 00:00:00+00:00,31076.569444444445,13.822222222222223
2014-10-29 00:00:00+00:00,31056.291666666668,13.572222222222223
2014-10-30 00:00:00+00:00,31177.117370892018,13.969483568075118
2014-10-31 00:00:00+00:00,31274.652777777777,14.023958333333333
2014-11-01 00:00:00+00:00,31620.51388888889,14.058333333333334
2014-11-02 00:00:00+00:00,31889.708333333332,14.026041666666666
2014-11-03 00:00:00+00:00,32718.152777777777,14.040972222222223
2014-11-04 00:00:00+00:00,32758.447916666668,13.608333333333333
2014-11-05 00:00:00+00:00,32607.246527777777,13.105208333333334
2014-11-06 00:00:00+00:00,32267.305555555555,12.671180555555557
2014-11-07 00:00:00+00:00,32333.17013888889,12.144791666666666
2014-11-08 00:00:00+00:00,32865.538194444445,12.104861111111111
2014-11-09 00:00:00+00:00,32486.756944444445,11.769097222222221
2014-11-10 00:00:00+00:00,32100.4375,11.63888888888889
2014-11-11 00:00:00+00:00,31943.404,11.6184
2014-11-12 00:00:00+00:00,32410.159722222223,11.84375
2014-11-13 00:00:00+00:00,32523.131944444445,11.829166666666666
2014-11-14 00:00:00+00:00,32833.32638888889,11.752083333333333
2014-11-15 00:00:00+00:00,33140.770833333336,11.681944444444445
2014-11-16 00:00:00+00:00,33195.01388888889,11.62638888888889
2014-11-17 00:00:00+00:00,33218.069444444445,11.541666666666666
2014-11-18 00:00:00+00:00,33245.59722222222,11.554166666666667
2014-11-19 00:00:00+00:00,33026.4375,11.5125
2014-11-20 00:00:00+00:00,32710.583333333332,11.488888888888889
2014-11-21 00:00:00+00:00,32103.229166666668,11.509722222222223
2014-11-22 00:00:00+00:00,32074.04861111111,11.272916666666667
2014-11-23 00:00:00+00:00,32118.620689655174,11.28735632183908
2014-11-24 00:00:00+00:00,31442.041666666668,11.473611111111111
2014-11-25 00:00:00+00:00,31137.229166666668,11.572916666666666
2014-11-26 00:00:00+00:00,31246.472222222223,11.34375
2014-11-27 00:00:00+00:00,30985.0,11.099086757990866
2014-11-28 00:00:00+00:00,30816.885416666668,11.026041666666666
2014-11-29 00:00:00+00:00,30813.197916666668,10.781944444444443
2014-11-30 00:00:00+00:00,31432.190972222223,10.589583333333334
2014-12-01 00:00:00+00:00,31553.145833333332,10.320486111111112
2014-12-02 00:00:00+00:00,31774.42361111111,10.107291666666667
2014-12-03 00:00:00+00:00,31972.791666666668,9.837152777777778
2014-12-04 00:00:00+00:00,31874.3125,9.238888888888889
2014-12-05 00:00:00+00:00,31849.506944444445,8.774652777777778
2014-12-06 00:00:00+00:00,31700.277777777777,8.890972222222222
2014-12-07 00:00:00+00:00,31663.51094890511,8.691319444444444
2014-12-08 00:00:00+00:00,31345.708333333332,8.10798611111111
2014-12-09 00:00:00+00:00,30849.996527777777,8.55
2014-12-10 00:00:00+00:00,31843.833333333332,8.122916666666667
2014-12-11 00:00:00+00:00,32797.274305555555,7.971527777777778
2014-12-12 00:00:00+00:00,33836.26736111111,8.518055555555556
2014-12-13 00:00:00+00:00,33622.99652777778,8.327083333333333
2014-12-14 00:00:00+00:00,33176.59722222222,7.861111111111111
2014-12-15 00:00:00+00:00,33607.944444444445,7.705555555555555
2014-12-16 00:00:00+00:00,33259.666666666664,7.3225694444444445
2014-12-17 00:00:00+00:00,33136.76388888889,7.409722222222222
2014-12-18 00:00:00+00:00,33679.125,7.919097222222222
2014-12-19 00:00:00+00:00,33263.77777777778,7.785069444444444
2014-12-20 00:00:00+00:00,32858.51388888889,7.763541666666667
2014-12-21 00:00:00+00:00,31111.347222222223,7.580208333333333
2014-12-22 00:00:00+00:00,33018.60763888889,7.774305555555555
2014-12-23 00:00:00+00:00,32583.149305555555,8.00138888888889
2014-12-24 00:00:00+00:00,32459.055555555555,8.10798611111111
2014-12-25 00:00:00+00:00,29204.649305555555,7.8343750000000005
2014-12-26 00:00:00+00:00,28262.82986111111,7.7437499999999995
2014-12-27 00:00:00+00:00,29411.760416666668,7.481249999999999
2014-12-28 00:00:00+00:00,29669.881944444445,7.250347222222222
2014-12-29 00:00:00+00:00,29679.36111111111,7.1819444444444445
2014-12-30 00:00:00+00:00,28824.51388888889,7.143055555555555
2014-12-31 00:00:00+00:00,29585.0,7.25
2015-01-01 00:00:00+00:00,28831.833333333332,6.848958333333333
2015-01-02 00:00:00+00:00,30751.680555555555,6.714236111111111
2015-01-03 00:00:00+00:00,29154.42013888889,6.573958333333334
2015-01-04 00:00:00+00:00,28723.215277777777,6.578819444444445
2015-01-05 00:00:00+00:00,28949.940972222223,6.5375
2015-01-06 00:00:00+00:00,29668.059027777777,6.523611111111111
2015-01-07 00:00:00+00:00,29025.993055555555,6.343402777777778
2015-01-08 00:00:00+00:00,30271.055555555555,6.318055555555556
2015-01-09 00:00:00+00:00,30927.6875,6.410069444444444
2015-01-10 00:00:00+00:00,32750.902777777777,6.842361111111112
2015-01-11 00:00:00+00:00,31827.902777777777,6.388194444444444
2015-01-12 00:00:00+00:00,31263.104247104246,6.221180555555556
2015-01-13 00:00:00+00:00,31943.397129186604,6.366319444444445
2015-01-14 00:00:00+00:00,31602.402777777777,6.319791666666666
2015-01-15 00:00:00+00:00,31656.9375,6.315972222222222
2015-01-16 00:00:00+00:00,31759.569444444445,6.461805555555555
2015-01-17 00:00:00+00:00,27164.788194444445,6.226736111111111
2015-01-18 00:00:00+00:00,30900.256944444445,6.323263888888889
2015-01-19 00:00:00+00:00,30471.440972222223,6.304166666666667
2015-01-20 00:00:00+00:00,30438.5,6.334375
2015-01-21 00:00:00+00:00,30070.65625,6.25625
2015-01-22 00:00:00+00:00,29966.215277777777,6.194444444444445
2015-01-23 00:00:00+00:00,30112.909722222223,6.115625
2015-01-24 00:00:00+00:00,29492.368055555555,5.861111111111111
2015-01-25 00:00:00+00:00,27983.15625,5.8961805555555555
2015-01-26 00:00:00+00:00,28218.07638888889,5.965624999999999
2015-01-27 00:00:00+00:00,27658.229166666668,6.017708333333333
2015-01-28 00:00:00+00:00,29030.746527777777,6.075347222222223
2015-01-29 00:00:00+00:00,31538.069444444445,5.9631944444444445
2015-01-30 00:00:00+00:00,30051.753472222223,5.689236111111111
2015-01-31 00:00:00+00:00,30288.177083333332,5.688888888888889
2015-02-01 00:00:00+00:00,29235.899305555555,5.648611111111111
2015-02-02 00:00:00+00:00,28327.684027777777,5.615625
2015-02-03 00:00:00+00:00,26997.4375,5.508333333333334
2015-02-04 00:00:00+00:00,28517.246527777777,5.673611111111111
2015-02-05 00:00:00+00:00,28520.038194444445,5.65625
2015-02-06 00:00:00+00:00,29558.149305555555,5.573263888888889
2015-02-07 00:00:00+00:00,29853.86111111111,5.394097222222222
2015-02-08 00:00:00+00:00,30066.006944444445,5.600694444444445
2015-02-09 00:00:00+00:00,28909.006944444445,5.504861111111111
2015-02-10 00:00:00+00:00,27934.395833333332,5.4326388888888895
2015-02-11 00:00:00+00:00,28685.54513888889,5.453819444444445
2015-02-12 00:00:00+00:00,29059.024305555555,5.4638888888888895
2015-02-13 00:00:00+00:00,29128.208333333332,5.495486111111111
2015-02-14 00:00:00+00:00,29932.090277777777,5.65
2015-02-15 00:00:00+00:00,30093.302083333332,5.736111111111111
2015-02-16 00:00:00+00:00,30242.260416666668,5.707638888888889
2015-02-17 00:00:00+00:00,30135.038194444445,5.711805555555555
2015-02-18 00:00:00+00:00,29704.36111111111,5.725347222222222
2015-02-19 00:00:00+00:00,29795.572916666668,5.520833333333333
2015-02-20 00:00:00+00:00,30159.88888888889,5.417361111111111
2015-02-21 00:00:00+00:00,29879.09375,5.449305555555556
2015-02-22 00:00:00+00:00,29681.92361111111,5.4631944444444445
2015-02-23 00:00:00+00:00,30564.086805555555,5.477777777777778
2015-02-24 00:00:00+00:00,31404.975694444445,5.516666666666667
2015-02-25 00:00:00+00:00,30963.128472222223,5.553472222222222
2015-02-26 00:00:00+00:00,30836.121527777777,5.565277777777777
2015-02-27 00:00:00+00:00,30877.885416666668,5.653472222222223
2015-02-28 00:00:00+00:00,30915.947916666668,5.604166666666667
2015-03-01 00:00:00+00:00,32134.100694444445,5.747222222222223
2015-03-02 00:00:00+00:00,32056.368055555555,5.8493055555555555
2015-03-03 00:00:00+00:00,31167.45138888889,5.699652777777778
2015-03-04 00:00:00+00:00,30370.555555555555,5.596180555555556
2015-03-05 00:00:00+00:00,28345.715277777777,5.702777777777778
2015-03-06 00:00:00+00:00,28995.663194444445,5.787152777777778
2015-03-07 00:00:00+00:00,28767.965277777777,5.796527777777778
2015-03-08 00:00:00+00:00,29681.652777777777,5.859027777777778
2015-03-09 00:00:00+00:00,29077.854166666668,5.999652777777778
2015-03-10 00:00:00+00:00,29453.684027777777,6.079513888888889
2015-03-11 00:00:00+00:00,29485.958333333332,6.145833333333333
2015-03-12 00:00:00+00:00,30063.722222222223,6.120833333333334
2015-03-13 00:00:00+00:00,30401.98611111111,6.175347222222222
2015-03-14 00:00:00+00:00,30352.972222222223,6.134375
2015-03-15 00:00:00+00:00,30917.975694444445,6.125347222222222
2015-03-16 00:00:00+00:00,31252.57986111111,6.267361111111111
2015-03-17 00:00:00+00:00,31034.520833333332,6.462847222222222
2015-03-18 00:00:00+00:00,30630.277777777777,6.584027777777778
2015-03-19 00:00:00+00:00,30299.131944444445,6.597569444444444
2015-03-20 00:00:00+00:00,30029.472222222223,6.570486111111111
2015-03-21 00:00:00+00:00,29928.690972222223,6.601388888888889
2015-03-22 00:00:00+00:00,29691.42361111111,6.637847222222223
2015-03-23 00:00:00+00:00,29320.041666666668,6.645486111111111
2015-03-24 00:00:00+00:00,29157.114583333332,6.658333333333333
2015-03-25 00:00:00+00:00,28969.909722222223,6.717013888888889
2015-03-26 00:00:00+00:00,29398.347222222223,6.654861111111111
2015-03-27 00:00:00+00:00,29362.503472222223,6.634722222222222
2015-03-28 00:00:00+00:00,30223.024305555555,6.680208333333334
2015-03-29 00:00:00+00:00,32081.427083333332,6.8232638888888895
2015-03-30 00:00:00+00:00,31665.32986111111,7.014236111111111
2015-03-31 00:00:00+00:00,31118.413194444445,7.289583333333334
2015-04-01 00:00:00+00:00,30664.399305555555,7.216319444444445
2015-04-02 00:00:00+00:00,30067.635416666668,7.3225694444444445
2015-04-03 00:00:00+00:00,29248.552083333332,7.270833333333333
2015-04-04 00:00:00+00:00,29325.23611111111,7.215624999999999
2015-04-05 00:00:00+00:00,28153.15625,7.309027777777778
2015-04-06 00:00:00+00:00,27621.85763888889,7.368402777777778
2015-04-07 00:00:00+00:00,27145.194444444445,7.433333333333334
2015-04-08 00:00:00+00:00,26730.75,7.630208333333333
2015-04-09 00:00:00+00:00,27605.041666666668,7.649305555555555
2015-04-10 00:00:00+00:00,27601.395833333332,7.8218749999999995
2015-04-11 00:00:00+00:00,28408.5625,7.873611111111111
2015-04-12 00:00:00+00:00,28883.559027777777,7.977430555555555
2015-04-13 00:00:00+00:00,28762.03125,8.262847222222222
2015-04-14 00:00:00+00:00,29421.005555555555,8.385555555555555
2015-04-15 00:00:00+00:00,30298.083333333332,8.62673611111111
2015-04-16 00:00:00+00:00,29894.10763888889,8.772916666666667
2015-04-17 00:00:00+00:00,30019.79861111111,8.610069444444443
2015-04-18 00:00:00+00:00,29750.777777777777,8.676736111111111
2015-04-19 00:00:00+00:00,29458.288194444445,8.818055555555555
2015-04-20 00:00:00+00:00,28944.097222222223,9.142708333333333
2015-04-21 00:00:00+00:00,28799.944444444445,9.391319444444443
2015-04-22 00:00:00+00:00,28663.760416666668,9.40763888888889
2015-04-23 00:00:00+00:00,28587.243055555555,9.395138888888889
2015-04-24 00:00:00+00:00,28469.89236111111,9.544444444444444
2015-04-25 00:00:00+00:00,28691.416666666668,9.742708333333333
2015-04-26 00:00:00+00:00,28831.184210526317,9.889169675090253
2015-04-27 00:00:00+00:00,29795.291666666668,9.612152777777778
2015-04-28 00:00:00+00:00,29826.63888888889,9.669097222222222
2015-04-29 00:00:00+00:00,30308.916666666668,9.729513888888889
2015-04-30 00:00:00+00:00,30513.083333333332,9.901041666666666
2015-05-01 00:00:00+00:00,30246.694444444445,10.099652777777777
2015-05-02 00:00:00+00:00,30142.38888888889,10.154166666666667
2015-05-03 00:00:00+00:00,30491.899305555555,10.215277777777779
2015-05-04 00:00:00+00:00,30748.024305555555,10.57638888888889
2015-05-05 00:00:00+00:00,30914.32986111111,11.016666666666667
2015-05-06 00:00:00+00:00,31707.256944444445,11.247222222222222
2015-05-07 00:00:00+00:00,31641.0,11.405208333333333
2015-05-08 00:00:00+00:00,30923.527777777777,11.70138888888889
2015-05-09 00:00:00+00:00,31384.222222222223,11.884722222222223
2015-05-10 00:00:00+00:00,30818.520833333332,12.264930555555557
2015-05-11 00:00:00+00:00,30823.583333333332,12.428125000000001
2015-05-12 00:00:00+00:00,30426.635416666668,12.989583333333334
2015-05-13 00:00:00+00:00,29335.355555555554,13.058333333333332
2015-05-14 00:00:00+00:00,28608.45138888889,12.788888888888888
2015-05-15 00:00:00+00:00,29900.354166666668,12.390972222222222
2015-05-16 00:00:00+00:00,29768.648854961833,12.477099236641221
2015-05-17 00:00:00+00:00,29424.322916666668,12.662847222222222
2015-05-18 00:00:00+00:00,28874.489583333332,12.782291666666667
2015-05-19 00:00:00+00:00,29705.715277777777,12.614583333333334
2015-05-20 00:00:00+00:00,29030.756944444445,12.721527777777778
2015-05-21 00:00:00+00:00,28522.45138888889,12.86076388888889
2015-05-22 00:00:00+00:00,28482.47810218978,13.032116788321169
2015-05-23 00:00:00+00:00,28200.211805555555,13.016666666666667
2015-05-24 00:00:00+00:00,29249.284722222223,12.982291666666667
2015-05-25 00:00:00+00:00,28697.9375,13.365972222222222
2015-05-26 00:00:00+00:00,28845.385416666668,13.430208333333333
2015-05-27 00:00:00+00:00,29258.909722222223,13.622569444444444
2015-05-28 00:00:00+00:00,30957.375,13.652430555555556
2015-05-29 00:00:00+00:00,31269.434027777777,13.712152777777778
2015-05-30 00:00:00+00:00,31057.79513888889,13.693750000000001
2015-05-31 00:00:00+00:00,31126.833333333332,13.806944444444445
2015-06-01 00:00:00+00:00,31043.645833333332,13.810416666666667
2015-06-02 00:00:00+00:00,31815.336805555555,13.840625
2015-06-03 00:00:00+00:00,32241.03125,14.051041666666668
2015-06-04 00:00:00+00:00,31709.65625,14.52222222222222
2015-06-05 00:00:00+00:00,31385.249084249084,14.75164835164835
2015-06-06 00:00:00+00:00,31149.836805555555,15.502777777777778
2015-06-07 00:00:00+00:00,30654.864583333332,15.601388888888888
2015-06-08 00:00:00+00:00,30589.98263888889,15.018402777777778
2015-06-09 00:00:00+00:00,31083.34375,14.317013888888889
2015-06-10 00:00:00+00:00,31514.42013888889,14.405555555555557
2015-06-11 00:00:00+00:00,31629.961805555555,14.760069444444444
2015-06-12 00:00:00+00:00,31260.760416666668,15.32326388888889
2015-06-13 00:00:00+00:00,31023.621527777777,15.559027777777779
2015-06-14 00:00:00+00:00,31071.583333333332,15.613888888888889
2015-06-15 00:00:00+00:00,30705.23263888889,15.714583333333334
2015-06-16 00:00:00+00:00,30152.121527777777,15.586458333333333
2015-06-17 00:00:00+00:00,30018.75,15.836111111111112
2015-06-18 00:00:00+00:00,29999.572916666668,16.162847222222222
2015-06-19 00:00:00+00:00,29914.552083333332,16.109375
2015-06-20 00:00:00+00:00,29820.25,15.988888888888889
2015-06-21 00:00:00+00:00,29723.711805555555,16.072916666666668
2015-06-22 00:00:00+00:00,29744.42013888889,16.086458333333333
2015-06-23 00:00:00+00:00,29267.628472222223,15.808680555555554
2015-06-24 00:00:00+00:00,28657.729166666668,15.77638888888889
2015-06-25 00:00:00+00:00,29499.159722222223,16.046875
2015-06-26 00:00:00+00:00,29597.842857142856,16.122857142857143
2015-06-27 00:00:00+00:00,31172.75,16.27048611111111
2015-06-28 00:00:00+00:00,31233.135416666668,16.648958333333333
2015-06-29 00:00:00+00:00,31658.628472222223,16.799305555555556
2015-06-30 00:00:00+00:00,31412.59375,17.19861111111111
2015-07-01 00:00:00+00:00,31820.180555555555,17.43298611111111
2015-07-02 00:00:00+00:00,32109.100694444445,17.820138888888888
2015-07-03 00:00:00+00:00,31819.20138888889,18.150347222222223
2015-07-04 00:00:00+00:00,31898.711805555555,18.460763888888888
2015-07-05 00:00:00+00:00,31900.368055555555,18.908333333333335
2015-07-06 00:00:00+00:00,31571.40625,19.022222222222222
2015-07-07 00:00:00+00:00,31942.777777777777,18.922569444444445
2015-07-08 00:00:00+00:00,32938.5625,18.474652777777777
2015-07-09 00:00:00+00:00,32116.631944444445,18.248611111111114
2015-07-10 00:00:00+00:00,31371.131944444445,18.383680555555557
2015-07-11 00:00:00+00:00,31588.89236111111,18.577430555555555
2015-07-12 00:00:00+00:00,31925.302083333332,18.78576388888889
2015-07-13 00:00:00+00:00,32866.32986111111,18.560416666666665
2015-07-14 00:00:00+00:00,33140.82986111111,18.509027777777778
2015-07-15 00:00:00+00:00,32821.17013888889,18.58090277777778
2015-07-16 00:00:00+00:00,32387.635416666668,18.794791666666665
2015-07-17 00:00:00+00:00,32219.40625,19.161805555555556
2015-07-18 00:00:00+00:00,32475.493055555555,19.502430555555556
2015-07-19 00:00:00+00:00,32395.791666666668,19.656597222222224
2015-07-20 00:00:00+00:00,32364.447916666668,19.67013888888889
2015-07-21 00:00:00+00:00,32568.208333333332,19.727777777777778
2015-07-22 00:00:00+00:00,32688.70138888889,19.796180555555555
2015-07-23 00:00:00+00:00,32530.572916666668,19.984722222222224
2015-07-24 00:00:00+00:00,32158.04861111111,19.954166666666666
2015-07-25 00:00:00+00:00,32099.5625,19.530555555555555
2015-07-26 00:00:00+00:00,32100.60763888889,18.85451388888889
2015-07-27 00:00:00+00:00,33241.68402777778,18.433680555555554
2015-07-28 00:00:00+00:00,33483.225694444445,18.208680555555556
2015-07-29 00:00:00+00:00,33254.29861111111,17.94965277777778
2015-07-30 00:00:00+00:00,32901.76388888889,17.603819444444444
2015-07-31 00:00:00+00:00,32371.614583333332,17.627083333333335
2015-08-01 00:00:00+00:00,32058.291666666668,17.84826388888889
2015-08-02 00:00:00+00:00,31896.40625,18.247569444444444
2015-08-03 00:00:00+00:00,31807.958333333332,18.680902777777778
2015-08-04 00:00:00+00:00,31861.850694444445,19.062152777777776
2015-08-05 00:00:00+00:00,31950.57638888889,19.07638888888889
2015-08-06 00:00:00+00:00,31982.98263888889,19.273611111111112
2015-08-07 00:00:00+00:00,31883.506944444445,19.529861111111114
2015-08-08 00:00:00+00:00,31709.635416666668,19.598958333333332
2015-08-09 00:00:00+00:00,31761.840277777777,19.740625
2015-08-10 00:00:00+00:00,31845.965277777777,19.83263888888889
2015-08-11 00:00:00+00:00,31682.385416666668,19.890625
2015-08-12 00:00:00+00:00,31761.5625,19.859375
2015-08-13 00:00:00+00:00,31827.336805555555,19.886805555555554
2015-08-14 00:00:00+00:00,32029.85763888889,20.063541666666666
2015-08-15 00:00:00+00:00,31920.85763888889,20.15
2015-08-16 00:00:00+00:00,31785.17013888889,19.953819444444445
2015-08-17 00:00:00+00:00,31764.61111111111,19.521527777777777
2015-08-18 00:00:00+00:00,31663.23263888889,18.736458333333335
2015-08-19 00:00:00+00:00,31509.188524590165,18.131944444444443
2015-08-20 00:00:00+00:00,,18.214930555555554
2015-08-21 00:00:00+00:00,,18.615277777777777
2015-08-22 00:00:00+00:00,,19.093402777777776
2015-08-23 00:00:00+00:00,,19.1875
2015-08-24 00:00:00+00:00,,19.246180555555554
2015-08-25 00:00:00+00:00,,19.030902777777776
2015-08-26 00:00:00+00:00,,18.804861111111112
2015-08-27 00:00:00+00:00,,18.84583333333333
2015-08-28 00:00:00+00:00,,18.535416666666666
2015-08-29 00:00:00+00:00,,18.531597222222224
2015-08-30 00:00:00+00:00,,18.782638888888886
2015-08-31 00:00:00+00:00,,19.105208333333334
2015-09-01 00:00:00+00:00,,19.067708333333332
2015-09-02 00:00:00+00:00,,18.914236111111112
2015-09-03 00:00:00+00:00,,18.67361111111111
2015-09-04 00:00:00+00:00,,18.197916666666668
2015-09-05 00:00:00+00:00,,17.73923611111111
2015-09-06 00:00:00+00:00,,17.752083333333335
2015-09-07 00:00:00+00:00,,17.677083333333332
2015-09-08 00:00:00+00:00,,17.70659722222222
2015-09-09 00:00:00+00:00,,17.748958333333334
2015-09-10 00:00:00+00:00,,17.56969696969697
2015-09-11 00:00:00+00:00,31335.666666666668,17.523280423280422
2015-09-12 00:00:00+00:00,31366.833333333332,17.390625
2015-09-13 00:00:00+00:00,31359.447916666668,17.14236111111111
2015-09-14 00:00:00+00:00,31414.347222222223,16.949305555555554
2015-09-15 00:00:00+00:00,32272.70486111111,16.549999999999997
2015-09-16 00:00:00+00:00,32316.375,16.034374999999997
2015-09-17 00:00:00+00:00,32373.427083333332,15.751388888888888
2015-09-18 00:00:00+00:00,32316.21875,15.608680555555557
2015-09-19 00:00:00+00:00,32248.909722222223,15.702777777777776
2015-09-20 00:00:00+00:00,32170.95486111111,15.817013888888889
2015-09-21 00:00:00+00:00,32378.788194444445,16.103125
2015-09-22 00:00:00+00:00,32754.572916666668,16.294791666666665
2015-09-23 00:00:00+00:00,32673.006944444445,16.140625
2015-09-24 00:00:00+00:00,33103.458333333336,16.109375
2015-09-25 00:00:00+00:00,33052.54861111111,15.888541666666665
2015-09-26 00:00:00+00:00,32535.354166666668,15.826041666666665
2015-09-27 00:00:00+00:00,32075.60763888889,15.903472222222222
2015-09-28 00:00:00+00:00,32033.70486111111,15.981944444444444
2015-09-29 00:00:00+00:00,32176.753472222223,16.010416666666668
2015-09-30 00:00:00+00:00,32291.447916666668,15.964236111111111
2015-10-01 00:00:00+00:00,32035.770833333332,15.894097222222221
2015-10-02 00:00:00+00:00,31618.524305555555,15.805208333333333
2015-10-03 00:00:00+00:00,31284.552083333332,15.697916666666666
2015-10-04 00:00:00+00:00,31153.836805555555,15.630902777777777
2015-10-05 00:00:00+00:00,31075.722222222223,15.547569444444443
2015-10-06 00:00:00+00:00,31535.597222222223,15.64722222222222
2015-10-07 00:00:00+00:00,32259.652777777777,15.690972222222221
2015-10-08 00:00:00+00:00,32350.177083333332,15.604861111111111
2015-10-09 00:00:00+00:00,32290.666666666668,15.558333333333334
2015-10-10 00:00:00+00:00,32093.340277777777,15.503819444444446
2015-10-11 00:00:00+00:00,32102.0625,15.139583333333333
2015-10-12 00:00:00+00:00,32173.347222222223,14.590625000000001
2015-10-13 00:00:00+00:00,32368.67013888889,14.201041666666667
2015-10-14 00:00:00+00:00,32577.086805555555,13.997222222222222
2015-10-15 00:00:00+00:00,32578.434027777777,13.802430555555555
2015-10-16 00:00:00+00:00,32301.993055555555,13.685069444444444
2015-10-17 00:00:00+00:00,31999.590277777777,13.822222222222223
2015-10-18 00:00:00+00:00,31697.725694444445,13.747569444444444
2015-10-19 00:00:00+00:00,31606.244897959183,13.842708333333333
2015-10-20 00:00:00+00:00,31514.715277777777,13.92361111111111
2015-10-21 00:00:00+00:00,31485.50588235294,13.794117647058824
2015-10-22 00:00:00+00:00,31826.505263157895,13.488671875
2015-10-23 00:00:00+00:00,31537.92361111111,13.578472222222222
2015-10-24 00:00:00+00:00,31557.895833333332,13.445138888888888
2015-10-25 00:00:00+00:00,31541.020833333332,13.37673611111111
2015-10-26 00:00:00+00:00,31300.979166666668,13.353819444444445
2015-10-27 00:00:00+00:00,31404.243055555555,13.306597222222223
2015-10-28 00:00:00+00:00,31452.090277777777,13.277083333333334
2015-10-29 00:00:00+00:00,31534.75,13.141935483870967
2015-10-30 00:00:00+00:00,31586.458333333332,13.043402777777779
2015-10-31 00:00:00+00:00,31625.131944444445,12.993055555555555
2015-11-01 00:00:00+00:00,31700.256944444445,12.981597222222222
2015-11-02 00:00:00+00:00,31705.409722222223,13.014583333333333
2015-11-03 00:00:00+00:00,31861.98611111111,12.919097222222222
2015-11-04 00:00:00+00:00,32027.194444444445,12.872916666666667
2015-11-05 00:00:00+00:00,32186.75,12.851736111111112
2015-11-06 00:00:00+00:00,32665.683673469386,12.941326530612244
2015-11-07 00:00:00+00:00,33208.990476190476,13.314285714285715
2015-11-08 00:00:00+00:00,33223.59027777778,13.455208333333333
2015-11-09 00:00:00+00:00,33633.916666666664,13.469791666666667
2015-11-10 00:00:00+00:00,33728.41584158416,13.356930693069307
2015-11-11 00:00:00+00:00,33671.53787878788,13.258712121212122
2015-11-12 00:00:00+00:00,33553.5625,13.182986111111113
2015-11-13 00:00:00+00:00,33593.65972222222,13.035416666666666
2015-11-14 00:00:00+00:00,33747.104166666664,12.334722222222222
2015-11-15 00:00:00+00:00,33550.90540540541,12.567567567567568
2015-11-16 00:00:00+00:00,33426.493055555555,12.487152777777778
2015-11-17 00:00:00+00:00,33357.805555555555,12.512847222222222
2015-11-18 00:00:00+00:00,33399.006944444445,12.433680555555556
2015-11-19 00:00:00+00:00,33542.416666666664,12.37326388888889
2015-11-20 00:00:00+00:00,33535.38888888889,11.997916666666667
2015-11-21 00:00:00+00:00,33339.305555555555,11.378472222222221
2015-11-22 00:00:00+00:00,31797.375,11.175
2015-11-23 00:00:00+00:00,31741.215277777777,10.695138888888888
2015-11-24 00:00:00+00:00,31653.848214285714,9.712053571428571
2015-11-25 00:00:00+00:00,31616.381944444445,9.258680555555555
2015-11-26 00:00:00+00:00,29972.847222222223,9.607291666666667
2015-11-27 00:00:00+00:00,29443.275,9.645833333333334
2015-11-28 00:00:00+00:00,30316.138461538463,9.013194444444444
2015-11-29 00:00:00+00:00,32636.24778761062,9.296017699115044
2015-11-30 00:00:00+00:00,33431.881944444445,9.926041666666666
2015-12-01 00:00:00+00:00,33704.55639097744,10.086458333333333
2015-12-02 00:00:00+00:00,33456.21527777778,9.973611111111111
2015-12-03 00:00:00+00:00,32601.819444444445,9.8125
2015-12-04 00:00:00+00:00,33626.78472222222,9.802083333333334
2015-12-05 00:00:00+00:00,33643.756944444445,9.321874999999999
2015-12-06 00:00:00+00:00,33197.104166666664,9.057291666666666
2015-12-07 00:00:00+00:00,32095.0625,9.120486111111111
2015-12-08 00:00:00+00:00,31742.319444444445,9.09201388888889
2015-12-09 00:00:00+00:00,31437.020833333332,8.976736111111112
2015-12-10 00:00:00+00:00,32603.68345323741,8.715827338129497
2015-12-11 00:00:00+00:00,33162.294117647056,8.533193277310925
2015-12-12 00:00:00+00:00,32421.944444444445,8.384722222222223
2015-12-13 00:00:00+00:00,33140.479166666664,8.761111111111111
2015-12-14 00:00:00+00:00,32754.25,8.713888888888889
2015-12-15 00:00:00+00:00,32481.135135135137,8.726736111111112
2015-12-16 00:00:00+00:00,32814.197916666664,9.037847222222222
2015-12-17 00:00:00+00:00,33049.913194444445,9.239930555555555
2015-12-18 00:00:00+00:00,33260.461805555555,9.485069444444443
2015-12-19 00:00:00+00:00,33309.256944444445,9.666666666666666
2015-12-20 00:00:00+00:00,33702.45486111111,9.825
2015-12-21 00:00:00+00:00,34187.868055555555,9.962499999999999
2015-12-22 00:00:00+00:00,34278.15277777778,9.925
2015-12-23 00:00:00+00:00,34037.225694444445,9.881597222222222
2015-12-24 00:00:00+00:00,33838.50347222222,9.678819444444445
2015-12-25 00:00:00+00:00,33745.225694444445,9.46736111111111
2015-12-26 00:00:00+00:00,33901.125,9.557986111111111
2015-12-27 00:00:00+00:00,33888.04861111111,9.674999999999999
2015-12-28 00:00:00+00:00,33484.86111111111,9.584027777777777
2015-12-29 00:00:00+00:00,33173.69097222222,9.34513888888889
2015-12-30 00:00:00+00:00,33148.038194444445,9.080208333333333
2015-12-31 00:00:00+00:00,33089.5,8.8
2016-01-01 00:00:00+00:00,33640.760416666664,8.708680555555555
2016-01-02 00:00:00+00:00,33416.98611111111,8.419097222222222
2016-01-03 00:00:00+00:00,33669.34306569343,8.597810218978102
2016-01-04 00:00:00+00:00,33503.21875,8.505902777777777
2016-01-05 00:00:00+00:00,33455.947916666664,8.517708333333333
2016-01-06 00:00:00+00:00,33345.461805555555,8.303472222222222
2016-01-07 00:00:00+00:00,33366.85294117647,8.362499999999999
2016-01-08 00:00:00+00:00,33346.044715447155,8.341463414634147
2016-01-09 00:00:00+00:00,33026.677083333336,7.740104166666666
2016-01-10 00:00:00+00:00,33130.936,7.6188
2016-01-11 00:00:00+00:00,33141.41904761905,7.591428571428572
2016-01-12 00:00:00+00:00,33094.625,7.562847222222222
2016-01-13 00:00:00+00:00,32203.458333333332,7.574999999999999
2016-01-14 00:00:00+00:00,32181.296296296296,7.451851851851852
2016-01-15 00:00:00+00:00,31794.449152542373,7.249152542372881
2016-01-16 00:00:00+00:00,31252.694444444445,7.432638888888889
2016-01-17 00:00:00+00:00,28154.336805555555,7.3649305555555555
2016-01-18 00:00:00+00:00,29434.0625,7.289583333333334
2016-01-19 00:00:00+00:00,30662.6875,7.377941176470588
2016-01-20 00:00:00+00:00,30652.616438356163,7.420547945205479
2016-01-21 00:00:00+00:00,31397.729166666668,7.611805555555555
2016-01-22 00:00:00+00:00,31481.166666666668,7.2868055555555555
2016-01-23 00:00:00+00:00,31819.0,7.0569444444444445
2016-01-24 00:00:00+00:00,31715.020833333332,7.079166666666667
2016-01-25 00:00:00+00:00,31945.67361111111,7.172222222222222
2016-01-26 00:00:00+00:00,32222.631944444445,7.317361111111111
2016-01-27 00:00:00+00:00,33125.75,7.6194444444444445
2016-01-28 00:00:00+00:00,33009.6875,7.684027777777778
2016-01-29 00:00:00+00:00,33073.08943089431,7.477235772357724
2016-01-30 00:00:00+00:00,33172.86666666667,7.215238095238096
2016-01-31 00:00:00+00:00,33065.65714285714,7.033333333333333
2016-02-01 00:00:00+00:00,33090.15972222222,7.14513888888889
2016-02-02 00:00:00+00:00,32457.694444444445,7.118055555555555
2016-02-03 00:00:00+00:00,32347.694444444445,6.942361111111111
2016-02-04 00:00:00+00:00,32092.276923076923,6.845384615384615
2016-02-05 00:00:00+00:00,32083.61313868613,6.878832116788321
2016-02-06 00:00:00+00:00,32011.20138888889,6.952083333333333
2016-02-07 00:00:00+00:00,32004.458333333332,7.028472222222223
2016-02-08 00:00:00+00:00,32268.25,7.246527777777778
2016-02-09 00:00:00+00:00,32063.708333333332,7.42638888888889
2016-02-10 00:00:00+00:00,31511.868055555555,7.11388888888889
2016-02-11 00:00:00+00:00,29947.26388888889,7.211805555555555
2016-02-12 00:00:00+00:00,30304.4375,7.254166666666666
2016-02-13 00:00:00+00:00,30621.333333333332,7.260416666666667
2016-02-14 00:00:00+00:00,30917.166666666668,7.251388888888889
2016-02-15 00:00:00+00:00,30568.979166666668,6.916666666666667
2016-02-16 00:00:00+00:00,30138.590277777777,6.885416666666667
2016-02-17 00:00:00+00:00,30050.5625,6.822222222222222
2016-02-18 00:00:00+00:00,29949.08108108108,6.65625
2016-02-19 00:00:00+00:00,29780.95138888889,6.615277777777778
2016-02-20 00:00:00+00:00,30447.894117647058,6.552941176470588
2016-02-21 00:00:00+00:00,32362.41379310345,6.98103448275862
2016-02-22 00:00:00+00:00,32336.48275862069,7.0456896551724135
2016-02-23 00:00:00+00:00,31062.8125,7.107638888888889
2016-02-24 00:00:00+00:00,29803.479166666668,7.114583333333333
2016-02-25 00:00:00+00:00,28367.9375,7.032638888888888
2016-02-26 00:00:00+00:00,26267.521186440677,6.85042372881356
2016-02-27 00:00:00+00:00,27803.739583333332,6.855902777777778
2016-02-28 00:00:00+00:00,28691.340277777777,6.848958333333333
2016-02-29 00:00:00+00:00,29512.069444444445,6.779166666666667
2016-03-01 00:00:00+00:00,29704.661458333332,6.73125
2016-03-02 00:00:00+00:00,31073.190972222223,6.749305555555555
2016-03-03 00:00:00+00:00,29486.45138888889,6.602083333333334
2016-03-04 00:00:00+00:00,30350.06274509804,6.55625
2016-03-05 00:00:00+00:00,31432.246527777777,6.543749999999999
2016-03-06 00:00:00+00:00,30725.635416666668,6.5211805555555555
2016-03-07 00:00:00+00:00,29855.15625,6.504861111111111
2016-03-08 00:00:00+00:00,28593.92361111111,6.512499999999999
2016-03-09 00:00:00+00:00,28941.79861111111,6.392708333333333
2016-03-10 00:00:00+00:00,29611.868055555555,6.425347222222222
2016-03-11 00:00:00+00:00,29285.850694444445,6.523611111111111
2016-03-12 00:00:00+00:00,29186.82638888889,6.560069444444444
2016-03-13 00:00:00+00:00,28955.354166666668,6.6038194444444445
2016-03-14 00:00:00+00:00,28895.527777777777,6.572569444444444
2016-03-15 00:00:00+00:00,29242.819444444445,6.5986111111111105
2016-03-16 00:00:00+00:00,28877.159722222223,6.608333333333333
2016-03-17 00:00:00+00:00,29252.48611111111,6.677777777777778
2016-03-18 00:00:00+00:00,29671.38888888889,6.656597222222222
2016-03-19 00:00:00+00:00,29679.430555555555,6.714236111111111
2016-03-20 00:00:00+00:00,29880.559027777777,6.774305555555555
2016-03-21 00:00:00+00:00,29681.989583333332,6.909722222222222
2016-03-22 00:00:00+00:00,29129.60763888889,6.995833333333334
2016-03-23 00:00:00+00:00,28559.090277777777,7.1885416666666675
2016-03-24 00:00:00+00:00,28264.385416666668,7.324652777777778
2016-03-25 00:00:00+00:00,28254.243055555555,7.465277777777778
2016-03-26 00:00:00+00:00,28324.625,7.576736111111111
2016-03-27 00:00:00+00:00,29232.947916666668,7.781597222222222
2016-03-28 00:00:00+00:00,31037.913194444445,7.8374999999999995
2016-03-29 00:00:00+00:00,32231.583333333332,7.867013888888888
2016-03-30 00:00:00+00:00,32131.434027777777,8.093055555555557
2016-03-31 00:00:00+00:00,31924.870967741936,8.291666666666666
2016-04-01 00:00:00+00:00,31400.979166666668,8.296180555555557
2016-04-02 00:00:00+00:00,31351.958333333332,8.408333333333333
2016-04-03 00:00:00+00:00,31314.09375,8.669097222222222
2016-04-04 00:00:00+00:00,31177.868055555555,8.952777777777778
2016-04-05 00:00:00+00:00,30841.072916666668,9.119791666666666
2016-04-06 00:00:00+00:00,30613.222222222223,9.378819444444444
2016-04-07 00:00:00+00:00,31578.50434782609,8.894347826086957
2016-04-08 00:00:00+00:00,30628.70138888889,9.019791666666666
2016-04-09 00:00:00+00:00,30195.814159292036,8.963716814159293
2016-04-10 00:00:00+00:00,29682.86,9.072
2016-04-11 00:00:00+00:00,29877.743055555555,9.0125
2016-04-12 00:00:00+00:00,29999.364583333332,9.303819444444445
2016-04-13 00:00:00+00:00,30046.465277777777,9.380555555555555
2016-04-14 00:00:00+00:00,30510.708333333332,9.432291666666666
2016-04-15 00:00:00+00:00,30929.46875,9.598611111111111
2016-04-16 00:00:00+00:00,31672.534722222223,9.778125
2016-04-17 00:00:00+00:00,31071.4375,9.865625000000001
2016-04-18 00:00:00+00:00,30810.78125,9.865972222222222
2016-04-19 00:00:00+00:00,30660.465277777777,10.026041666666666
2016-04-20 00:00:00+00:00,30486.184027777777,9.959027777777777
2016-04-21 00:00:00+00:00,30287.51736111111,9.882986111111112
2016-04-22 00:00:00+00:00,29995.243055555555,9.869791666666666
2016-04-23 00:00:00+00:00,29932.069444444445,9.785763888888889
2016-04-24 00:00:00+00:00,29362.083333333332,9.637847222222222
2016-04-25 00:00:00+00:00,28140.619565217392,9.524999999999999
2016-04-26 00:00:00+00:00,26378.475694444445,9.2375
2016-04-27 00:00:00+00:00,23380.0,9.25
2016-04-28 00:00:00+00:00,,
2016-04-29 00:00:00+00:00,,
2016-04-30 00:00:00+00:00,,
2016-05-01 00:00:00+00:00,29911.96875,9.4375
2016-05-02 00:00:00+00:00,28516.24358974359,9.544871794871796
2016-05-03 00:00:00+00:00,29685.76,9.822000000000001
2016-05-04 00:00:00+00:00,29934.697368421053,10.100438596491228
2016-05-05 00:00:00+00:00,30267.905511811023,10.223046875
2016-05-06 00:00:00+00:00,30350.89964157706,10.410752688172042
2016-05-07 00:00:00+00:00,30252.409722222223,10.743749999999999
2016-05-08 00:00:00+00:00,30101.086805555555,11.12638888888889
2016-05-09 00:00:00+00:00,30005.239583333332,11.405902777777778
2016-05-10 00:00:00+00:00,29971.391304347828,11.405797101449275
2016-05-11 00:00:00+00:00,,
2016-05-12 00:00:00+00:00,,
2016-05-13 00:00:00+00:00,,
2016-05-14 00:00:00+00:00,,
2016-05-15 00:00:00+00:00,,
2016-05-16 00:00:00+00:00,,
2016-05-17 00:00:00+00:00,,
2016-05-18 00:00:00+00:00,,
2016-05-19 00:00:00+00:00,,
2016-05-20 00:00:00+00:00,,
2016-05-21 00:00:00+00:00,,
2016-05-22 00:00:00+00:00,,
2016-05-23 00:00:00+00:00,,
2016-05-24 00:00:00+00:00,,
2016-05-25 00:00:00+00:00,,
2016-05-26 00:00:00+00:00,28695.803921568626,12.936363636363637
2016-05-27 00:00:00+00:00,29172.0,12.987847222222221
2016-05-28 00:00:00+00:00,29376.399305555555,13.177430555555555
2016-05-29 00:00:00+00:00,29460.944444444445,13.509722222222223
2016-05-30 00:00:00+00:00,29769.603896103898,13.315972222222221
2016-05-31 00:00:00+00:00,30030.791666666668,13.18888888888889
2016-06-01 00:00:00+00:00,29102.09375,13.5453125
2016-06-02 00:00:00+00:00,29428.53846153846,13.420879120879121
2016-06-03 00:00:00+00:00,26811.489898989897,13.634343434343434
2016-06-04 00:00:00+00:00,25600.471264367818,14.164367816091954
2016-06-05 00:00:00+00:00,26110.873188405796,14.240579710144928
2016-06-06 00:00:00+00:00,26233.96846846847,14.565315315315315
2016-06-07 00:00:00+00:00,27125.059027777777,14.629513888888889
2016-06-08 00:00:00+00:00,26743.25,14.812152777777776
2016-06-09 00:00:00+00:00,26460.456204379563,14.989583333333334
2016-06-10 00:00:00+00:00,26346.67013888889,15.109027777777776
2016-06-11 00:00:00+00:00,27163.65625,14.963541666666666
2016-06-12 00:00:00+00:00,27285.052083333332,15.064930555555556
2016-06-13 00:00:00+00:00,27965.805555555555,15.137152777777779
2016-06-14 00:00:00+00:00,28490.350694444445,15.23923611111111
2016-06-15 00:00:00+00:00,29110.45486111111,15.361458333333335
2016-06-16 00:00:00+00:00,29151.413194444445,15.547916666666667
2016-06-17 00:00:00+00:00,28962.572916666668,15.604861111111111
2016-06-18 00:00:00+00:00,26376.79861111111,15.714583333333334
2016-06-19 00:00:00+00:00,25280.53125,15.860763888888888
2016-06-20 00:00:00+00:00,27841.144144144146,15.723873873873874
2016-06-21 00:00:00+00:00,28713.704,15.778
2016-06-22 00:00:00+00:00,28968.042402826854,15.85451388888889
2016-06-23 00:00:00+00:00,28704.36111111111,16.014930555555555
2016-06-24 00:00:00+00:00,28657.809027777777,16.234375
2016-06-25 00:00:00+00:00,28610.35763888889,16.390277777777776
2016-06-26 00:00:00+00:00,29054.458333333332,16.547916666666666
2016-06-27 00:00:00+00:00,28894.35661764706,16.785069444444446
2016-06-28 00:00:00+00:00,29494.15625,16.84027777777778
2016-06-29 00:00:00+00:00,29697.479166666668,17.010069444444444
2016-06-30 00:00:00+00:00,30330.600775193798,17.053875968992248
2016-07-01 00:00:00+00:00,30383.131944444445,17.06701388888889
2016-07-02 00:00:00+00:00,31021.090277777777,16.896527777777777
2016-07-03 00:00:00+00:00,30492.26388888889,16.927083333333332
2016-07-04 00:00:00+00:00,29906.909090909092,17.19848484848485
2016-07-05 00:00:00+00:00,28828.54861111111,17.536805555555556
2016-07-06 00:00:00+00:00,27527.694444444445,17.613194444444446
2016-07-07 00:00:00+00:00,27822.61111111111,17.558333333333334
2016-07-08 00:00:00+00:00,28677.340277777777,17.691666666666666
2016-07-09 00:00:00+00:00,28611.909722222223,17.992361111111112
2016-07-10 00:00:00+00:00,29295.493055555555,18.13888888888889
2016-07-11 00:00:00+00:00,30974.444444444445,18.029861111111114
2016-07-12 00:00:00+00:00,31564.854166666668,18.313888888888886
2016-07-13 00:00:00+00:00,30373.055555555555,18.353472222222223
2016-07-14 00:00:00+00:00,29300.131944444445,18.268055555555556
2016-07-15 00:00:00+00:00,28938.340277777777,18.42638888888889
2016-07-16 00:00:00+00:00,29681.229166666668,18.71597222222222
2016-07-17 00:00:00+00:00,30424.01388888889,18.877083333333335
2016-07-18 00:00:00+00:00,30739.895833333332,19.143749999999997
2016-07-19 00:00:00+00:00,30513.128787878788,19.18521739130435
2016-07-20 00:00:00+00:00,30142.034722222223,19.459722222222222
2016-07-21 00:00:00+00:00,30124.604166666668,19.843055555555555
2016-07-22 00:00:00+00:00,29584.9375,19.852430555555557
2016-07-23 00:00:00+00:00,29160.541666666668,19.827083333333334
2016-07-24 00:00:00+00:00,29635.67361111111,19.865625
2016-07-25 00:00:00+00:00,29509.979166666668,19.961805555555557
2016-07-26 00:00:00+00:00,30103.868055555555,19.96423611111111
2016-07-27 00:00:00+00:00,30488.694444444445,19.882986111111112
2016-07-28 00:00:00+00:00,31342.98611111111,19.8125
2016-07-29 00:00:00+00:00,31644.041666666668,19.790972222222223
2016-07-30 00:00:00+00:00,32242.277777777777,19.677083333333332
2016-07-31 00:00:00+00:00,31166.604166666668,19.81597222222222
2016-08-01 00:00:00+00:00,30847.10460251046,19.935416666666665
2016-08-02 00:00:00+00:00,31065.996527777777,19.841666666666665
2016-08-03 00:00:00+00:00,32372.805555555555,19.709722222222222
2016-08-04 00:00:00+00:00,32816.98263888889,19.51215277777778
2016-08-05 00:00:00+00:00,32396.86111111111,19.492361111111112
2016-08-06 00:00:00+00:00,31601.202898550724,19.711111111111112
2016-08-07 00:00:00+00:00,31570.847222222223,19.860763888888886
2016-08-08 00:00:00+00:00,32232.878472222223,19.771875
2016-08-09 00:00:00+00:00,31044.621527777777,19.680902777777778
2016-08-10 00:00:00+00:00,30790.680555555555,19.453819444444445
2016-08-11 00:00:00+00:00,30644.791666666668,19.080208333333335
2016-08-12 00:00:00+00:00,30711.534722222223,19.069097222222222
2016-08-13 00:00:00+00:00,31472.847222222223,19.242013888888888
2016-08-14 00:00:00+00:00,31174.90625,19.46423611111111
2016-08-15 00:00:00+00:00,31072.956896551725,19.452430555555555
2016-08-16 00:00:00+00:00,,19.411627906976744
2016-08-17 00:00:00+00:00,,
2016-08-18 00:00:00+00:00,,
2016-08-19 00:00:00+00:00,,19.505555555555556
2016-08-20 00:00:00+00:00,,19.438541666666666
2016-08-21 00:00:00+00:00,,19.257638888888888
2016-08-22 00:00:00+00:00,,19.249652777777776
2016-08-23 00:00:00+00:00,,19.391319444444445
2016-08-24 00:00:00+00:00,,19.679166666666667
2016-08-25 00:00:00+00:00,,20.009027777777778
2016-08-26 00:00:00+00:00,,20.317708333333332
2016-08-27 00:00:00+00:00,,20.479166666666668
2016-08-28 00:00:00+00:00,,20.496875000000003
2016-08-29 00:00:00+00:00,,20.518055555555556
2016-08-30 00:00:00+00:00,,20.652083333333334
2016-08-31 00:00:00+00:00,,20.69375
2016-09-01 00:00:00+00:00,,20.77673611111111
2016-09-02 00:00:00+00:00,,20.68125
2016-09-03 00:00:00+00:00,,20.453125
2016-09-04 00:00:00+00:00,,20.18125
2016-09-05 00:00:00+00:00,,19.93576388888889
2016-09-06 00:00:00+00:00,,20.082291666666666
2016-09-07 00:00:00+00:00,31630.678947368422,20.20659722222222
2016-09-08 00:00:00+00:00,31695.559027777777,20.367013888888888
2016-09-09 00:00:00+00:00,31919.618055555555,20.474305555555556
2016-09-10 00:00:00+00:00,32198.291666666668,20.45659722222222
2016-09-11 00:00:00+00:00,32140.88888888889,20.505555555555556
2016-09-12 00:00:00+00:00,32415.430555555555,20.55138888888889
2016-09-13 00:00:00+00:00,32486.666666666668,20.72048611111111
2016-09-14 00:00:00+00:00,32426.541666666668,20.922222222222224
2016-09-15 00:00:00+00:00,32306.652777777777,21.054861111111112
2016-09-16 00:00:00+00:00,32324.6875,20.996180555555554
2016-09-17 00:00:00+00:00,32603.777777777777,20.603125
2016-09-18 00:00:00+00:00,32292.253472222223,20.463194444444444
2016-09-19 00:00:00+00:00,32151.055555555555,20.32534722222222
2016-09-20 00:00:00+00:00,31900.506944444445,20.215625000000003
2016-09-21 00:00:00+00:00,31663.35763888889,20.108680555555555
2016-09-22 00:00:00+00:00,31600.144278606964,19.859375
2016-09-23 00:00:00+00:00,31509.3125,19.599305555555556
2016-09-24 00:00:00+00:00,31605.1875,19.400694444444444
2016-09-25 00:00:00+00:00,31898.972222222223,19.115625
2016-09-26 00:00:00+00:00,32076.17361111111,18.69375
2016-09-27 00:00:00+00:00,31974.916666666668,18.405555555555555
2016-09-28 00:00:00+00:00,32444.277777777777,18.30034722222222
2016-09-29 00:00:00+00:00,33506.95111111111,18.466666666666665
2016-09-30 00:00:00+00:00,33336.336805555555,17.78125
2016-10-01 00:00:00+00:00,32999.17361111111,17.26909722222222
2016-10-02 00:00:00+00:00,32992.068100358425,16.77132616487455
2016-10-03 00:00:00+00:00,32249.309027777777,16.882986111111112
2016-10-04 00:00:00+00:00,31957.385416666668,17.081249999999997
2016-10-05 00:00:00+00:00,31909.3125,16.80173611111111
2016-10-06 00:00:00+00:00,32379.76736111111,16.66840277777778
2016-10-07 00:00:00+00:00,32410.78125,16.77638888888889
2016-10-08 00:00:00+00:00,32282.184027777777,16.662847222222222
2016-10-09 00:00:00+00:00,32130.746527777777,16.56875
2016-10-10 00:00:00+00:00,31989.430555555555,16.49375
2016-10-11 00:00:00+00:00,31906.597222222223,16.16840277777778
2016-10-12 00:00:00+00:00,31873.98611111111,15.828472222222224
2016-10-13 00:00:00+00:00,31917.541666666668,15.403819444444444
2016-10-14 00:00:00+00:00,32056.25,15.094791666666667
2016-10-15 00:00:00+00:00,31746.395833333332,14.377083333333335
2016-10-16 00:00:00+00:00,31669.03125,13.976041666666667
2016-10-17 00:00:00+00:00,31646.618055555555,14.285763888888889
2016-10-18 00:00:00+00:00,31885.76388888889,14.301388888888889
2016-10-19 00:00:00+00:00,32361.88888888889,13.972222222222221
2016-10-20 00:00:00+00:00,32048.375,13.875347222222222
2016-10-21 00:00:00+00:00,31862.975694444445,14.199305555555556
2016-10-22 00:00:00+00:00,31899.104166666668,14.299305555555556
2016-10-23 00:00:00+00:00,31854.729166666668,14.151388888888889
2016-10-24 00:00:00+00:00,31939.461805555555,13.957638888888889
2016-10-25 00:00:00+00:00,31911.979166666668,13.733680555555557
2016-10-26 00:00:00+00:00,31823.777777777777,13.405208333333333
2016-10-27 00:00:00+00:00,31785.878472222223,13.165277777777778
2016-10-28 00:00:00+00:00,31751.868055555555,13.096527777777778
2016-10-29 00:00:00+00:00,31548.065972222223,13.509027777777778
2016-10-30 00:00:00+00:00,31463.96875,13.723958333333334
2016-10-31 00:00:00+00:00,31416.381944444445,13.842708333333333
2016-11-01 00:00:00+00:00,31472.590277777777,13.927083333333334
2016-11-02 00:00:00+00:00,31755.243055555555,13.884722222222223
2016-11-03 00:00:00+00:00,31584.364583333332,13.450347222222222
2016-11-04 00:00:00+00:00,31331.07638888889,12.811458333333333
2016-11-05 00:00:00+00:00,31268.01736111111,12.296875
2016-11-06 00:00:00+00:00,30976.71875,11.853472222222223
2016-11-07 00:00:00+00:00,31540.42013888889,12.059027777777779
2016-11-08 00:00:00+00:00,31983.760416666668,12.346527777777778
2016-11-09 00:00:00+00:00,32287.621527777777,11.862847222222221
2016-11-10 00:00:00+00:00,32765.989583333332,11.546180555555557
2016-11-11 00:00:00+00:00,32423.645833333332,10.99861111111111
2016-11-12 00:00:00+00:00,32066.010416666668,10.384374999999999
2016-11-13 00:00:00+00:00,32133.020833333332,9.899305555555555
2016-11-14 00:00:00+00:00,31838.975694444445,9.60763888888889
2016-11-15 00:00:00+00:00,31874.788194444445,9.6375
2016-11-16 00:00:00+00:00,31683.291666666668,10.004861111111111
2016-11-17 00:00:00+00:00,31866.04513888889,10.171875
2016-11-18 00:00:00+00:00,32540.819444444445,10.21701388888889
2016-11-19 00:00:00+00:00,32883.34375,9.846180555555556
2016-11-20 00:00:00+00:00,33023.75347222222,9.750694444444443
2016-11-21 00:00:00+00:00,32836.114583333336,9.734027777777778
2016-11-22 00:00:00+00:00,32964.98263888889,9.701041666666667
2016-11-23 00:00:00+00:00,32790.9375,9.629166666666666
2016-11-24 00:00:00+00:00,32323.36111111111,9.73298611111111
2016-11-25 00:00:00+00:00,32355.885416666668,9.852777777777778
2016-11-26 00:00:00+00:00,31729.128472222223,9.716666666666667
2016-11-27 00:00:00+00:00,31337.85763888889,9.841319444444444
2016-11-28 00:00:00+00:00,31054.097222222223,9.725347222222222
2016-11-29 00:00:00+00:00,30757.979166666668,9.117708333333333
2016-11-30 00:00:00+00:00,30642.39236111111,8.666319444444445
2016-12-01 00:00:00+00:00,30691.42361111111,8.656944444444443
2016-12-02 00:00:00+00:00,30494.194444444445,8.908680555555556
2016-12-03 00:00:00+00:00,30007.739583333332,8.907291666666667
2016-12-04 00:00:00+00:00,29924.04513888889,8.649652777777778
2016-12-05 00:00:00+00:00,30135.61111111111,8.250347222222222
2016-12-06 00:00:00+00:00,30166.39236111111,7.971875000000001
2016-12-07 00:00:00+00:00,30400.14236111111,7.872569444444445
2016-12-08 00:00:00+00:00,30507.20138888889,7.6239583333333325
2016-12-09 00:00:00+00:00,30487.04513888889,7.507638888888888
2016-12-10 00:00:00+00:00,30689.76736111111,7.615972222222222
2016-12-11 00:00:00+00:00,30742.475694444445,7.794444444444445
2016-12-12 00:00:00+00:00,30536.590277777777,7.929861111111112
2016-12-13 00:00:00+00:00,30516.26388888889,7.992708333333334
2016-12-14 00:00:00+00:00,30505.6875,8.028125
2016-12-15 00:00:00+00:00,30570.211805555555,8.044444444444444
2016-12-16 00:00:00+00:00,30744.73611111111,7.99548611111111
2016-12-17 00:00:00+00:00,30743.46875,7.938194444444444
2016-12-18 00:00:00+00:00,30871.239583333332,8.01701388888889
2016-12-19 00:00:00+00:00,30966.29513888889,8.055208333333333
2016-12-20 00:00:00+00:00,31073.461805555555,7.9052083333333325
2016-12-21 00:00:00+00:00,31353.666666666668,7.533680555555555
2016-12-22 00:00:00+00:00,31490.881944444445,7.255208333333333
2016-12-23 00:00:00+00:00,31612.034722222223,7.041666666666667
2016-12-24 00:00:00+00:00,32435.444444444445,7.483680555555556
2016-12-25 00:00:00+00:00,32449.270833333332,7.3760416666666675
2016-12-26 00:00:00+00:00,32775.23611111111,7.529513888888889
2016-12-27 00:00:00+00:00,32361.913194444445,7.435763888888889
2016-12-28 00:00:00+00:00,32151.427083333332,7.245833333333334
2016-12-29 00:00:00+00:00,32038.975694444445,6.9631944444444445
2016-12-30 00:00:00+00:00,31935.756944444445,6.657986111111111
2016-12-31 00:00:00+00:00,31900.5,7.15
2017-01-01 00:00:00+00:00,31982.052083333332,6.148611111111111
2017-01-02 00:00:00+00:00,31650.51388888889,6.442708333333333
2017-01-03 00:00:00+00:00,31607.70138888889,6.801736111111111
2017-01-04 00:00:00+00:00,31513.07638888889,7.156597222222222
2017-01-05 00:00:00+00:00,31662.73611111111,7.209722222222222
2017-01-06 00:00:00+00:00,31592.85763888889,6.625
2017-01-07 00:00:00+00:00,31645.34375,6.098958333333333
2017-01-08 00:00:00+00:00,31479.284722222223,5.7131944444444445
2017-01-09 00:00:00+00:00,31377.447916666668,5.681597222222222
2017-01-10 00:00:00+00:00,31456.628472222223,5.845138888888889
2017-01-11 00:00:00+00:00,31415.868055555555,5.918402777777778
2017-01-12 00:00:00+00:00,31388.38888888889,5.987847222222222
2017-01-13 00:00:00+00:00,31261.25,5.948958333333334
2017-01-14 00:00:00+00:00,31453.541666666668,6.289236111111111
2017-01-15 00:00:00+00:00,30964.73263888889,6.140625
2017-01-16 00:00:00+00:00,30490.909722222223,5.894791666666666
2017-01-17 00:00:00+00:00,30424.20138888889,5.732986111111111
2017-01-18 00:00:00+00:00,30350.847222222223,5.524652777777778
2017-01-19 00:00:00+00:00,30270.38888888889,5.466666666666667
2017-01-20 00:00:00+00:00,30436.10763888889,5.526736111111111
2017-01-21 00:00:00+00:00,30998.239583333332,5.633680555555555
2017-01-22 00:00:00+00:00,31362.385416666668,5.537152777777778
2017-01-23 00:00:00+00:00,31348.26388888889,5.416666666666667
2017-01-24 00:00:00+00:00,31341.95486111111,5.229166666666667
2017-01-25 00:00:00+00:00,31325.802083333332,5.1461805555555555
2017-01-26 00:00:00+00:00,31306.479166666668,4.859375
2017-01-27 00:00:00+00:00,31383.715277777777,4.477777777777778
2017-01-28 00:00:00+00:00,31498.78125,4.450347222222223
2017-01-29 00:00:00+00:00,31500.538194444445,4.418402777777778
2017-01-30 00:00:00+00:00,31497.854166666668,4.461111111111111
2017-01-31 00:00:00+00:00,31396.083333333332,4.696527777777778
2017-02-01 00:00:00+00:00,31605.614583333332,4.791666666666667
2017-02-02 00:00:00+00:00,31810.784722222223,4.928125
2017-02-03 00:00:00+00:00,31965.083333333332,5.19375
2017-02-04 00:00:00+00:00,32140.82986111111,5.265972222222222
2017-02-05 00:00:00+00:00,32011.725694444445,5.313194444444445
2017-02-06 00:00:00+00:00,31895.0,5.299652777777777
2017-02-07 00:00:00+00:00,31793.947916666668,5.231944444444444
2017-02-08 00:00:00+00:00,31767.04513888889,5.001388888888889
2017-02-09 00:00:00+00:00,31363.100694444445,4.667708333333334
2017-02-10 00:00:00+00:00,30831.909722222223,4.335069444444445
2017-02-11 00:00:00+00:00,30604.9375,4.148263888888889
2017-02-12 00:00:00+00:00,30377.82638888889,4.069791666666666
2017-02-13 00:00:00+00:00,30144.652777777777,4.085069444444445
2017-02-14 00:00:00+00:00,30391.60763888889,4.106944444444444
2017-02-15 00:00:00+00:00,30583.17013888889,4.212152777777778
2017-02-16 00:00:00+00:00,30578.54513888889,4.393055555555556
2017-02-17 00:00:00+00:00,30553.21875,4.533680555555556
2017-02-18 00:00:00+00:00,30758.083333333332,4.667013888888889
2017-02-19 00:00:00+00:00,30999.659722222223,4.689930555555556
2017-02-20 00:00:00+00:00,31285.28125,4.8225694444444445
2017-02-21 00:00:00+00:00,31593.038194444445,5.051736111111111
2017-02-22 00:00:00+00:00,32312.284722222223,5.192361111111111
2017-02-23 00:00:00+00:00,32158.208333333332,5.480902777777778
2017-02-24 00:00:00+00:00,31511.319444444445,5.525
2017-02-25 00:00:00+00:00,31252.996527777777,5.538194444444445
2017-02-26 00:00:00+00:00,31256.0,5.584375
2017-02-27 00:00:00+00:00,31226.711805555555,5.762152777777778
2017-02-28 00:00:00+00:00,31721.666666666668,5.544791666666667
2017-03-01 00:00:00+00:00,31359.628472222223,5.564930555555556
2017-03-02 00:00:00+00:00,31784.29861111111,5.629166666666666
2017-03-03 00:00:00+00:00,31628.927083333332,5.721527777777777
2017-03-04 00:00:00+00:00,31518.993055555555,5.764930555555555
2017-03-05 00:00:00+00:00,31341.083333333332,5.934722222222223
2017-03-06 00:00:00+00:00,32187.149305555555,6.048611111111111
2017-03-07 00:00:00+00:00,30939.645833333332,6.248611111111111
2017-03-08 00:00:00+00:00,31662.70138888889,6.398263888888889
2017-03-09 00:00:00+00:00,32507.847222222223,6.504513888888889
2017-03-10 00:00:00+00:00,30821.26388888889,6.647916666666666
2017-03-11 00:00:00+00:00,31294.17361111111,6.677083333333333
2017-03-12 00:00:00+00:00,30945.010416666668,6.688888888888889
2017-03-13 00:00:00+00:00,29969.913194444445,6.741666666666666
2017-03-14 00:00:00+00:00,28758.020833333332,6.876736111111111
2017-03-15 00:00:00+00:00,28981.26388888889,6.9625
2017-03-16 00:00:00+00:00,29264.26736111111,7.019444444444444
2017-03-17 00:00:00+00:00,28873.79513888889,7.119791666666667
2017-03-18 00:00:00+00:00,30906.059027777777,7.423958333333333
2017-03-19 00:00:00+00:00,31854.461805555555,7.788888888888888
2017-03-20 00:00:00+00:00,33273.92013888889,8.140625
2017-03-21 00:00:00+00:00,33276.302083333336,8.230902777777779
2017-03-22 00:00:00+00:00,33003.99652777778,8.178472222222222
2017-03-23 00:00:00+00:00,32252.229166666668,8.228472222222221
2017-03-24 00:00:00+00:00,32148.253472222223,8.078472222222222
2017-03-25 00:00:00+00:00,32011.479166666668,8.054166666666667
2017-03-26 00:00:00+00:00,31946.35763888889,8.04513888888889
2017-03-27 00:00:00+00:00,31622.305555555555,8.216666666666667
2017-03-28 00:00:00+00:00,31196.79513888889,8.494097222222223
2017-03-29 00:00:00+00:00,31132.39236111111,8.922222222222222
2017-03-30 00:00:00+00:00,31231.86111111111,9.15451388888889
2017-03-31 00:00:00+00:00,31131.819444444445,9.199652777777779
2017-04-01 00:00:00+00:00,31008.618055555555,9.273611111111112
2017-04-02 00:00:00+00:00,30801.288194444445,9.267708333333333
2017-04-03 00:00:00+00:00,30641.333333333332,9.319444444444445
2017-04-04 00:00:00+00:00,30827.940972222223,9.292708333333334
2017-04-05 00:00:00+00:00,30802.85763888889,9.288541666666667
2017-04-06 00:00:00+00:00,30931.618055555555,9.272916666666667
2017-04-07 00:00:00+00:00,30877.284722222223,9.429166666666667
2017-04-08 00:00:00+00:00,30710.024305555555,9.710069444444445
2017-04-09 00:00:00+00:00,30558.277777777777,9.941319444444444
2017-04-10 00:00:00+00:00,30516.01736111111,10.211111111111112
2017-04-11 00:00:00+00:00,30354.041666666668,10.448263888888889
2017-04-12 00:00:00+00:00,30420.11111111111,10.611805555555556
2017-04-13 00:00:00+00:00,30164.65625,10.768402777777778
2017-04-14 00:00:00+00:00,29952.930555555555,10.719444444444443
2017-04-15 00:00:00+00:00,30015.29513888889,10.756250000000001
2017-04-16 00:00:00+00:00,30051.836805555555,10.677083333333334
2017-04-17 00:00:00+00:00,30456.6875,10.45625
2017-04-18 00:00:00+00:00,30665.51388888889,10.114583333333334
2017-04-19 00:00:00+00:00,30816.697916666668,9.995486111111111
2017-04-20 00:00:00+00:00,30964.75,10.024999999999999
2017-04-21 00:00:00+00:00,31028.402777777777,10.27951388888889
2017-04-22 00:00:00+00:00,31002.565972222223,10.354513888888889
2017-04-23 00:00:00+00:00,30971.055555555555,10.306597222222223
2017-04-24 00:00:00+00:00,30763.708333333332,10.528819444444444
2017-04-25 00:00:00+00:00,30578.284722222223,10.495486111111111
2017-04-26 00:00:00+00:00,30343.17013888889,10.35625
2017-04-27 00:00:00+00:00,30099.475694444445,10.304166666666667
2017-04-28 00:00:00+00:00,29976.13888888889,10.431597222222223
2017-04-29 00:00:00+00:00,29760.07638888889,10.651388888888889
2017-04-30 00:00:00+00:00,29785.569444444445,10.753125
2017-05-01 00:00:00+00:00,30233.23263888889,10.806249999999999
2017-05-02 00:00:00+00:00,30473.381944444445,10.819097222222222
2017-05-03 00:00:00+00:00,30874.614583333332,10.765972222222222
2017-05-04 00:00:00+00:00,31097.40625,10.906597222222222
2017-05-05 00:00:00+00:00,31090.024305555555,10.976041666666667
2017-05-06 00:00:00+00:00,31401.26388888889,10.922222222222222
2017-05-07 00:00:00+00:00,31297.979166666668,11.137152777777779
2017-05-08 00:00:00+00:00,31317.746527777777,11.078125
2017-05-09 00:00:00+00:00,30738.565972222223,11.050347222222221
2017-05-10 00:00:00+00:00,30429.399305555555,11.32673611111111
2017-05-11 00:00:00+00:00,30331.34375,11.427083333333334
2017-05-12 00:00:00+00:00,30400.520833333332,11.694791666666667
2017-05-13 00:00:00+00:00,30412.072916666668,11.972569444444444
2017-05-14 00:00:00+00:00,30573.42361111111,12.196180555555555
2017-05-15 00:00:00+00:00,30686.850694444445,12.492708333333333
2017-05-16 00:00:00+00:00,31173.20486111111,12.5125
2017-05-17 00:00:00+00:00,31297.760416666668,12.6375
2017-05-18 00:00:00+00:00,31265.135416666668,12.849652777777777
2017-05-19 00:00:00+00:00,31921.645833333332,12.82986111111111
2017-05-20 00:00:00+00:00,32070.659722222223,13.214236111111111
2017-05-21 00:00:00+00:00,32192.354166666668,13.545833333333333
2017-05-22 00:00:00+00:00,32169.17361111111,13.665972222222223
2017-05-23 00:00:00+00:00,32183.01736111111,14.122222222222222
2017-05-24 00:00:00+00:00,31881.253472222223,14.573958333333334
2017-05-25 00:00:00+00:00,31557.489583333332,14.771875000000001
2017-05-26 00:00:00+00:00,31381.371527777777,14.921875
2017-05-27 00:00:00+00:00,31436.461805555555,15.238541666666666
2017-05-28 00:00:00+00:00,31304.29861111111,15.743055555555555
2017-05-29 00:00:00+00:00,31278.746527777777,15.777777777777779
2017-05-30 00:00:00+00:00,31567.100694444445,16.060069444444444
2017-05-31 00:00:00+00:00,31633.291666666668,16.487499999999997
2017-06-01 00:00:00+00:00,31491.916666666668,16.494791666666668
2017-06-02 00:00:00+00:00,31671.711805555555,16.651041666666668
2017-06-03 00:00:00+00:00,31790.336805555555,16.926041666666666
2017-06-04 00:00:00+00:00,31811.913194444445,17.220138888888886
2017-06-05 00:00:00+00:00,31925.868055555555,17.344444444444445
2017-06-06 00:00:00+00:00,32697.89236111111,16.86111111111111
2017-06-07 00:00:00+00:00,33068.725694444445,16.022569444444443
2017-06-08 00:00:00+00:00,32428.09375,16.562152777777776
2017-06-09 00:00:00+00:00,32353.315972222223,16.721180555555556
2017-06-10 00:00:00+00:00,32314.847222222223,17.028125000000003
2017-06-11 00:00:00+00:00,31921.708333333332,17.465625000000003
2017-06-12 00:00:00+00:00,32093.565972222223,17.67465277777778
2017-06-13 00:00:00+00:00,32054.104166666668,17.842708333333334
2017-06-14 00:00:00+00:00,31155.653333333332,18.06266666666667
2017-06-15 00:00:00+00:00,31345.42361111111,18.086111111111112
2017-06-16 00:00:00+00:00,31400.5,18.59652777777778
2017-06-17 00:00:00+00:00,31155.375,18.706249999999997
2017-06-18 00:00:00+00:00,31186.67361111111,18.867361111111112
2017-06-19 00:00:00+00:00,31094.51388888889,19.12986111111111
2017-06-20 00:00:00+00:00,30923.4375,19.420833333333334
2017-06-21 00:00:00+00:00,31022.98611111111,19.489583333333332
2017-06-22 00:00:00+00:00,31441.354838709678,19.588018433179727
2017-06-23 00:00:00+00:00,31631.67013888889,19.978472222222223
2017-06-24 00:00:00+00:00,32498.819444444445,19.33263888888889
2017-06-25 00:00:00+00:00,32855.87152777778,18.913888888888888
2017-06-26 00:00:00+00:00,32664.833333333332,18.95451388888889
2017-06-27 00:00:00+00:00,32081.833333333332,18.937152777777776
2017-06-28 00:00:00+00:00,32088.95323741007,18.940624999999997
2017-06-29 00:00:00+00:00,32213.881944444445,18.863541666666666
2017-06-30 00:00:00+00:00,32199.590277777777,18.847916666666666
2017-07-01 00:00:00+00:00,32184.526748971195,18.694791666666667
2017-07-02 00:00:00+00:00,32061.260416666668,18.621180555555554
2017-07-03 00:00:00+00:00,32175.503472222223,18.632291666666667
2017-07-04 00:00:00+00:00,32694.8125,18.780555555555555
2017-07-05 00:00:00+00:00,32729.302083333332,19.13888888888889
2017-07-06 00:00:00+00:00,32462.71875,19.369791666666668
2017-07-07 00:00:00+00:00,32517.506944444445,19.605208333333334
2017-07-08 00:00:00+00:00,32368.805555555555,19.946527777777778
2017-07-09 00:00:00+00:00,32305.04861111111,20.044444444444444
2017-07-10 00:00:00+00:00,32300.427083333332,20.085069444444443
2017-07-11 00:00:00+00:00,32251.604166666668,20.081249999999997
2017-07-12 00:00:00+00:00,32096.524305555555,19.763541666666665
2017-07-13 00:00:00+00:00,31805.16853932584,19.35505617977528
2017-07-14 00:00:00+00:00,31539.163194444445,19.30798611111111
2017-07-15 00:00:00+00:00,31328.60763888889,19.12673611111111
2017-07-16 00:00:00+00:00,31372.114583333332,19.27048611111111
2017-07-17 00:00:00+00:00,30988.60763888889,19.521527777777777
2017-07-18 00:00:00+00:00,31216.690972222223,19.58298611111111
2017-07-19 00:00:00+00:00,31703.385416666668,19.78298611111111
2017-07-20 00:00:00+00:00,31868.840277777777,20.154861111111114
2017-07-21 00:00:00+00:00,32145.9375,20.21388888888889
2017-07-22 00:00:00+00:00,31993.211805555555,20.248958333333334
2017-07-23 00:00:00+00:00,32043.913194444445,20.141319444444445
2017-07-24 00:00:00+00:00,32090.42013888889,19.95034722222222
2017-07-25 00:00:00+00:00,31791.34375,19.79236111111111
2017-07-26 00:00:00+00:00,31714.384210526317,19.687894736842104
2017-07-27 00:00:00+00:00,31937.194444444445,19.72222222222222
2017-07-28 00:00:00+00:00,32753.458333333332,19.536805555555556
2017-07-29 00:00:00+00:00,33547.13888888889,19.384027777777774
2017-07-30 00:00:00+00:00,33600.166666666664,19.477083333333333
2017-07-31 00:00:00+00:00,33677.36111111111,19.490277777777777
2017-08-01 00:00:00+00:00,33589.305555555555,19.695138888888888
2017-08-02 00:00:00+00:00,33599.45138888889,19.74652777777778
2017-08-03 00:00:00+00:00,33938.59027777778,19.650694444444444
2017-08-04 00:00:00+00:00,34064.53472222222,19.428472222222222
2017-08-05 00:00:00+00:00,33709.0625,19.320833333333333
2017-08-06 00:00:00+00:00,33269.79861111111,19.204166666666666
2017-08-07 00:00:00+00:00,32825.92361111111,19.293055555555554
2017-08-08 00:00:00+00:00,32722.127272727274,19.365972222222222
2017-08-09 00:00:00+00:00,,19.209027777777777
2017-08-10 00:00:00+00:00,,19.2875
2017-08-11 00:00:00+00:00,,19.30763888888889
2017-08-12 00:00:00+00:00,,19.353472222222223
2017-08-13 00:00:00+00:00,,19.487499999999997
2017-08-14 00:00:00+00:00,,19.654861111111114
2017-08-15 00:00:00+00:00,,19.78125
2017-08-16 00:00:00+00:00,32183.173076923078,19.843571428571426
2017-08-17 00:00:00+00:00,32399.29861111111,19.79861111111111
2017-08-18 00:00:00+00:00,32908.506944444445,19.586805555555557
2017-08-19 00:00:00+00:00,33745.4375,19.138194444444444
2017-08-20 00:00:00+00:00,33729.381944444445,18.747916666666665
2017-08-21 00:00:00+00:00,33007.104166666664,18.76736111111111
2017-08-22 00:00:00+00:00,32752.01388888889,19.095833333333335
2017-08-23 00:00:00+00:00,32326.006944444445,19.289583333333333
2017-08-24 00:00:00+00:00,32256.777777777777,19.49375
2017-08-25 00:00:00+00:00,31722.11111111111,19.599593495934958
2017-08-26 00:00:00+00:00,31863.680555555555,19.712152777777778
2017-08-27 00:00:00+00:00,31549.319444444445,19.928125
2017-08-28 00:00:00+00:00,30932.328467153286,20.063541666666666
2017-08-29 00:00:00+00:00,32311.76388888889,20.155902777777776
2017-08-30 00:00:00+00:00,33068.930555555555,20.074305555555554
2017-08-31 00:00:00+00:00,33026.40277777778,19.558333333333334
2017-09-01 00:00:00+00:00,32819.45138888889,19.524305555555557
2017-09-02 00:00:00+00:00,32618.26388888889,19.562152777777776
2017-09-03 00:00:00+00:00,32494.76388888889,19.502083333333335
2017-09-04 00:00:00+00:00,31864.85652173913,19.428819444444443
2017-09-05 00:00:00+00:00,31964.399305555555,19.358680555555555
2017-09-06 00:00:00+00:00,32013.45486111111,19.146180555555556
2017-09-07 00:00:00+00:00,31679.368055555555,18.789236111111112
2017-09-08 00:00:00+00:00,32830.663194444445,18.47048611111111
2017-09-09 00:00:00+00:00,33031.22222222222,18.006944444444443
2017-09-10 00:00:00+00:00,32806.69097222222,17.81527777777778
2017-09-11 00:00:00+00:00,33768.45138888889,17.752083333333335
2017-09-12 00:00:00+00:00,33923.96875,17.265625
2017-09-13 00:00:00+00:00,33979.45486111111,17.096180555555556
2017-09-14 00:00:00+00:00,33933.32986111111,16.71701388888889
2017-09-15 00:00:00+00:00,33403.052083333336,16.265972222222224
2017-09-16 00:00:00+00:00,33086.739583333336,16.16736111111111
2017-09-17 00:00:00+00:00,32996.072916666664,16.06875
2017-09-18 00:00:00+00:00,32615.597222222223,15.968402777777776
2017-09-19 00:00:00+00:00,32074.864583333332,16.115277777777777
2017-09-20 00:00:00+00:00,31516.885416666668,16.273958333333333
2017-09-21 00:00:00+00:00,31403.503472222223,16.384375
2017-09-22 00:00:00+00:00,31610.70486111111,16.58263888888889
2017-09-23 00:00:00+00:00,31457.909722222223,16.71875
2017-09-24 00:00:00+00:00,31543.958333333332,16.810416666666665
2017-09-25 00:00:00+00:00,31487.965277777777,16.838541666666668
2017-09-26 00:00:00+00:00,31724.027777777777,16.92465277777778
2017-09-27 00:00:00+00:00,32087.534722222223,16.976736111111112
2017-09-28 00:00:00+00:00,32331.756944444445,17.011805555555554
2017-09-29 00:00:00+00:00,32575.64236111111,17.030208333333334
2017-09-30 00:00:00+00:00,32741.461805555555,16.956249999999997
2017-10-01 00:00:00+00:00,32898.63888888889,16.696180555555557
2017-10-02 00:00:00+00:00,33780.88888888889,16.433333333333334
2017-10-03 00:00:00+00:00,33450.729166666664,15.972569444444446
2017-10-04 00:00:00+00:00,32731.0,15.426388888888889
2017-10-05 00:00:00+00:00,33562.01736111111,15.35763888888889
2017-10-06 00:00:00+00:00,32603.323529411766,15.188235294117646
2017-10-07 00:00:00+00:00,,
2017-10-08 00:00:00+00:00,,
2017-10-09 00:00:00+00:00,,
2017-10-10 00:00:00+00:00,,
2017-10-11 00:00:00+00:00,,
2017-10-12 00:00:00+00:00,,
2017-10-13 00:00:00+00:00,,
2017-10-14 00:00:00+00:00,,
2017-10-15 00:00:00+00:00,,
2017-10-16 00:00:00+00:00,33028.29213483146,15.260112359550563
2017-10-17 00:00:00+00:00,32867.90625,15.259374999999999
2017-10-18 00:00:00+00:00,32913.10763888889,15.243749999999999
2017-10-19 00:00:00+00:00,32656.069444444445,15.275347222222223
2017-10-20 00:00:00+00:00,33105.47222222222,15.215277777777779
2017-10-21 00:00:00+00:00,33875.65972222222,14.934027777777779
2017-10-22 00:00:00+00:00,33956.086805555555,14.469097222222224
2017-10-23 00:00:00+00:00,33647.65625,13.880555555555555
2017-10-24 00:00:00+00:00,33438.57986111111,13.919791666666667
2017-10-25 00:00:00+00:00,33597.493055555555,14.153819444444444
2017-10-26 00:00:00+00:00,33435.666666666664,14.253124999999999
2017-10-27 00:00:00+00:00,32807.60763888889,14.137847222222222
2017-10-28 00:00:00+00:00,32560.055555555555,14.037152777777777
2017-10-29 00:00:00+00:00,32424.13259668508,14.033149171270718
2017-10-30 00:00:00+00:00,32324.430555555555,13.955555555555556
2017-10-31 00:00:00+00:00,32010.645833333332,13.627083333333333
2017-11-01 00:00:00+00:00,31728.340277777777,13.245833333333334
2017-11-02 00:00:00+00:00,31442.645833333332,13.011805555555556
2017-11-03 00:00:00+00:00,30976.517391304347,13.096521739130434
2017-11-04 00:00:00+00:00,30810.04513888889,12.995833333333334
2017-11-05 00:00:00+00:00,30765.54861111111,12.698263888888889
2017-11-06 00:00:00+00:00,30774.340277777777,12.543055555555556
2017-11-07 00:00:00+00:00,30529.677083333332,12.084375000000001
2017-11-08 00:00:00+00:00,30642.086805555555,12.028819444444444
2017-11-09 00:00:00+00:00,30972.489583333332,12.112847222222221
2017-11-10 00:00:00+00:00,31007.510416666668,11.962847222222223
2017-11-11 00:00:00+00:00,30705.07638888889,11.513541666666667
2017-11-12 00:00:00+00:00,30827.753472222223,11.572916666666666
2017-11-13 00:00:00+00:00,31079.45486111111,12.02986111111111
2017-11-14 00:00:00+00:00,31088.927083333332,11.699305555555556
2017-11-15 00:00:00+00:00,30633.038194444445,11.359722222222222
2017-11-16 00:00:00+00:00,30366.725694444445,11.278819444444444
2017-11-17 00:00:00+00:00,30069.222222222223,11.284722222222221
2017-11-18 00:00:00+00:00,29043.35763888889,11.036458333333334
2017-11-19 00:00:00+00:00,28528.29861111111,10.838194444444445
2017-11-20 00:00:00+00:00,27965.878472222223,10.70173611111111
2017-11-21 00:00:00+00:00,28939.777777777777,10.811805555555557
2017-11-22 00:00:00+00:00,30450.774305555555,10.942361111111111
2017-11-23 00:00:00+00:00,32021.11111111111,10.871527777777779
2017-11-24 00:00:00+00:00,32247.184027777777,10.659375
2017-11-25 00:00:00+00:00,31795.159722222223,10.5
2017-11-26 00:00:00+00:00,31132.375,9.763194444444444
2017-11-27 00:00:00+00:00,32230.055555555555,9.682638888888889
2017-11-28 00:00:00+00:00,32108.958333333332,9.173958333333333
2017-11-29 00:00:00+00:00,31788.930555555555,9.25173611111111
2017-11-30 00:00:00+00:00,31040.069444444445,9.29826388888889
2017-12-01 00:00:00+00:00,30930.180555555555,9.500694444444443
2017-12-02 00:00:00+00:00,30554.70486111111,9.427083333333334
2017-12-03 00:00:00+00:00,30233.788194444445,9.172569444444443
2017-12-04 00:00:00+00:00,29069.340277777777,9.172222222222222
2017-12-05 00:00:00+00:00,28051.79861111111,9.11076388888889
2017-12-06 00:00:00+00:00,27365.510416666668,8.955555555555556
2017-12-07 00:00:00+00:00,29953.0,8.81076388888889
2017-12-08 00:00:00+00:00,29529.604166666668,8.094791666666667
2017-12-09 00:00:00+00:00,28983.905263157896,8.023157894736842
2017-12-10 00:00:00+00:00,30808.45138888889,8.10625
2017-12-11 00:00:00+00:00,32129.0,8.117361111111112
2017-12-12 00:00:00+00:00,32286.930555555555,8.171527777777778
2017-12-13 00:00:00+00:00,31950.465277777777,7.589583333333334
2017-12-14 00:00:00+00:00,32296.666666666668,7.213888888888889
2017-12-15 00:00:00+00:00,32397.055555555555,6.920138888888889
2017-12-16 00:00:00+00:00,31790.715277777777,6.9111111111111105
2017-12-17 00:00:00+00:00,29947.791666666668,6.945833333333334
2017-12-18 00:00:00+00:00,29927.38888888889,7.010416666666667
2017-12-19 00:00:00+00:00,29583.916666666668,7.199999999999999
2017-12-20 00:00:00+00:00,28949.29861111111,7.189583333333333
2017-12-21 00:00:00+00:00,27690.591304347825,7.1805194805194805
2017-12-22 00:00:00+00:00,27882.54861111111,7.265277777777778
2017-12-23 00:00:00+00:00,28162.79513888889,7.355208333333334
2017-12-24 00:00:00+00:00,27699.836805555555,7.385763888888889
2017-12-25 00:00:00+00:00,29485.09375,7.448958333333334
2017-12-26 00:00:00+00:00,31744.930555555555,7.234375
2017-12-27 00:00:00+00:00,31405.940972222223,6.988541666666666
2017-12-28 00:00:00+00:00,29745.614583333332,6.776736111111111
2017-12-29 00:00:00+00:00,31011.565972222223,6.580555555555556
2017-12-30 00:00:00+00:00,31804.21875,6.332638888888889
2017-12-31 00:00:00+00:00,32679.5,6.3
2018-01-01 00:00:00+00:00,31878.052083333332,6.479166666666667
2018-01-02 00:00:00+00:00,29850.569444444445,6.432986111111111
2018-01-03 00:00:00+00:00,31845.61111111111,6.429861111111112
2018-01-04 00:00:00+00:00,31230.29861111111,6.506944444444445
2018-01-05 00:00:00+00:00,30955.229166666668,6.540277777777778
2018-01-06 00:00:00+00:00,28797.038194444445,6.497222222222223
2018-01-07 00:00:00+00:00,28980.54861111111,6.297916666666667
2018-01-08 00:00:00+00:00,28866.899305555555,6.070833333333334
2018-01-09 00:00:00+00:00,27909.163194444445,6.0680555555555555
2018-01-10 00:00:00+00:00,28647.881944444445,6.087152777777778
2018-01-11 00:00:00+00:00,28447.59927797834,6.168055555555556
2018-01-12 00:00:00+00:00,26966.569444444445,6.326388888888889
2018-01-13 00:00:00+00:00,28974.850694444445,6.367013888888889
2018-01-14 00:00:00+00:00,29002.177083333332,6.301388888888889
2018-01-15 00:00:00+00:00,30282.270833333332,6.132986111111111
2018-01-16 00:00:00+00:00,31055.84375,6.025347222222222
2018-01-17 00:00:00+00:00,31102.32638888889,5.846875000000001
2018-01-18 00:00:00+00:00,31792.17013888889,5.902430555555556
2018-01-19 00:00:00+00:00,29389.065972222223,5.764583333333333
2018-01-20 00:00:00+00:00,29005.114583333332,5.727777777777778
2018-01-21 00:00:00+00:00,28751.395833333332,5.727430555555555
2018-01-22 00:00:00+00:00,28344.90625,5.81875
2018-01-23 00:00:00+00:00,27584.82986111111,5.892013888888889
2018-01-24 00:00:00+00:00,29991.614583333332,6.205902777777777
2018-01-25 00:00:00+00:00,30876.416666666668,6.404861111111112
2018-01-26 00:00:00+00:00,30483.253472222223,6.392708333333334
2018-01-27 00:00:00+00:00,28593.163194444445,6.376041666666667
2018-01-28 00:00:00+00:00,31831.36111111111,6.346180555555556
2018-01-29 00:00:00+00:00,31383.815972222223,6.507638888888889
2018-01-30 00:00:00+00:00,28103.347222222223,6.586111111111111
2018-01-31 00:00:00+00:00,30450.395833333332,6.496180555555556
2018-02-01 00:00:00+00:00,28406.180555555555,6.355208333333334
2018-02-02 00:00:00+00:00,25421.697916666668,6.371527777777778
2018-02-03 00:00:00+00:00,27185.895833333332,6.325694444444444
2018-02-04 00:00:00+00:00,27634.01388888889,6.282638888888889
2018-02-05 00:00:00+00:00,28366.059027777777,6.252430555555556
2018-02-06 00:00:00+00:00,28961.934027777777,6.103472222222222
2018-02-07 00:00:00+00:00,28876.177083333332,6.115277777777778
2018-02-08 00:00:00+00:00,27582.631944444445,6.039236111111111
2018-02-09 00:00:00+00:00,28773.878472222223,5.777083333333334
2018-02-10 00:00:00+00:00,27453.788194444445,5.545486111111111
2018-02-11 00:00:00+00:00,31462.652777777777,5.501388888888888
2018-02-12 00:00:00+00:00,28544.96875,5.169444444444444
2018-02-13 00:00:00+00:00,29038.82986111111,5.221875000000001
2018-02-14 00:00:00+00:00,30067.902777777777,5.035416666666666
2018-02-15 00:00:00+00:00,31452.85763888889,4.938888888888888
2018-02-16 00:00:00+00:00,31219.447916666668,4.933333333333334
2018-02-17 00:00:00+00:00,30637.25,5.128819444444444
2018-02-18 00:00:00+00:00,30904.350694444445,5.171180555555555
2018-02-19 00:00:00+00:00,30493.416666666668,5.132638888888889
2018-02-20 00:00:00+00:00,30602.895833333332,5.146875
2018-02-21 00:00:00+00:00,30199.440972222223,5.184722222222223
2018-02-22 00:00:00+00:00,30249.975694444445,5.176388888888889
2018-02-23 00:00:00+00:00,30723.197916666668,5.100694444444445
2018-02-24 00:00:00+00:00,30645.59375,4.878819444444444
2018-02-25 00:00:00+00:00,31199.277777777777,4.692013888888889
2018-02-26 00:00:00+00:00,31486.197916666668,4.677083333333333
2018-02-27 00:00:00+00:00,31169.9375,4.534375000000001
2018-02-28 00:00:00+00:00,30838.940972222223,4.215624999999999
2018-03-01 00:00:00+00:00,30694.90625,3.767013888888889
2018-03-02 00:00:00+00:00,29549.0,3.3940972222222223
2018-03-03 00:00:00+00:00,29602.25,2.948958333333333
2018-03-04 00:00:00+00:00,29847.003472222223,2.896527777777778
2018-03-05 00:00:00+00:00,30314.760416666668,3.1243055555555554
2018-03-06 00:00:00+00:00,30531.621527777777,3.380902777777778
2018-03-07 00:00:00+00:00,30850.114583333332,3.507638888888889
2018-03-08 00:00:00+00:00,31205.26736111111,3.632986111111111
2018-03-09 00:00:00+00:00,32008.524305555555,3.7902777777777774
2018-03-10 00:00:00+00:00,32500.427083333332,4.005208333333333
2018-03-11 00:00:00+00:00,32430.069444444445,4.2555555555555555
2018-03-12 00:00:00+00:00,32574.70486111111,4.411111111111111
2018-03-13 00:00:00+00:00,32335.371527777777,4.590972222222223
2018-03-14 00:00:00+00:00,31752.288194444445,4.613194444444444
2018-03-15 00:00:00+00:00,31507.302083333332,4.520138888888889
2018-03-16 00:00:00+00:00,31620.628472222223,4.608333333333333
2018-03-17 00:00:00+00:00,31203.121527777777,4.071527777777778
2018-03-18 00:00:00+00:00,31068.399305555555,3.572222222222222
2018-03-19 00:00:00+00:00,30778.95138888889,3.373263888888889
2018-03-20 00:00:00+00:00,30095.07986111111,3.603472222222222
2018-03-21 00:00:00+00:00,29535.565972222223,3.855555555555556
2018-03-22 00:00:00+00:00,28782.927083333332,4.012499999999999
2018-03-23 00:00:00+00:00,28476.381944444445,4.092361111111111
2018-03-24 00:00:00+00:00,29760.17361111111,4.053472222222222
2018-03-25 00:00:00+00:00,29796.65625,4.171180555555555
2018-03-26 00:00:00+00:00,29754.61111111111,4.430555555555555
2018-03-27 00:00:00+00:00,29862.28125,4.552083333333333
2018-03-28 00:00:00+00:00,30336.73263888889,4.562152777777778
2018-03-29 00:00:00+00:00,30009.652777777777,4.675
2018-03-30 00:00:00+00:00,30569.8125,4.824305555555556
2018-03-31 00:00:00+00:00,30741.684027777777,4.951736111111112
2018-04-01 00:00:00+00:00,30275.569444444445,5.178125
2018-04-02 00:00:00+00:00,30218.3125,5.296875
2018-04-03 00:00:00+00:00,30452.20486111111,5.561805555555555
2018-04-04 00:00:00+00:00,30684.902777777777,5.8225694444444445
2018-04-05 00:00:00+00:00,29678.868055555555,6.103472222222222
2018-04-06 00:00:00+00:00,29726.871527777777,6.104513888888889
2018-04-07 00:00:00+00:00,30929.600694444445,6.122222222222223
2018-04-08 00:00:00+00:00,30989.07986111111,6.270138888888889
2018-04-09 00:00:00+00:00,30715.222222222223,6.397222222222222
2018-04-10 00:00:00+00:00,30904.23263888889,6.660763888888889
2018-04-11 00:00:00+00:00,30765.39236111111,6.855208333333334
2018-04-12 00:00:00+00:00,31069.631944444445,6.835416666666666
2018-04-13 00:00:00+00:00,30979.416666666668,6.980208333333334
2018-04-14 00:00:00+00:00,30692.270833333332,7.252083333333333
2018-04-15 00:00:00+00:00,30550.0625,7.4541666666666675
2018-04-16 00:00:00+00:00,30464.065972222223,7.81701388888889
2018-04-17 00:00:00+00:00,30335.416666666668,8.224305555555555
2018-04-18 00:00:00+00:00,30554.472222222223,8.303472222222222
2018-04-19 00:00:00+00:00,30432.60763888889,8.482291666666667
2018-04-20 00:00:00+00:00,30370.569444444445,8.759027777777778
2018-04-21 00:00:00+00:00,30144.17361111111,9.018055555555556
2018-04-22 00:00:00+00:00,30264.67013888889,9.103819444444445
2018-04-23 00:00:00+00:00,30342.930555555555,9.612847222222221
2018-04-24 00:00:00+00:00,31399.534722222223,9.946527777777778
2018-04-25 00:00:00+00:00,32118.45486111111,9.853124999999999
2018-04-26 00:00:00+00:00,32128.190972222223,10.370138888888889
2018-04-27 00:00:00+00:00,31977.909722222223,10.416319444444445
2018-04-28 00:00:00+00:00,31754.666666666668,10.658680555555556
2018-04-29 00:00:00+00:00,31411.4375,10.684027777777779
2018-04-30 00:00:00+00:00,31076.427083333332,9.938541666666667
2018-05-01 00:00:00+00:00,30674.434027777777,9.740625
2018-05-02 00:00:00+00:00,30772.84375,9.939930555555556
2018-05-03 00:00:00+00:00,31038.524305555555,10.146180555555555
2018-05-04 00:00:00+00:00,30538.572916666668,10.364583333333334
2018-05-05 00:00:00+00:00,30368.114583333332,10.557986111111111
2018-05-06 00:00:00+00:00,30558.82638888889,10.769097222222221
2018-05-07 00:00:00+00:00,30773.4375,11.031597222222222
2018-05-08 00:00:00+00:00,30950.17013888889,11.348263888888889
2018-05-09 00:00:00+00:00,31037.104166666668,11.79826388888889
2018-05-10 00:00:00+00:00,31292.409722222223,12.133333333333333
2018-05-11 00:00:00+00:00,31433.38888888889,12.361458333333333
2018-05-12 00:00:00+00:00,31729.715277777777,12.449305555555556
2018-05-13 00:00:00+00:00,31628.63888888889,12.728472222222223
2018-05-14 00:00:00+00:00,31462.09375,12.74861111111111
2018-05-15 00:00:00+00:00,31219.041666666668,12.685416666666667
2018-05-16 00:00:00+00:00,30816.597222222223,12.631597222222222
2018-05-17 00:00:00+00:00,30037.57986111111,12.075694444444444
2018-05-18 00:00:00+00:00,29627.28125,12.036805555555555
2018-05-19 00:00:00+00:00,29107.163194444445,12.004513888888889
2018-05-20 00:00:00+00:00,28669.583333333332,12.244791666666666
2018-05-21 00:00:00+00:00,29068.333333333332,12.505902777777777
2018-05-22 00:00:00+00:00,28974.739583333332,12.862152777777778
2018-05-23 00:00:00+00:00,29293.996527777777,12.980208333333334
2018-05-24 00:00:00+00:00,29923.881944444445,13.009374999999999
2018-05-25 00:00:00+00:00,30538.222222222223,13.046875
2018-05-26 00:00:00+00:00,30562.253472222223,13.362152777777776
2018-05-27 00:00:00+00:00,30902.45486111111,13.566319444444444
2018-05-28 00:00:00+00:00,30881.07638888889,13.89201388888889
2018-05-29 00:00:00+00:00,30423.6875,14.322569444444444
2018-05-30 00:00:00+00:00,30509.586805555555,14.527777777777779
2018-05-31 00:00:00+00:00,30247.01736111111,14.767708333333335
2018-06-01 00:00:00+00:00,30087.614583333332,14.884374999999999
2018-06-02 00:00:00+00:00,30124.534722222223,14.988541666666666
2018-06-03 00:00:00+00:00,30338.506944444445,15.070138888888888
2018-06-04 00:00:00+00:00,30185.274305555555,15.059375000000001
2018-06-05 00:00:00+00:00,30437.565972222223,14.882986111111112
2018-06-06 00:00:00+00:00,30831.260416666668,14.810069444444444
2018-06-07 00:00:00+00:00,30678.645833333332,15.025347222222223
2018-06-08 00:00:00+00:00,30448.461805555555,15.164930555555555
2018-06-09 00:00:00+00:00,30476.96875,15.270833333333334
2018-06-10 00:00:00+00:00,30520.48611111111,15.458680555555556
2018-06-11 00:00:00+00:00,30305.40625,15.590972222222222
2018-06-12 00:00:00+00:00,30296.71875,15.445486111111112
2018-06-13 00:00:00+00:00,30062.34375,15.407638888888888
2018-06-14 00:00:00+00:00,29459.628472222223,15.697222222222223
2018-06-15 00:00:00+00:00,29256.197916666668,15.867013888888888
2018-06-16 00:00:00+00:00,28712.63888888889,16.13611111111111
2018-06-17 00:00:00+00:00,28969.125,16.304513888888888
2018-06-18 00:00:00+00:00,29065.465277777777,16.362499999999997
2018-06-19 00:00:00+00:00,29847.98611111111,16.40138888888889
2018-06-20 00:00:00+00:00,29154.402826855123,16.598245614035086
2018-06-21 00:00:00+00:00,29272.940972222223,16.480555555555554
2018-06-22 00:00:00+00:00,29457.409722222223,15.707291666666666
2018-06-23 00:00:00+00:00,29062.246527777777,15.633333333333333
2018-06-24 00:00:00+00:00,28705.46875,16.04409722222222
2018-06-25 00:00:00+00:00,28915.097222222223,16.326736111111114
2018-06-26 00:00:00+00:00,29024.444444444445,16.54513888888889
2018-06-27 00:00:00+00:00,29190.378472222223,16.794791666666665
2018-06-28 00:00:00+00:00,29280.75,17.160069444444446
2018-06-29 00:00:00+00:00,29466.121527777777,17.431597222222223
2018-06-30 00:00:00+00:00,29377.100694444445,17.571875
2018-07-01 00:00:00+00:00,29187.902777777777,17.72361111111111
2018-07-02 00:00:00+00:00,29096.0625,17.84201388888889
2018-07-03 00:00:00+00:00,29232.333333333332,17.883680555555557
2018-07-04 00:00:00+00:00,29433.57638888889,17.928819444444443
2018-07-05 00:00:00+00:00,29394.350694444445,18.145833333333332
2018-07-06 00:00:00+00:00,29094.262857142858,18.364930555555556
2018-07-07 00:00:00+00:00,29393.555555555555,18.536458333333332
2018-07-08 00:00:00+00:00,29535.916666666668,18.476388888888888
2018-07-09 00:00:00+00:00,30079.3785046729,18.673426573426575
2018-07-10 00:00:00+00:00,30174.520833333332,18.26736111111111
2018-07-11 00:00:00+00:00,29966.916666666668,18.036458333333332
2018-07-12 00:00:00+00:00,29840.458333333332,18.15277777777778
2018-07-13 00:00:00+00:00,29615.82638888889,18.459375
2018-07-14 00:00:00+00:00,29540.211805555555,18.788541666666667
2018-07-15 00:00:00+00:00,29599.01388888889,19.187152777777776
2018-07-16 00:00:00+00:00,29584.98611111111,19.673958333333335
2018-07-17 00:00:00+00:00,29535.840277777777,20.09375
2018-07-18 00:00:00+00:00,29633.989637305698,20.267708333333335
2018-07-19 00:00:00+00:00,29742.20138888889,20.291319444444444
2018-07-20 00:00:00+00:00,29994.078014184397,20.132978723404257
2018-07-21 00:00:00+00:00,30179.043165467625,20.116187050359713
2018-07-22 00:00:00+00:00,30301.88732394366,20.344718309859154
2018-07-23 00:00:00+00:00,30477.67361111111,20.633680555555557
2018-07-24 00:00:00+00:00,30598.48611111111,20.93402777777778
2018-07-25 00:00:00+00:00,30660.027777777777,21.25347222222222
2018-07-26 00:00:00+00:00,30730.2,21.492361111111112
2018-07-27 00:00:00+00:00,30842.118055555555,21.772916666666667
2018-07-28 00:00:00+00:00,30927.71875,21.976041666666667
2018-07-29 00:00:00+00:00,31137.0,21.544444444444444
2018-07-30 00:00:00+00:00,31152.71875,21.427430555555556
2018-07-31 00:00:00+00:00,31044.600694444445,21.564930555555556
2018-08-01 00:00:00+00:00,30913.208333333332,21.718055555555555
2018-08-02 00:00:00+00:00,30882.32638888889,21.83298611111111
2018-08-03 00:00:00+00:00,30975.725694444445,21.990972222222222
2018-08-04 00:00:00+00:00,31086.54513888889,22.110416666666666
2018-08-05 00:00:00+00:00,31167.524305555555,21.994791666666668
2018-08-06 00:00:00+00:00,31280.878472222223,21.863194444444446
2018-08-07 00:00:00+00:00,31264.10763888889,22.068055555555556
2018-08-08 00:00:00+00:00,31276.32638888889,22.196527777777778
2018-08-09 00:00:00+00:00,31200.5625,21.988194444444446
2018-08-10 00:00:00+00:00,31174.246527777777,21.203472222222224
2018-08-11 00:00:00+00:00,31569.284722222223,20.258680555555557
2018-08-12 00:00:00+00:00,31273.04861111111,19.902430555555554
2018-08-13 00:00:00+00:00,31088.881944444445,20.064583333333335
2018-08-14 00:00:00+00:00,30989.989583333332,20.153819444444444
2018-08-15 00:00:00+00:00,31141.04513888889,20.195833333333333
2018-08-16 00:00:00+00:00,31375.833333333332,20.01215277777778
2018-08-17 00:00:00+00:00,31113.444444444445,20.09861111111111
2018-08-18 00:00:00+00:00,31100.88888888889,20.219444444444445
2018-08-19 00:00:00+00:00,31602.21875,20.19027777777778
2018-08-20 00:00:00+00:00,31997.26388888889,20.222569444444446
2018-08-21 00:00:00+00:00,31797.225694444445,20.45798611111111
2018-08-22 00:00:00+00:00,31730.159722222223,20.702777777777776
2018-08-23 00:00:00+00:00,31941.819444444445,20.863541666666666
2018-08-24 00:00:00+00:00,32159.25,20.48923611111111
2018-08-25 00:00:00+00:00,32048.07986111111,19.671180555555555
2018-08-26 00:00:00+00:00,31508.930555555555,18.799999999999997
2018-08-27 00:00:00+00:00,31974.211805555555,18.467708333333334
2018-08-28 00:00:00+00:00,31780.82986111111,18.26111111111111
2018-08-29 00:00:00+00:00,31257.225694444445,18.113194444444446
2018-08-30 00:00:00+00:00,31027.496527777777,18.496180555555554
2018-08-31 00:00:00+00:00,31048.371527777777,18.872569444444444
2018-09-01 00:00:00+00:00,31000.51388888889,19.101736111111112
2018-09-02 00:00:00+00:00,30952.479166666668,19.271180555555556
2018-09-03 00:00:00+00:00,30962.36974789916,19.269444444444446
2018-09-04 00:00:00+00:00,,19.259375
2018-09-05 00:00:00+00:00,,19.41111111111111
2018-09-06 00:00:00+00:00,,19.45590277777778
2018-09-07 00:00:00+00:00,,19.166319444444444
2018-09-08 00:00:00+00:00,,18.532291666666666
2018-09-09 00:00:00+00:00,,18.07326388888889
2018-09-10 00:00:00+00:00,,18.11388888888889
2018-09-11 00:00:00+00:00,,18.281597222222224
2018-09-12 00:00:00+00:00,,18.38780487804878
2018-09-13 00:00:00+00:00,,18.35451388888889
2018-09-14 00:00:00+00:00,,18.32638888888889
2018-09-15 00:00:00+00:00,,18.115625
2018-09-16 00:00:00+00:00,,18.000694444444445
2018-09-17 00:00:00+00:00,,18.087152777777778
2018-09-18 00:00:00+00:00,,18.144444444444446
2018-09-19 00:00:00+00:00,,18.267013888888886
2018-09-20 00:00:00+00:00,,18.366666666666667
2018-09-21 00:00:00+00:00,,18.217708333333334
2018-09-22 00:00:00+00:00,,17.373611111111114
2018-09-23 00:00:00+00:00,,16.804861111111112
2018-09-24 00:00:00+00:00,,16.745833333333334
2018-09-25 00:00:00+00:00,,16.864930555555556
2018-09-26 00:00:00+00:00,,16.679770992366414
2018-09-27 00:00:00+00:00,,16.760416666666668
2018-09-28 00:00:00+00:00,,17.024305555555557
2018-09-29 00:00:00+00:00,,16.902083333333334
2018-09-30 00:00:00+00:00,,16.696527777777778
2018-10-01 00:00:00+00:00,,16.509027777777778
2018-10-02 00:00:00+00:00,,15.962499999999999
2018-10-03 00:00:00+00:00,,15.58888888888889
2018-10-04 00:00:00+00:00,,15.529861111111112
2018-10-05 00:00:00+00:00,30251.173076923078,15.81975806451613
2018-10-06 00:00:00+00:00,30546.42013888889,15.979166666666666
2018-10-07 00:00:00+00:00,31063.416666666668,16.149305555555557
2018-10-08 00:00:00+00:00,31099.95138888889,15.839236111111111
2018-10-09 00:00:00+00:00,30869.88888888889,15.461805555555555
2018-10-10 00:00:00+00:00,30766.024305555555,15.581944444444446
2018-10-11 00:00:00+00:00,30655.385,15.825263157894737
2018-10-12 00:00:00+00:00,30690.1875,15.977430555555555
2018-10-13 00:00:00+00:00,30836.180555555555,16.139236111111114
2018-10-14 00:00:00+00:00,30892.67361111111,16.298958333333335
2018-10-15 00:00:00+00:00,31019.51388888889,16.361458333333335
2018-10-16 00:00:00+00:00,31197.055555555555,16.413888888888888
2018-10-17 00:00:00+00:00,31452.555555555555,16.45763888888889
2018-10-18 00:00:00+00:00,31545.340277777777,16.345138888888886
2018-10-19 00:00:00+00:00,32087.82638888889,16.05138888888889
2018-10-20 00:00:00+00:00,32152.743055555555,15.835069444444445
2018-10-21 00:00:00+00:00,32016.965277777777,15.634374999999999
2018-10-22 00:00:00+00:00,32071.458333333332,15.640625
2018-10-23 00:00:00+00:00,31834.006944444445,15.445486111111112
2018-10-24 00:00:00+00:00,31247.604166666668,15.210763888888888
2018-10-25 00:00:00+00:00,30910.194444444445,15.203125
2018-10-26 00:00:00+00:00,30822.82638888889,14.813541666666667
2018-10-27 00:00:00+00:00,30626.48611111111,14.149999999999999
2018-10-28 00:00:00+00:00,30419.527777777777,13.913541666666667
2018-10-29 00:00:00+00:00,30436.54861111111,13.662847222222222
2018-10-30 00:00:00+00:00,30399.756944444445,13.28125
2018-10-31 00:00:00+00:00,30460.256944444445,12.303472222222222
2018-11-01 00:00:00+00:00,30348.097222222223,11.663888888888888
2018-11-02 00:00:00+00:00,30292.61111111111,11.525347222222223
2018-11-03 00:00:00+00:00,30219.291666666668,11.36076388888889
2018-11-04 00:00:00+00:00,30261.444444444445,11.145833333333334
2018-11-05 00:00:00+00:00,30380.333333333332,11.318402777777777
2018-11-06 00:00:00+00:00,30388.083333333332,11.3875
2018-11-07 00:00:00+00:00,30563.472222222223,11.467708333333333
2018-11-08 00:00:00+00:00,30789.42361111111,11.243402777777778
2018-11-09 00:00:00+00:00,30803.979166666668,11.240972222222222
2018-11-10 00:00:00+00:00,31132.583333333332,11.247569444444444
2018-11-11 00:00:00+00:00,31445.5625,11.223263888888889
2018-11-12 00:00:00+00:00,31420.055555555555,11.170833333333333
2018-11-13 00:00:00+00:00,31752.63888888889,11.223263888888889
2018-11-14 00:00:00+00:00,31845.777777777777,11.083680555555555
2018-11-15 00:00:00+00:00,32108.77372262774,10.921180555555557
2018-11-16 00:00:00+00:00,32194.291666666668,10.838194444444445
2018-11-17 00:00:00+00:00,31920.569444444445,10.505208333333334
2018-11-18 00:00:00+00:00,32187.472222222223,10.396180555555555
2018-11-19 00:00:00+00:00,32687.32638888889,10.63888888888889
2018-11-20 00:00:00+00:00,32420.8125,10.929513888888888
2018-11-21 00:00:00+00:00,32340.1582278481,10.373958333333333
2018-11-22 00:00:00+00:00,32306.5,9.411111111111111
2018-11-23 00:00:00+00:00,32148.135416666668,9.140625
2018-11-24 00:00:00+00:00,32043.677083333332,9.161805555555555
2018-11-25 00:00:00+00:00,31993.885416666668,8.991319444444445
2018-11-26 00:00:00+00:00,31988.354166666668,9.090277777777779
2018-11-27 00:00:00+00:00,31945.847222222223,8.878819444444444
2018-11-28 00:00:00+00:00,32012.934027777777,8.274305555555555
2018-11-29 00:00:00+00:00,32359.725694444445,8.29826388888889
2018-11-30 00:00:00+00:00,32396.895833333332,8.362847222222221
2018-12-01 00:00:00+00:00,32383.17361111111,8.356944444444444
2018-12-02 00:00:00+00:00,32612.75,8.604861111111111
2018-12-03 00:00:00+00:00,32709.520833333332,8.81388888888889
2018-12-04 00:00:00+00:00,32617.972222222223,8.953125
2018-12-05 00:00:00+00:00,32241.88888888889,8.812152777777778
2018-12-06 00:00:00+00:00,32223.48263888889,8.809375
2018-12-07 00:00:00+00:00,32733.0625,9.164236111111112
2018-12-08 00:00:00+00:00,32832.52777777778,9.068055555555555
2018-12-09 00:00:00+00:00,32703.381944444445,8.770833333333334
2018-12-10 00:00:00+00:00,32178.277777777777,8.526736111111111
2018-12-11 00:00:00+00:00,30961.51388888889,8.5625
2018-12-12 00:00:00+00:00,30712.580071174376,8.334722222222222
2018-12-13 00:00:00+00:00,30366.85763888889,7.851041666666666
2018-12-14 00:00:00+00:00,30650.815972222223,7.681597222222223
2018-12-15 00:00:00+00:00,30800.927083333332,7.409027777777778
2018-12-16 00:00:00+00:00,31576.961805555555,6.78125
2018-12-17 00:00:00+00:00,31823.479166666668,6.569444444444445
2018-12-18 00:00:00+00:00,31755.541666666668,6.365277777777778
2018-12-19 00:00:00+00:00,32246.95486111111,6.501736111111111
2018-12-20 00:00:00+00:00,32227.54513888889,6.339236111111111
2018-12-21 00:00:00+00:00,32500.684027777777,6.528819444444444
2018-12-22 00:00:00+00:00,32634.184027777777,6.880902777777778
2018-12-23 00:00:00+00:00,32265.756944444445,7.008680555555555
2018-12-24 00:00:00+00:00,31696.434027777777,6.961111111111111
2018-12-25 00:00:00+00:00,31414.75,6.905902777777778
2018-12-26 00:00:00+00:00,31235.1875,6.793402777777778
2018-12-27 00:00:00+00:00,31035.620967741936,6.723282442748092
2018-12-28 00:00:00+00:00,30750.309027777777,6.732291666666667
2018-12-29 00:00:00+00:00,30289.756944444445,6.823611111111111
2018-12-30 00:00:00+00:00,29333.17361111111,7.014583333333333
2018-12-31 00:00:00+00:00,31488.0,7.050000000000001
2019-01-01 00:00:00+00:00,28131.493055555555,7.259722222222223
2019-01-02 00:00:00+00:00,30376.385416666668,7.395486111111111
2019-01-03 00:00:00+00:00,30274.784722222223,7.296180555555556
2019-01-04 00:00:00+00:00,29713.836805555555,7.13611111111111
2019-01-05 00:00:00+00:00,29183.565972222223,7.088888888888889
2019-01-06 00:00:00+00:00,28807.90625,7.044444444444444
2019-01-07 00:00:00+00:00,28281.15625,6.995833333333334
2019-01-08 00:00:00+00:00,28642.88679245283,7.044654088050314
2019-01-09 00:00:00+00:00,,
2019-01-10 00:00:00+00:00,,
2019-01-11 00:00:00+00:00,,
2019-01-12 00:00:00+00:00,,
2019-01-13 00:00:00+00:00,,
2019-01-14 00:00:00+00:00,,
2019-01-15 00:00:00+00:00,,
2019-01-16 00:00:00+00:00,,
2019-01-17 00:00:00+00:00,,
2019-01-18 00:00:00+00:00,,
2019-01-19 00:00:00+00:00,,
2019-01-20 00:00:00+00:00,,
2019-01-21 00:00:00+00:00,29945.323529411766,6.602898550724638
2019-01-22 00:00:00+00:00,30087.38888888889,6.067361111111111
2019-01-23 00:00:00+00:00,30506.256944444445,5.828472222222222
2019-01-24 00:00:00+00:00,30312.159722222223,5.949999999999999
2019-01-25 00:00:00+00:00,30169.854166666668,5.727083333333334
2019-01-26 00:00:00+00:00,29957.159722222223,5.503472222222222
2019-01-27 00:00:00+00:00,30397.5,5.531666666666666
2019-01-28 00:00:00+00:00,,
2019-01-29 00:00:00+00:00,,
2019-01-30 00:00:00+00:00,,
2019-01-31 00:00:00+00:00,,
2019-02-01 00:00:00+00:00,,
2019-02-02 00:00:00+00:00,,
2019-02-03 00:00:00+00:00,,
2019-02-04 00:00:00+00:00,,
2019-02-05 00:00:00+00:00,,
2019-02-06 00:00:00+00:00,,
2019-02-07 00:00:00+00:00,,
2019-02-08 00:00:00+00:00,,
2019-02-09 00:00:00+00:00,,
2019-02-10 00:00:00+00:00,,
2019-02-11 00:00:00+00:00,,
2019-02-12 00:00:00+00:00,,
2019-02-13 00:00:00+00:00,,
2019-02-14 00:00:00+00:00,,
2019-02-15 00:00:00+00:00,,
2019-02-16 00:00:00+00:00,,
2019-02-17 00:00:00+00:00,,
2019-02-18 00:00:00+00:00,,
2019-02-19 00:00:00+00:00,,
2019-02-20 00:00:00+00:00,,
2019-02-21 00:00:00+00:00,,
2019-02-22 00:00:00+00:00,,
2019-02-23 00:00:00+00:00,,
2019-02-24 00:00:00+00:00,,
2019-02-25 00:00:00+00:00,,
2019-02-26 00:00:00+00:00,,
2019-02-27 00:00:00+00:00,,
2019-02-28 00:00:00+00:00,,
2019-03-01 00:00:00+00:00,,
2019-03-02 00:00:00+00:00,,
2019-03-03 00:00:00+00:00,,
2019-03-04 00:00:00+00:00,,
2019-03-05 00:00:00+00:00,,
2019-03-06 00:00:00+00:00,,
2019-03-07 00:00:00+00:00,,
2019-03-08 00:00:00+00:00,,
2019-03-09 00:00:00+00:00,,
2019-03-10 00:00:00+00:00,,
2019-03-11 00:00:00+00:00,,
2019-03-12 00:00:00+00:00,,
2019-03-13 00:00:00+00:00,,
2019-03-14 00:00:00+00:00,,
2019-03-15 00:00:00+00:00,,
2019-03-16 00:00:00+00:00,,
2019-03-17 00:00:00+00:00,,
2019-03-18 00:00:00+00:00,,
2019-03-19 00:00:00+00:00,,
2019-03-20 00:00:00+00:00,,
2019-03-21 00:00:00+00:00,,
2019-03-22 00:00:00+00:00,27051.812182741116,8.215736040609137
2019-03-23 00:00:00+00:00,28474.71875,8.245833333333332
2019-03-24 00:00:00+00:00,28493.67361111111,8.245138888888889
2019-03-25 00:00:00+00:00,27432.739583333332,8.334375000000001
2019-03-26 00:00:00+00:00,26705.45486111111,8.222569444444444
2019-03-27 00:00:00+00:00,26771.385416666668,8.29826388888889
2019-03-28 00:00:00+00:00,26833.753472222223,8.351041666666667
2019-03-29 00:00:00+00:00,28543.371527777777,8.371875
2019-03-30 00:00:00+00:00,29457.8125,8.440972222222221
2019-03-31 00:00:00+00:00,29794.82986111111,8.375694444444443
2019-04-01 00:00:00+00:00,30898.618055555555,8.188194444444443
2019-04-02 00:00:00+00:00,31179.868055555555,8.227083333333333
2019-04-03 00:00:00+00:00,30930.14236111111,8.319444444444445
2019-04-04 00:00:00+00:00,30956.458333333332,8.383333333333333
2019-04-05 00:00:00+00:00,31057.309027777777,8.499652777777778
2019-04-06 00:00:00+00:00,30858.26388888889,8.69375
2019-04-07 00:00:00+00:00,30794.274305555555,8.937152777777778
2019-04-08 00:00:00+00:00,30944.98263888889,9.252777777777778
2019-04-09 00:00:00+00:00,31147.4375,9.433680555555556
2019-04-10 00:00:00+00:00,31214.927083333332,9.32638888888889
2019-04-11 00:00:00+00:00,31135.07986111111,8.901736111111113
2019-04-12 00:00:00+00:00,30625.305555555555,8.792708333333334
2019-04-13 00:00:00+00:00,30401.5625,8.60763888888889
2019-04-14 00:00:00+00:00,30253.381944444445,8.590972222222222
2019-04-15 00:00:00+00:00,30113.09375,8.727083333333333
2019-04-16 00:00:00+00:00,30017.29861111111,9.016666666666667
2019-04-17 00:00:00+00:00,30073.041666666668,9.280902777777778
2019-04-18 00:00:00+00:00,29954.315972222223,9.64201388888889
2019-04-19 00:00:00+00:00,29969.069444444445,10.070486111111112
2019-04-20 00:00:00+00:00,30011.479166666668,10.526736111111111
2019-04-21 00:00:00+00:00,30089.29513888889,10.880208333333334
2019-04-22 00:00:00+00:00,30185.23263888889,11.13923611111111
2019-04-23 00:00:00+00:00,30204.432,11.22
2019-04-24 00:00:00+00:00,30403.243055555555,11.461805555555555
2019-04-25 00:00:00+00:00,30670.347222222223,11.568055555555555
2019-04-26 00:00:00+00:00,31038.180555555555,11.604166666666666
2019-04-27 00:00:00+00:00,32137.07638888889,11.343055555555557
2019-04-28 00:00:00+00:00,32603.381944444445,11.398611111111112
2019-04-29 00:00:00+00:00,32454.090277777777,11.621527777777779
2019-04-30 00:00:00+00:00,32109.6875,11.760416666666666
2019-05-01 00:00:00+00:00,31981.066390041495,11.7149377593361
2019-05-02 00:00:00+00:00,31892.163194444445,11.710416666666667
2019-05-03 00:00:00+00:00,31682.95486111111,11.631944444444445
2019-05-04 00:00:00+00:00,31408.256944444445,11.172222222222222
2019-05-05 00:00:00+00:00,30543.864583333332,10.947222222222223
2019-05-06 00:00:00+00:00,30084.711805555555,10.966666666666667
2019-05-07 00:00:00+00:00,29747.60763888889,11.161458333333334
2019-05-08 00:00:00+00:00,29830.739583333332,11.32673611111111
2019-05-09 00:00:00+00:00,30151.32986111111,11.49201388888889
2019-05-10 00:00:00+00:00,30234.041666666668,11.715625
2019-05-11 00:00:00+00:00,30528.378472222223,11.776041666666666
2019-05-12 00:00:00+00:00,30488.972222222223,11.807986111111111
2019-05-13 00:00:00+00:00,30593.71875,11.863194444444444
2019-05-14 00:00:00+00:00,30727.385416666668,11.90798611111111
2019-05-15 00:00:00+00:00,30336.350694444445,12.122916666666667
2019-05-16 00:00:00+00:00,29791.965277777777,12.311805555555557
2019-05-17 00:00:00+00:00,29550.23611111111,12.320486111111112
2019-05-18 00:00:00+00:00,29358.84375,12.492361111111112
2019-05-19 00:00:00+00:00,28886.597222222223,12.71701388888889
2019-05-20 00:00:00+00:00,28826.006944444445,12.632638888888888
2019-05-21 00:00:00+00:00,28710.822916666668,12.577430555555557
2019-05-22 00:00:00+00:00,28422.20138888889,12.728472222222223
2019-05-23 00:00:00+00:00,28566.178723404257,12.982291666666667
2019-05-24 00:00:00+00:00,29051.70138888889,13.115625000000001
2019-05-25 00:00:00+00:00,29054.229166666668,13.34548611111111
2019-05-26 00:00:00+00:00,29191.45138888889,13.446527777777778
2019-05-27 00:00:00+00:00,30329.63888888889,13.695138888888888
2019-05-28 00:00:00+00:00,29916.743055555555,13.838194444444445
2019-05-29 00:00:00+00:00,28698.63888888889,14.000694444444443
2019-05-30 00:00:00+00:00,31034.70138888889,14.263541666666665
2019-05-31 00:00:00+00:00,31274.75,14.727083333333333
2019-06-01 00:00:00+00:00,31186.784722222223,15.153819444444444
2019-06-02 00:00:00+00:00,30873.79861111111,15.409722222222221
2019-06-03 00:00:00+00:00,30911.29861111111,15.882986111111112
2019-06-04 00:00:00+00:00,30789.222222222223,15.880555555555556
2019-06-05 00:00:00+00:00,30479.291666666668,15.872569444444444
2019-06-06 00:00:00+00:00,29779.625,16.06875
2019-06-07 00:00:00+00:00,30244.42361111111,15.849652777777777
2019-06-08 00:00:00+00:00,31960.36111111111,15.454166666666667
2019-06-09 00:00:00+00:00,32096.256944444445,15.433333333333334
2019-06-10 00:00:00+00:00,31214.131944444445,15.728124999999999
2019-06-11 00:00:00+00:00,31497.916666666668,15.929861111111112
2019-06-12 00:00:00+00:00,30737.520833333332,16.023958333333336
2019-06-13 00:00:00+00:00,30854.222222222223,15.941319444444446
2019-06-14 00:00:00+00:00,30858.666666666668,16.032291666666666
2019-06-15 00:00:00+00:00,30736.069444444445,16.205208333333335
2019-06-16 00:00:00+00:00,30029.381944444445,16.477777777777778
2019-06-17 00:00:00+00:00,30273.743055555555,16.765972222222224
2019-06-18 00:00:00+00:00,29897.333333333332,16.96808510638298
2019-06-19 00:00:00+00:00,30132.29861111111,16.90798611111111
2019-06-20 00:00:00+00:00,29934.270833333332,17.193055555555556
2019-06-21 00:00:00+00:00,29159.13888888889,17.490972222222222
2019-06-22 00:00:00+00:00,29213.993055555555,17.419444444444444
2019-06-23 00:00:00+00:00,30219.583333333332,17.392708333333335
2019-06-24 00:00:00+00:00,30343.36111111111,17.605208333333334
2019-06-25 00:00:00+00:00,30173.83414634146,17.93074074074074
2019-06-26 00:00:00+00:00,30188.413194444445,18.13576388888889
2019-06-27 00:00:00+00:00,31230.614583333332,17.372916666666665
2019-06-28 00:00:00+00:00,31161.805555555555,17.34201388888889
2019-06-29 00:00:00+00:00,31152.569444444445,17.738194444444446
2019-06-30 00:00:00+00:00,31179.881944444445,18.322569444444444
2019-07-01 00:00:00+00:00,30976.621527777777,18.703125
2019-07-02 00:00:00+00:00,30539.01736111111,18.862499999999997
2019-07-03 00:00:00+00:00,30177.42013888889,18.647916666666667
2019-07-04 00:00:00+00:00,30020.274305555555,18.4375
2019-07-05 00:00:00+00:00,29730.25874125874,18.594755244755245
2019-07-06 00:00:00+00:00,29652.35763888889,18.781597222222224
2019-07-07 00:00:00+00:00,29515.510416666668,18.731250000000003
2019-07-08 00:00:00+00:00,29630.600694444445,18.554513888888888
2019-07-09 00:00:00+00:00,29525.413194444445,18.368055555555557
2019-07-10 00:00:00+00:00,29339.621527777777,18.247916666666665
2019-07-11 00:00:00+00:00,29480.268115942028,18.316666666666666
2019-07-12 00:00:00+00:00,29580.73263888889,18.45798611111111
2019-07-13 00:00:00+00:00,29537.538194444445,18.473958333333332
2019-07-14 00:00:00+00:00,29487.805555555555,18.327777777777776
2019-07-15 00:00:00+00:00,29664.284722222223,18.164583333333336
2019-07-16 00:00:00+00:00,29716.399305555555,18.146875
2019-07-17 00:00:00+00:00,29636.354166666668,18.353472222222223
2019-07-18 00:00:00+00:00,29655.319444444445,18.623611111111114
2019-07-19 00:00:00+00:00,29738.70486111111,18.811111111111114
2019-07-20 00:00:00+00:00,29899.253472222223,18.977083333333333
2019-07-21 00:00:00+00:00,29941.291666666668,19.161458333333332
2019-07-22 00:00:00+00:00,29979.538194444445,19.398263888888888
2019-07-23 00:00:00+00:00,30262.253472222223,19.596180555555556
2019-07-24 00:00:00+00:00,30661.84375,19.773611111111112
2019-07-25 00:00:00+00:00,30834.81300813008,20.160162601626016
2019-07-26 00:00:00+00:00,31053.956175298805,20.37326388888889
2019-07-27 00:00:00+00:00,31140.819444444445,20.42361111111111
2019-07-28 00:00:00+00:00,31124.534722222223,20.273958333333333
2019-07-29 00:00:00+00:00,31333.79513888889,20.298958333333335
2019-07-30 00:00:00+00:00,31468.4375,20.40902777777778
2019-07-31 00:00:00+00:00,31891.697916666668,20.25486111111111
2019-08-01 00:00:00+00:00,32116.04513888889,20.02986111111111
2019-08-02 00:00:00+00:00,31716.809027777777,20.15451388888889
2019-08-03 00:00:00+00:00,31195.375,20.257291666666667
2019-08-04 00:00:00+00:00,30918.125,20.418750000000003
2019-08-05 00:00:00+00:00,30904.069444444445,20.597569444444446
2019-08-06 00:00:00+00:00,31129.336805555555,20.576041666666665
2019-08-07 00:00:00+00:00,31528.996527777777,20.501041666666666
2019-08-08 00:00:00+00:00,31922.961805555555,20.36423611111111
2019-08-09 00:00:00+00:00,31641.958333333332,20.413888888888888
2019-08-10 00:00:00+00:00,32690.492248062015,20.16434108527132
2019-08-11 00:00:00+00:00,32892.055555555555,19.759722222222223
2019-08-12 00:00:00+00:00,32629.534722222223,19.489583333333332
2019-08-13 00:00:00+00:00,32393.590277777777,19.154861111111114
2019-08-14 00:00:00+00:00,32067.895833333332,18.811111111111114
2019-08-15 00:00:00+00:00,32241.458333333332,18.839583333333334
2019-08-16 00:00:00+00:00,31716.145833333332,18.85625
2019-08-17 00:00:00+00:00,31771.743055555555,18.97152777777778
2019-08-18 00:00:00+00:00,31884.465277777777,18.873611111111114
2019-08-19 00:00:00+00:00,32394.95138888889,18.866666666666667
2019-08-20 00:00:00+00:00,32330.722222222223,18.800694444444446
2019-08-21 00:00:00+00:00,32085.766129032258,18.753225806451614
2019-08-22 00:00:00+00:00,31799.864583333332,19.015625
2019-08-23 00:00:00+00:00,31598.062717770033,19.213588850174215
2019-08-24 00:00:00+00:00,31534.114583333332,19.569444444444443
2019-08-25 00:00:00+00:00,31539.652777777777,19.953125
2019-08-26 00:00:00+00:00,31740.010416666668,20.286458333333332
2019-08-27 00:00:00+00:00,31808.305555555555,20.544791666666665
2019-08-28 00:00:00+00:00,31953.17013888889,20.761458333333334
2019-08-29 00:00:00+00:00,31910.40625,20.775
2019-08-30 00:00:00+00:00,31750.784722222223,20.665625
2019-08-31 00:00:00+00:00,31772.291666666668,20.56076388888889
2019-09-01 00:00:00+00:00,31736.590277777777,20.39548611111111
2019-09-02 00:00:00+00:00,31373.809027777777,20.06875
2019-09-03 00:00:00+00:00,31288.020833333332,19.67465277777778
2019-09-04 00:00:00+00:00,31481.090277777777,19.217361111111114
2019-09-05 00:00:00+00:00,31036.243055555555,18.70763888888889
2019-09-06 00:00:00+00:00,31016.67013888889,18.406944444444445
2019-09-07 00:00:00+00:00,30968.003472222223,18.023611111111112
2019-09-08 00:00:00+00:00,31152.42361111111,18.36215277777778
2019-09-09 00:00:00+00:00,31251.01388888889,18.305902777777778
2019-09-10 00:00:00+00:00,31225.509615384617,18.241666666666667
2019-09-11 00:00:00+00:00,,18.152083333333334
2019-09-12 00:00:00+00:00,,18.149305555555557
2019-09-13 00:00:00+00:00,,18.178125
2019-09-14 00:00:00+00:00,,18.160416666666666
2019-09-15 00:00:00+00:00,,18.30138888888889
2019-09-16 00:00:00+00:00,,18.423958333333335
2019-09-17 00:00:00+00:00,,18.232291666666665
2019-09-18 00:00:00+00:00,,17.97326388888889
2019-09-19 00:00:00+00:00,,17.819444444444443
2019-09-20 00:00:00+00:00,,17.742013888888888
2019-09-21 00:00:00+00:00,,17.536805555555556
2019-09-22 00:00:00+00:00,,17.63125
2019-09-23 00:00:00+00:00,,17.659374999999997
2019-09-24 00:00:00+00:00,,17.556611570247934
2019-09-25 00:00:00+00:00,,17.326446280991735
2019-09-26 00:00:00+00:00,,17.17394366197183
2019-09-27 00:00:00+00:00,,16.933333333333334
2019-09-28 00:00:00+00:00,,
2019-09-29 00:00:00+00:00,,16.683333333333334
2019-09-30 00:00:00+00:00,,16.24754098360656
2019-10-01 00:00:00+00:00,,16.224657534246578
2019-10-02 00:00:00+00:00,,15.905555555555557
2019-10-03 00:00:00+00:00,,15.89
2019-10-04 00:00:00+00:00,,15.30925925925926
2019-10-05 00:00:00+00:00,,
2019-10-06 00:00:00+00:00,,14.668085106382978
2019-10-07 00:00:00+00:00,,14.807692307692308
2019-10-08 00:00:00+00:00,,14.964
2019-10-09 00:00:00+00:00,,14.37142857142857
2019-10-10 00:00:00+00:00,,14.1
2019-10-11 00:00:00+00:00,,14.115254237288134
2019-10-12 00:00:00+00:00,,14.135
2019-10-13 00:00:00+00:00,,14.124285714285715
2019-10-14 00:00:00+00:00,31837.61111111111,14.387074829931974
2019-10-15 00:00:00+00:00,31911.57638888889,14.47048611111111
2019-10-16 00:00:00+00:00,31426.89236111111,14.384722222222223
2019-10-17 00:00:00+00:00,31616.13888888889,14.387847222222222
2019-10-18 00:00:00+00:00,32423.309027777777,14.351041666666667
2019-10-19 00:00:00+00:00,32542.618055555555,13.961805555555555
2019-10-20 00:00:00+00:00,32517.29513888889,13.860069444444443
2019-10-21 00:00:00+00:00,32540.708333333332,14.268749999999999
2019-10-22 00:00:00+00:00,32669.73611111111,14.334375000000001
2019-10-23 00:00:00+00:00,32439.54861111111,14.332291666666666
2019-10-24 00:00:00+00:00,32541.26736111111,14.382638888888888
2019-10-25 00:00:00+00:00,32569.23263888889,14.099652777777777
2019-10-26 00:00:00+00:00,32995.038194444445,14.078125
2019-10-27 00:00:00+00:00,32906.45138888889,13.874305555555557
2019-10-28 00:00:00+00:00,32159.166666666668,13.621875
2019-10-29 00:00:00+00:00,31357.208333333332,13.601388888888888
2019-10-30 00:00:00+00:00,31203.940972222223,13.459722222222222
2019-10-31 00:00:00+00:00,31459.0625,12.923958333333333
2019-11-01 00:00:00+00:00,31589.538194444445,12.253125
2019-11-02 00:00:00+00:00,31913.17361111111,12.108333333333333
2019-11-03 00:00:00+00:00,32775.78472222222,12.495833333333334
2019-11-04 00:00:00+00:00,32708.82638888889,12.25173611111111
2019-11-05 00:00:00+00:00,32934.76736111111,12.153819444444444
2019-11-06 00:00:00+00:00,32779.30902777778,12.277777777777779
2019-11-07 00:00:00+00:00,33107.71527777778,12.147222222222222
2019-11-08 00:00:00+00:00,33395.864583333336,11.483333333333333
2019-11-09 00:00:00+00:00,33512.04513888889,10.952777777777778
2019-11-10 00:00:00+00:00,33309.79513888889,10.658333333333333
2019-11-11 00:00:00+00:00,33103.302083333336,10.065277777777778
2019-11-12 00:00:00+00:00,33721.19097222222,10.065625
2019-11-13 00:00:00+00:00,33563.479166666664,9.632638888888888
2019-11-14 00:00:00+00:00,33055.01388888889,8.905902777777778
2019-11-15 00:00:00+00:00,32685.78125,8.697222222222223
2019-11-16 00:00:00+00:00,32494.89236111111,8.682291666666666
2019-11-17 00:00:00+00:00,32330.805555555555,8.549305555555556
2019-11-18 00:00:00+00:00,32068.847222222223,8.763194444444444
2019-11-19 00:00:00+00:00,31635.17361111111,9.760763888888889
2019-11-20 00:00:00+00:00,31355.211805555555,9.700347222222222
2019-11-21 00:00:00+00:00,31147.309027777777,9.39375
2019-11-22 00:00:00+00:00,31493.190972222223,9.219097222222222
2019-11-23 00:00:00+00:00,31243.680555555555,9.06423611111111
2019-11-24 00:00:00+00:00,31422.788194444445,8.927430555555555
2019-11-25 00:00:00+00:00,31455.225694444445,8.819097222222222
2019-11-26 00:00:00+00:00,31330.979166666668,8.89236111111111
2019-11-27 00:00:00+00:00,31856.847222222223,9.072222222222221
2019-11-28 00:00:00+00:00,32405.395833333332,9.132638888888888
2019-11-29 00:00:00+00:00,31730.29513888889,9.178125000000001
2019-11-30 00:00:00+00:00,30919.23611111111,9.186458333333333
2019-12-01 00:00:00+00:00,30971.92361111111,9.272222222222222
2019-12-02 00:00:00+00:00,31367.26736111111,9.305555555555555
2019-12-03 00:00:00+00:00,31208.024305555555,9.071874999999999
2019-12-04 00:00:00+00:00,30961.288194444445,8.755555555555555
2019-12-05 00:00:00+00:00,31093.399305555555,8.659027777777776
2019-12-06 00:00:00+00:00,32016.315972222223,8.284722222222221
2019-12-07 00:00:00+00:00,32484.84375,8.100694444444445
2019-12-08 00:00:00+00:00,33245.166666666664,8.21701388888889
2019-12-09 00:00:00+00:00,33385.62152777778,8.009027777777778
2019-12-10 00:00:00+00:00,32527.291666666668,7.769097222222222
2019-12-11 00:00:00+00:00,33158.791666666664,7.479513888888889
2019-12-12 00:00:00+00:00,32700.409722222223,7.094444444444445
2019-12-13 00:00:00+00:00,32975.89236111111,6.970486111111111
2019-12-14 00:00:00+00:00,32871.979166666664,6.816319444444444
2019-12-15 00:00:00+00:00,32802.60763888889,6.875694444444445
2019-12-16 00:00:00+00:00,32405.805555555555,6.815277777777777
2019-12-17 00:00:00+00:00,32103.944444444445,6.910069444444445
2019-12-18 00:00:00+00:00,31490.625,6.996874999999999
2019-12-19 00:00:00+00:00,29678.846153846152,7.017361111111111
2019-12-20 00:00:00+00:00,31663.506944444445,7.259027777777778
2019-12-21 00:00:00+00:00,31533.364583333332,7.274652777777778
2019-12-22 00:00:00+00:00,33123.024305555555,7.312152777777778
2019-12-23 00:00:00+00:00,32208.340277777777,7.278472222222222
2019-12-24 00:00:00+00:00,31740.100694444445,7.3336805555555555
2019-12-25 00:00:00+00:00,30949.84375,7.380902777777777
2019-12-26 00:00:00+00:00,30579.23611111111,7.3850694444444445
2019-12-27 00:00:00+00:00,31287.305555555555,7.392013888888889
2019-12-28 00:00:00+00:00,30848.302083333332,7.388888888888889
2019-12-29 00:00:00+00:00,31202.385416666668,7.332986111111111
2019-12-30 00:00:00+00:00,30691.840277777777,7.102430555555555
2019-12-31 00:00:00+00:00,30637.5,7.25
2020-01-01 00:00:00+00:00,30816.8125,7.335069444444445
2020-01-02 00:00:00+00:00,30817.972222222223,7.164236111111112
2020-01-03 00:00:00+00:00,32020.60763888889,6.998611111111111
2020-01-04 00:00:00+00:00,28188.274305555555,7.101736111111111
2020-01-05 00:00:00+00:00,28826.152777777777,7.257986111111112
2020-01-06 00:00:00+00:00,30248.069444444445,7.245833333333334
2020-01-07 00:00:00+00:00,31588.190972222223,7.2555555555555555
2020-01-08 00:00:00+00:00,32588.180555555555,7.304166666666666
2020-01-09 00:00:00+00:00,32325.51388888889,7.43298611111111
2020-01-10 00:00:00+00:00,32193.336805555555,7.537152777777777
2020-01-11 00:00:00+00:00,31619.944444444445,7.429166666666666
2020-01-12 00:00:00+00:00,32699.371527777777,7.32361111111111
2020-01-13 00:00:00+00:00,32204.760416666668,7.202777777777778
2020-01-14 00:00:00+00:00,33184.71875,7.410416666666666
2020-01-15 00:00:00+00:00,33549.62152777778,7.549305555555555
2020-01-16 00:00:00+00:00,32405.059027777777,7.445138888888888
2020-01-17 00:00:00+00:00,32941.760416666664,7.385416666666667
2020-01-18 00:00:00+00:00,32695.64236111111,7.212847222222223
2020-01-19 00:00:00+00:00,31113.010416666668,7.215624999999999
2020-01-20 00:00:00+00:00,31663.4375,7.27673611111111
2020-01-21 00:00:00+00:00,31549.631944444445,7.138888888888889
2020-01-22 00:00:00+00:00,31490.40506329114,7.051054852320675
2020-01-23 00:00:00+00:00,31487.895833333332,7.034722222222222
2020-01-24 00:00:00+00:00,31411.329166666666,6.995
2020-01-25 00:00:00+00:00,31318.256944444445,6.812152777777778
2020-01-26 00:00:00+00:00,31363.15625,6.650347222222222
2020-01-27 00:00:00+00:00,31535.034722222223,6.585763888888889
2020-01-28 00:00:00+00:00,32156.447916666668,6.702083333333333
2020-01-29 00:00:00+00:00,32838.274305555555,6.675
2020-01-30 00:00:00+00:00,32328.395833333332,6.634027777777778
2020-01-31 00:00:00+00:00,33211.92013888889,6.923958333333333
2020-02-01 00:00:00+00:00,33258.77777777778,7.158333333333333
2020-02-02 00:00:00+00:00,33326.01388888889,7.1968749999999995
2020-02-03 00:00:00+00:00,33320.572916666664,7.259027777777778
2020-02-04 00:00:00+00:00,33059.84027777778,7.137499999999999
2020-02-05 00:00:00+00:00,30076.090277777777,7.088888888888889
2020-02-06 00:00:00+00:00,29641.510416666668,7.094791666666667
2020-02-07 00:00:00+00:00,28043.135416666668,7.054166666666666
2020-02-08 00:00:00+00:00,29092.14236111111,7.014930555555555
2020-02-09 00:00:00+00:00,30952.222222222223,6.8961805555555555
2020-02-10 00:00:00+00:00,32528.53125,7.038888888888889
2020-02-11 00:00:00+00:00,32433.98611111111,6.907291666666667
2020-02-12 00:00:00+00:00,30381.79513888889,6.7288194444444445
2020-02-13 00:00:00+00:00,29202.895833333332,6.629166666666666
2020-02-14 00:00:00+00:00,27201.222222222223,6.627430555555556
2020-02-15 00:00:00+00:00,27996.32986111111,6.781597222222222
2020-02-16 00:00:00+00:00,32733.572916666668,7.454861111111111
2020-02-17 00:00:00+00:00,33274.82638888889,7.600347222222222
2020-02-18 00:00:00+00:00,32675.899305555555,7.375
2020-02-19 00:00:00+00:00,31320.385416666668,7.387847222222222
2020-02-20 00:00:00+00:00,31141.055555555555,7.441319444444444
2020-02-21 00:00:00+00:00,31350.45138888889,7.269097222222222
2020-02-22 00:00:00+00:00,33058.36111111111,7.536111111111111
2020-02-23 00:00:00+00:00,32911.375,7.7593749999999995
2020-02-24 00:00:00+00:00,30080.659722222223,7.721180555555555
2020-02-25 00:00:00+00:00,32050.1875,7.713541666666667
2020-02-26 00:00:00+00:00,29354.885416666668,7.441666666666666
2020-02-27 00:00:00+00:00,27247.29861111111,7.308680555555556
2020-02-28 00:00:00+00:00,26232.776223776225,7.190277777777778
2020-02-29 00:00:00+00:00,29542.434027777777,7.230902777777778
2020-03-01 00:00:00+00:00,32955.42361111111,7.071875
2020-03-02 00:00:00+00:00,31750.10763888889,6.9625
2020-03-03 00:00:00+00:00,30179.975694444445,6.953125
2020-03-04 00:00:00+00:00,29504.57638888889,7.021875
2020-03-05 00:00:00+00:00,30368.600694444445,7.194097222222222
2020-03-06 00:00:00+00:00,29108.864583333332,7.314930555555555
2020-03-07 00:00:00+00:00,25431.524305555555,7.275347222222223
2020-03-08 00:00:00+00:00,28270.059027777777,7.38263888888889
2020-03-09 00:00:00+00:00,28076.5,7.423263888888889
2020-03-10 00:00:00+00:00,30118.01388888889,7.5211805555555555
2020-03-11 00:00:00+00:00,30824.78947368421,7.835416666666666
2020-03-12 00:00:00+00:00,31335.6993006993,7.97986111111111
2020-03-13 00:00:00+00:00,29590.774305555555,7.810069444444445
2020-03-14 00:00:00+00:00,27811.399305555555,7.890972222222222
2020-03-15 00:00:00+00:00,27643.583333333332,8.002083333333333
2020-03-16 00:00:00+00:00,28152.01388888889,8.063541666666667
2020-03-17 00:00:00+00:00,28511.684027777777,8.119097222222221
2020-03-18 00:00:00+00:00,30249.82638888889,8.184027777777779
2020-03-19 00:00:00+00:00,29345.17013888889,8.262847222222222
2020-03-20 00:00:00+00:00,29835.0625,8.162152777777777
2020-03-21 00:00:00+00:00,31424.75,8.03263888888889
2020-03-22 00:00:00+00:00,31547.006944444445,7.827777777777778
2020-03-23 00:00:00+00:00,30605.038194444445,7.609722222222222
2020-03-24 00:00:00+00:00,30198.746527777777,7.521527777777777
2020-03-25 00:00:00+00:00,30424.04513888889,7.586111111111112
2020-03-26 00:00:00+00:00,29735.427083333332,7.772222222222222
2020-03-27 00:00:00+00:00,29671.118055555555,7.95763888888889
2020-03-28 00:00:00+00:00,29961.190972222223,8.081944444444444
2020-03-29 00:00:00+00:00,29446.709677419356,7.8969696969696965
2020-03-30 00:00:00+00:00,29051.0625,7.677083333333333
2020-03-31 00:00:00+00:00,28690.48611111111,7.696527777777778
2020-04-01 00:00:00+00:00,29724.617647058825,7.840552995391706
2020-04-02 00:00:00+00:00,29827.569444444445,8.002777777777778
2020-04-03 00:00:00+00:00,29050.16740088106,8.201041666666667
2020-04-04 00:00:00+00:00,29182.965277777777,8.361458333333333
2020-04-05 00:00:00+00:00,29914.756944444445,8.430902777777778
2020-04-06 00:00:00+00:00,30161.899305555555,8.638194444444444
2020-04-07 00:00:00+00:00,30014.802083333332,8.897916666666667
2020-04-08 00:00:00+00:00,29734.96875,9.193055555555555
2020-04-09 00:00:00+00:00,29486.96,9.5704
2020-04-10 00:00:00+00:00,29939.036363636365,9.79826388888889
2020-04-11 00:00:00+00:00,29991.583333333332,10.004513888888889
2020-04-12 00:00:00+00:00,29552.75965665236,10.161111111111111
2020-04-13 00:00:00+00:00,30022.520833333332,9.582291666666668
2020-04-14 00:00:00+00:00,29702.23263888889,9.248958333333333
2020-04-15 00:00:00+00:00,29543.28125,9.42013888888889
2020-04-16 00:00:00+00:00,29813.131474103586,9.707569721115538
2020-04-17 00:00:00+00:00,30264.760416666668,9.846875
2020-04-18 00:00:00+00:00,30640.128472222223,9.70625
2020-04-19 00:00:00+00:00,30477.559027777777,9.912500000000001
2020-04-20 00:00:00+00:00,30488.597222222223,10.12361111111111
2020-04-21 00:00:00+00:00,30702.628472222223,10.177083333333334
2020-04-22 00:00:00+00:00,30798.072916666668,10.410416666666666
2020-04-23 00:00:00+00:00,30781.003472222223,10.804861111111112
2020-04-24 00:00:00+00:00,30729.583333333332,11.194791666666667
2020-04-25 00:00:00+00:00,30730.274305555555,11.257986111111112
2020-04-26 00:00:00+00:00,30664.649305555555,11.109375
2020-04-27 00:00:00+00:00,30507.371527777777,11.290277777777778
2020-04-28 00:00:00+00:00,30179.20486111111,11.22048611111111
2020-04-29 00:00:00+00:00,30263.274305555555,11.186458333333333
2020-04-30 00:00:00+00:00,30920.25,11.401041666666666
2020-05-01 00:00:00+00:00,32120.284722222223,11.301736111111111
2020-05-02 00:00:00+00:00,32242.84375,11.691319444444444
2020-05-03 00:00:00+00:00,32209.1875,12.039930555555555
2020-05-04 00:00:00+00:00,31937.277777777777,12.13888888888889
2020-05-05 00:00:00+00:00,31484.64236111111,11.957986111111111
2020-05-06 00:00:00+00:00,31221.190972222223,11.827083333333333
2020-05-07 00:00:00+00:00,30808.524305555555,12.115972222222222
2020-05-08 00:00:00+00:00,30575.92013888889,12.617708333333333
2020-05-09 00:00:00+00:00,30337.159722222223,13.022916666666667
2020-05-10 00:00:00+00:00,30395.472222222223,12.944791666666667
2020-05-11 00:00:00+00:00,29957.041666666668,11.988888888888889
2020-05-12 00:00:00+00:00,29678.496527777777,12.024652777777778
2020-05-13 00:00:00+00:00,29806.958333333332,12.088888888888889
2020-05-14 00:00:00+00:00,29718.041666666668,11.972222222222221
2020-05-15 00:00:00+00:00,29999.072916666668,12.053125000000001
2020-05-16 00:00:00+00:00,29984.128472222223,12.286458333333334
2020-05-17 00:00:00+00:00,29933.913194444445,12.656597222222222
2020-05-18 00:00:00+00:00,29884.222222222223,13.095833333333333
2020-05-19 00:00:00+00:00,29872.275985663084,13.438541666666667
2020-05-20 00:00:00+00:00,29733.315972222223,13.860416666666667
2020-05-21 00:00:00+00:00,29801.880701754388,14.064930555555556
2020-05-22 00:00:00+00:00,30097.690972222223,14.311805555555557
2020-05-23 00:00:00+00:00,31221.57638888889,14.127430555555556
2020-05-24 00:00:00+00:00,31434.8125,14.273958333333333
2020-05-25 00:00:00+00:00,30880.159722222223,14.622222222222222
2020-05-26 00:00:00+00:00,30596.5,14.86111111111111
2020-05-27 00:00:00+00:00,30458.072916666668,15.115277777777777
2020-05-28 00:00:00+00:00,30620.128472222223,14.908680555555556
2020-05-29 00:00:00+00:00,30983.13888888889,14.621180555555554
2020-05-30 00:00:00+00:00,31017.475694444445,14.804166666666667
2020-05-31 00:00:00+00:00,31108.395833333332,15.024999999999999
2020-06-01 00:00:00+00:00,31073.71875,15.344444444444443
2020-06-02 00:00:00+00:00,31062.70531400966,15.76080586080586
2020-06-03 00:00:00+00:00,30824.698630136987,16.134375
2020-06-04 00:00:00+00:00,30683.052083333332,15.814583333333335
2020-06-05 00:00:00+00:00,30609.635416666668,15.349652777777777
2020-06-06 00:00:00+00:00,30833.663194444445,14.90625
2020-06-07 00:00:00+00:00,31495.340277777777,14.559027777777779
2020-06-08 00:00:00+00:00,30783.100694444445,14.599652777777777
2020-06-09 00:00:00+00:00,30246.600694444445,14.655902777777776
2020-06-10 00:00:00+00:00,30237.958333333332,14.878472222222221
2020-06-11 00:00:00+00:00,30229.024305555555,15.110069444444443
2020-06-12 00:00:00+00:00,30430.600694444445,15.269791666666666
2020-06-13 00:00:00+00:00,30733.5,15.612847222222221
2020-06-14 00:00:00+00:00,30727.697916666668,16.01111111111111
2020-06-15 00:00:00+00:00,30732.579505300353,16.456944444444446
2020-06-16 00:00:00+00:00,30843.395833333332,16.753124999999997
2020-06-17 00:00:00+00:00,31026.67361111111,16.903125000000003
2020-06-18 00:00:00+00:00,30787.958333333332,17.316666666666666
2020-06-19 00:00:00+00:00,30980.06976744186,17.693402777777777
2020-06-20 00:00:00+00:00,,18.046180555555555
2020-06-21 00:00:00+00:00,,18.120833333333334
2020-06-22 00:00:00+00:00,,18.36875
2020-06-23 00:00:00+00:00,,18.436458333333334
2020-06-24 00:00:00+00:00,,18.452430555555555
2020-06-25 00:00:00+00:00,,18.59097222222222
2020-06-26 00:00:00+00:00,,18.837847222222223
2020-06-27 00:00:00+00:00,,19.109722222222224
2020-06-28 00:00:00+00:00,,18.83298611111111
2020-06-29 00:00:00+00:00,,18.246180555555554
2020-06-30 00:00:00+00:00,,17.75347222222222
2020-07-01 00:00:00+00:00,,18.243402777777778
2020-07-02 00:00:00+00:00,,18.41701388888889
2020-07-03 00:00:00+00:00,,18.51736111111111
2020-07-04 00:00:00+00:00,,18.33090277777778
2020-07-05 00:00:00+00:00,,18.08090277777778
2020-07-06 00:00:00+00:00,,17.83923611111111
2020-07-07 00:00:00+00:00,,17.780208333333334
2020-07-08 00:00:00+00:00,30981.484210526316,17.852430555555557
2020-07-09 00:00:00+00:00,31117.82638888889,17.923263888888886
2020-07-10 00:00:00+00:00,31301.51388888889,17.905208333333334
2020-07-11 00:00:00+00:00,30774.51388888889,18.096874999999997
2020-07-12 00:00:00+00:00,30493.253472222223,18.27951388888889
2020-07-13 00:00:00+00:00,30562.020833333332,18.47326388888889
2020-07-14 00:00:00+00:00,30646.725694444445,18.60763888888889
2020-07-15 00:00:00+00:00,30493.641304347828,18.58478260869565
2020-07-16 00:00:00+00:00,30420.184027777777,18.649652777777778
2020-07-17 00:00:00+00:00,30314.172161172162,18.77048611111111
2020-07-18 00:00:00+00:00,30491.097222222223,19.071875
2020-07-19 00:00:00+00:00,30482.121527777777,19.232986111111114
2020-07-20 00:00:00+00:00,30147.364583333332,19.17465277777778
2020-07-21 00:00:00+00:00,29957.211805555555,19.191666666666666
2020-07-22 00:00:00+00:00,29809.104166666668,19.157638888888886
2020-07-23 00:00:00+00:00,29906.725694444445,19.136805555555554
2020-07-24 00:00:00+00:00,30048.024305555555,19.263194444444444
2020-07-25 00:00:00+00:00,30301.256944444445,19.30625
2020-07-26 00:00:00+00:00,30542.434027777777,19.292708333333334
2020-07-27 00:00:00+00:00,30806.083333333332,19.172916666666666
2020-07-28 00:00:00+00:00,31488.340277777777,19.032638888888886
2020-07-29 00:00:00+00:00,31091.916666666668,19.011805555555554
2020-07-30 00:00:00+00:00,30697.526315789473,19.115625
2020-07-31 00:00:00+00:00,30931.0625,19.364583333333332
2020-08-01 00:00:00+00:00,31249.166666666668,19.613541666666666
2020-08-02 00:00:00+00:00,31192.993055555555,20.045486111111114
2020-08-03 00:00:00+00:00,31104.805555555555,19.875347222222224
2020-08-04 00:00:00+00:00,31047.8125,19.694444444444443
2020-08-05 00:00:00+00:00,31176.461805555555,19.763194444444444
2020-08-06 00:00:00+00:00,31186.835087719297,20.024912280701756
2020-08-07 00:00:00+00:00,31076.67013888889,20.318402777777777
2020-08-08 00:00:00+00:00,31266.60763888889,20.62986111111111
2020-08-09 00:00:00+00:00,31277.916666666668,20.957291666666666
2020-08-10 00:00:00+00:00,31576.59375,21.173958333333335
2020-08-11 00:00:00+00:00,31570.149305555555,21.365972222222222
2020-08-12 00:00:00+00:00,31613.215277777777,21.505555555555556
2020-08-13 00:00:00+00:00,31698.04513888889,21.710763888888888
2020-08-14 00:00:00+00:00,31787.315789473683,21.92465277777778
2020-08-15 00:00:00+00:00,,22.029166666666665
2020-08-16 00:00:00+00:00,,22.103125
2020-08-17 00:00:00+00:00,,22.158333333333335
2020-08-18 00:00:00+00:00,,22.242013888888888
2020-08-19 00:00:00+00:00,,22.115972222222222
2020-08-20 00:00:00+00:00,,21.98923611111111
2020-08-21 00:00:00+00:00,,22.02048611111111
2020-08-22 00:00:00+00:00,,21.416666666666668
2020-08-23 00:00:00+00:00,,20.738541666666666
2020-08-24 00:00:00+00:00,,20.3375
2020-08-25 00:00:00+00:00,,20.095833333333335
2020-08-26 00:00:00+00:00,,19.99513888888889
2020-08-27 00:00:00+00:00,,19.79236111111111
2020-08-28 00:00:00+00:00,,19.850694444444443
2020-08-29 00:00:00+00:00,,19.522222222222222
2020-08-30 00:00:00+00:00,,19.092708333333334
2020-08-31 00:00:00+00:00,,19.073958333333334
2020-09-01 00:00:00+00:00,,18.947569444444444
2020-09-02 00:00:00+00:00,31686.909523809525,18.84375
2020-09-03 00:00:00+00:00,31959.520833333332,18.66840277777778
2020-09-04 00:00:00+00:00,32332.878472222223,18.547222222222224
2020-09-05 00:00:00+00:00,32039.274305555555,18.205555555555556
2020-09-06 00:00:00+00:00,31784.527777777777,18.141319444444445
2020-09-07 00:00:00+00:00,31589.229166666668,18.24513888888889
2020-09-08 00:00:00+00:00,31742.291666666668,18.166666666666668
2020-09-09 00:00:00+00:00,31605.73263888889,18.232291666666665
2020-09-10 00:00:00+00:00,31645.64236111111,18.390277777777776
2020-09-11 00:00:00+00:00,31773.131944444445,18.498611111111114
2020-09-12 00:00:00+00:00,32185.51388888889,18.38923611111111
2020-09-13 00:00:00+00:00,32506.625,18.406597222222224
2020-09-14 00:00:00+00:00,32717.503472222223,18.609375
2020-09-15 00:00:00+00:00,32463.16083916084,18.833680555555556
2020-09-16 00:00:00+00:00,32321.22891566265,19.000602409638553
2020-09-17 00:00:00+00:00,32025.069444444445,18.71875
2020-09-18 00:00:00+00:00,31962.430555555555,18.20138888888889
2020-09-19 00:00:00+00:00,31912.29591836735,18.054081632653062
2020-09-20 00:00:00+00:00,,
2020-09-21 00:00:00+00:00,,
2020-09-22 00:00:00+00:00,31524.103092783505,18.334358974358974
2020-09-23 00:00:00+00:00,31495.767195767196,18.32751322751323
2020-09-24 00:00:00+00:00,32005.76388888889,17.84375
2020-09-25 00:00:00+00:00,32901.39240506329,17.260759493670886
2020-09-26 00:00:00+00:00,33744.72222222222,16.19236111111111
2020-09-27 00:00:00+00:00,32899.13888888889,16.75
2020-09-28 00:00:00+00:00,33019.0625,16.87847222222222
2020-09-29 00:00:00+00:00,32608.386363636364,16.855855855855857
2020-09-30 00:00:00+00:00,32444.395833333332,16.77048611111111
2020-10-01 00:00:00+00:00,32297.86111111111,16.54513888888889
2020-10-02 00:00:00+00:00,32089.354166666668,16.218402777777776
2020-10-03 00:00:00+00:00,32058.149305555555,16.196180555555557
2020-10-04 00:00:00+00:00,32434.48263888889,15.744791666666666
2020-10-05 00:00:00+00:00,33242.65277777778,15.112847222222221
2020-10-06 00:00:00+00:00,33594.40972222222,14.956944444444446
2020-10-07 00:00:00+00:00,33784.17361111111,14.761805555555554
2020-10-08 00:00:00+00:00,33773.49652777778,14.755902777777777
2020-10-09 00:00:00+00:00,33714.760416666664,14.783680555555556
2020-10-10 00:00:00+00:00,33746.72222222222,14.344791666666667
2020-10-11 00:00:00+00:00,32998.04513888889,13.862847222222221
2020-10-12 00:00:00+00:00,32136.70930232558,14.233333333333333
2020-10-13 00:00:00+00:00,31782.996527777777,13.902083333333334
2020-10-14 00:00:00+00:00,31548.128472222223,14.038541666666667
2020-10-15 00:00:00+00:00,31623.895833333332,13.991319444444445
2020-10-16 00:00:00+00:00,31665.497142857144,13.775694444444445
2020-10-17 00:00:00+00:00,,13.664583333333333
2020-10-18 00:00:00+00:00,,13.586805555555555
2020-10-19 00:00:00+00:00,,13.569097222222222
2020-10-20 00:00:00+00:00,,13.339236111111113
2020-10-21 00:00:00+00:00,,13.359375
2020-10-22 00:00:00+00:00,,13.480902777777779
2020-10-23 00:00:00+00:00,,13.510069444444445
2020-10-24 00:00:00+00:00,,13.550694444444444
2020-10-25 00:00:00+00:00,,13.555902777777778
2020-10-26 00:00:00+00:00,,13.146527777777777
2020-10-27 00:00:00+00:00,,12.707291666666666
2020-10-28 00:00:00+00:00,,12.372569444444444
2020-10-29 00:00:00+00:00,,12.028472222222222
2020-10-30 00:00:00+00:00,,12.15486111111111
2020-10-31 00:00:00+00:00,,12.307291666666666
2020-11-01 00:00:00+00:00,,12.359375
2020-11-02 00:00:00+00:00,,12.699652777777779
2020-11-03 00:00:00+00:00,,12.45625
2020-11-04 00:00:00+00:00,,12.013194444444444
2020-11-05 00:00:00+00:00,,11.945833333333333
2020-11-06 00:00:00+00:00,,12.0
2020-11-07 00:00:00+00:00,,11.970833333333333
2020-11-08 00:00:00+00:00,,12.009374999999999
2020-11-09 00:00:00+00:00,,12.052430555555555
2020-11-10 00:00:00+00:00,,12.112152777777776
2020-11-11 00:00:00+00:00,,12.058680555555556
2020-11-12 00:00:00+00:00,,11.891319444444443
2020-11-13 00:00:00+00:00,,11.639930555555557
2020-11-14 00:00:00+00:00,,11.59513888888889
2020-11-15 00:00:00+00:00,,11.528125
2020-11-16 00:00:00+00:00,,11.693402777777777
2020-11-17 00:00:00+00:00,,11.493402777777778
2020-11-18 00:00:00+00:00,,11.462152777777778
2020-11-19 00:00:00+00:00,,11.508680555555555
2020-11-20 00:00:00+00:00,,11.013541666666667
2020-11-21 00:00:00+00:00,,10.706944444444444
2020-11-22 00:00:00+00:00,,10.499652777777778
2020-11-23 00:00:00+00:00,,10.506250000000001
2020-11-24 00:00:00+00:00,,10.380902777777777
2020-11-25 00:00:00+00:00,,9.963194444444445
2020-11-26 00:00:00+00:00,,9.916666666666666
2020-11-27 00:00:00+00:00,,10.150694444444445
2020-11-28 00:00:00+00:00,,10.127430555555556
2020-11-29 00:00:00+00:00,,9.955208333333333
2020-11-30 00:00:00+00:00,,9.496875
2020-12-01 00:00:00+00:00,,10.261111111111111
2020-12-02 00:00:00+00:00,,10.460069444444445
2020-12-03 00:00:00+00:00,,9.972222222222221
2020-12-04 00:00:00+00:00,,9.200694444444444
2020-12-05 00:00:00+00:00,,8.600000000000001
2020-12-06 00:00:00+00:00,,8.161458333333334
2020-12-07 00:00:00+00:00,,8.11076388888889
2020-12-08 00:00:00+00:00,,8.053125000000001
2020-12-09 00:00:00+00:00,,7.855555555555556
2020-12-10 00:00:00+00:00,,7.572916666666667
2020-12-11 00:00:00+00:00,,7.025
2020-12-12 00:00:00+00:00,,7.126736111111111
2020-12-13 00:00:00+00:00,,6.933680555555556
2020-12-14 00:00:00+00:00,,7.114583333333333
2020-12-15 00:00:00+00:00,,7.428819444444445
2020-12-16 00:00:00+00:00,,7.482291666666667
2020-12-17 00:00:00+00:00,,7.578472222222222
2020-12-18 00:00:00+00:00,,7.62048611111111
2020-12-19 00:00:00+00:00,,7.718402777777778
2020-12-20 00:00:00+00:00,,7.762152777777778
2020-12-21 00:00:00+00:00,,7.7489583333333325
2020-12-22 00:00:00+00:00,,8.144444444444444
2020-12-23 00:00:00+00:00,,8.231944444444444
2020-12-24 00:00:00+00:00,,8.151415094339622
2020-12-25 00:00:00+00:00,,7.965277777777778
2020-12-26 00:00:00+00:00,,7.7124999999999995
2020-12-27 00:00:00+00:00,,7.310416666666667
2020-12-28 00:00:00+00:00,,7.040972222222222
2020-12-29 00:00:00+00:00,,6.845138888888889
2020-12-30 00:00:00+00:00,,6.525
2020-12-31 00:00:00+00:00,,6.8
2021-01-01 00:00:00+00:00,,6.586805555555555
2021-01-02 00:00:00+00:00,,6.654861111111111
2021-01-03 00:00:00+00:00,,6.821527777777778
2021-01-04 00:00:00+00:00,,6.970833333333333
2021-01-05 00:00:00+00:00,,6.840277777777778
2021-01-06 00:00:00+00:00,,6.86875
2021-01-07 00:00:00+00:00,,6.819444444444445
2021-01-08 00:00:00+00:00,,6.806944444444444
2021-01-09 00:00:00+00:00,,6.788194444444445
2021-01-10 00:00:00+00:00,,6.696527777777778
2021-01-11 00:00:00+00:00,,6.572222222222222
2021-01-12 00:00:00+00:00,,6.358333333333333
2021-01-13 00:00:00+00:00,,6.358333333333333
2021-01-14 00:00:00+00:00,,6.263888888888889
2021-01-15 00:00:00+00:00,,6.286111111111111
2021-01-16 00:00:00+00:00,,5.972916666666666
2021-01-17 00:00:00+00:00,,5.886805555555556
2021-01-18 00:00:00+00:00,,5.972916666666666
2021-01-19 00:00:00+00:00,,6.097222222222222
2021-01-20 00:00:00+00:00,,6.284722222222222
2021-01-21 00:00:00+00:00,,6.198611111111111
2021-01-22 00:00:00+00:00,,5.769444444444444
2021-01-23 00:00:00+00:00,,5.695833333333334
2021-01-24 00:00:00+00:00,,5.454166666666667
2021-01-25 00:00:00+00:00,,5.581250000000001
2021-01-26 00:00:00+00:00,,5.366666666666666
2021-01-27 00:00:00+00:00,,5.234027777777778
2021-01-28 00:00:00+00:00,,5.192682926829268
2021-01-29 00:00:00+00:00,,
2021-01-30 00:00:00+00:00,,
2021-01-31 00:00:00+00:00,,
2021-02-01 00:00:00+00:00,,
2021-02-02 00:00:00+00:00,,
2021-02-03 00:00:00+00:00,,
2021-02-04 00:00:00+00:00,,
2021-02-05 00:00:00+00:00,,
2021-02-06 00:00:00+00:00,,
2021-02-07 00:00:00+00:00,,
2021-02-08 00:00:00+00:00,,
2021-02-09 00:00:00+00:00,,
2021-02-10 00:00:00+00:00,,
2021-02-11 00:00:00+00:00,,
2021-02-12 00:00:00+00:00,,
2021-02-13 00:00:00+00:00,,
2021-02-14 00:00:00+00:00,,
2021-02-15 00:00:00+00:00,,
2021-02-16 00:00:00+00:00,,
2021-02-17 00:00:00+00:00,,
2021-02-18 00:00:00+00:00,,
2021-02-19 00:00:00+00:00,,
2021-02-20 00:00:00+00:00,,
2021-02-21 00:00:00+00:00,,
2021-02-22 00:00:00+00:00,,
2021-02-23 00:00:00+00:00,,
2021-02-24 00:00:00+00:00,,
2021-02-25 00:00:00+00:00,,
2021-02-26 00:00:00+00:00,,
2021-02-27 00:00:00+00:00,,
2021-02-28 00:00:00+00:00,,
2021-03-01 00:00:00+00:00,,
2021-03-02 00:00:00+00:00,,
2021-03-03 00:00:00+00:00,,
2021-03-04 00:00:00+00:00,,
2021-03-05 00:00:00+00:00,,
2021-03-06 00:00:00+00:00,,
2021-03-07 00:00:00+00:00,,
2021-03-08 00:00:00+00:00,,
2021-03-09 00:00:00+00:00,,
2021-03-10 00:00:00+00:00,,
2021-03-11 00:00:00+00:00,,
2021-03-12 00:00:00+00:00,,
2021-03-13 00:00:00+00:00,,
2021-03-14 00:00:00+00:00,,
2021-03-15 00:00:00+00:00,,
2021-03-16 00:00:00+00:00,,
2021-03-17 00:00:00+00:00,,
2021-03-18 00:00:00+00:00,,
2021-03-19 00:00:00+00:00,,
2021-03-20 00:00:00+00:00,,
2021-03-21 00:00:00+00:00,,
2021-03-22 00:00:00+00:00,,
2021-03-23 00:00:00+00:00,,
2021-03-24 00:00:00+00:00,,
2021-03-25 00:00:00+00:00,,
2021-03-26 00:00:00+00:00,,
2021-03-27 00:00:00+00:00,,
2021-03-28 00:00:00+00:00,,
2021-03-29 00:00:00+00:00,,
2021-03-30 00:00:00+00:00,,
2021-03-31 00:00:00+00:00,,
2021-04-01 00:00:00+00:00,,
2021-04-02 00:00:00+00:00,,
2021-04-03 00:00:00+00:00,,
2021-04-04 00:00:00+00:00,,
2021-04-05 00:00:00+00:00,,
2021-04-06 00:00:00+00:00,,
2021-04-07 00:00:00+00:00,,
2021-04-08 00:00:00+00:00,,
2021-04-09 00:00:00+00:00,,
2021-04-10 00:00:00+00:00,,
2021-04-11 00:00:00+00:00,,
2021-04-12 00:00:00+00:00,,
2021-04-13 00:00:00+00:00,,
2021-04-14 00:00:00+00:00,,
2021-04-15 00:00:00+00:00,,
2021-04-16 00:00:00+00:00,,
2021-04-17 00:00:00+00:00,,
2021-04-18 00:00:00+00:00,,
2021-04-19 00:00:00+00:00,,
2021-04-20 00:00:00+00:00,29402.774774774774,8.573684210526316
2021-04-21 00:00:00+00:00,29639.822916666668,8.445486111111112
2021-04-22 00:00:00+00:00,30575.23611111111,7.989236111111111
2021-04-23 00:00:00+00:00,30617.041666666668,8.218402777777778
2021-04-24 00:00:00+00:00,30491.25,8.613194444444444
2021-04-25 00:00:00+00:00,30707.552083333332,8.643402777777778
2021-04-26 00:00:00+00:00,30767.6875,8.490625000000001
2021-04-27 00:00:00+00:00,30327.055555555555,8.684375
2021-04-28 00:00:00+00:00,30065.26736111111,9.019444444444444
2021-04-29 00:00:00+00:00,30016.63888888889,8.95138888888889
2021-04-30 00:00:00+00:00,29718.052083333332,8.916319444444445
2021-05-01 00:00:00+00:00,29428.169014084506,9.148611111111112
2021-05-02 00:00:00+00:00,29253.229166666668,9.396527777777777
2021-05-03 00:00:00+00:00,29221.902777777777,9.660763888888889
2021-05-04 00:00:00+00:00,30717.4375,9.476041666666667
2021-05-05 00:00:00+00:00,31456.121527777777,9.451041666666667
2021-05-06 00:00:00+00:00,31144.961805555555,9.634374999999999
2021-05-07 00:00:00+00:00,30809.565972222223,9.887152777777779
2021-05-08 00:00:00+00:00,30715.934027777777,10.01736111111111
2021-05-09 00:00:00+00:00,31150.284722222223,10.219097222222222
2021-05-10 00:00:00+00:00,31210.753472222223,10.754861111111111
2021-05-11 00:00:00+00:00,31127.790960451977,11.331597222222221
2021-05-12 00:00:00+00:00,30658.246376811596,11.504513888888889
2021-05-13 00:00:00+00:00,30559.975694444445,11.728819444444445
2021-05-14 00:00:00+00:00,30213.76736111111,11.927083333333334
2021-05-15 00:00:00+00:00,29937.51736111111,11.912847222222222
2021-05-16 00:00:00+00:00,30146.32638888889,12.064930555555556
2021-05-17 00:00:00+00:00,30242.083333333332,12.409375
2021-05-18 00:00:00+00:00,30193.58394160584,12.517793594306049
2021-05-19 00:00:00+00:00,30270.034722222223,12.56423611111111
2021-05-20 00:00:00+00:00,30218.5,12.645486111111111
2021-05-21 00:00:00+00:00,31391.847222222223,12.323958333333334
2021-05-22 00:00:00+00:00,31014.350694444445,12.556249999999999
2021-05-23 00:00:00+00:00,30022.17013888889,12.718402777777778
2021-05-24 00:00:00+00:00,29666.09375,12.812847222222222
2021-05-25 00:00:00+00:00,29573.989583333332,12.824305555555556
2021-05-26 00:00:00+00:00,29293.90625,12.88263888888889
2021-05-27 00:00:00+00:00,27875.87050359712,12.814028776978418
2021-05-28 00:00:00+00:00,27773.590277777777,12.79513888888889
2021-05-29 00:00:00+00:00,27876.833333333332,12.896875000000001
2021-05-30 00:00:00+00:00,27904.23611111111,13.028472222222224
2021-05-31 00:00:00+00:00,28274.38888888889,13.253125
2021-06-01 00:00:00+00:00,28500.711805555555,13.472916666666666
2021-06-02 00:00:00+00:00,28607.909722222223,13.684375
2021-06-03 00:00:00+00:00,28724.32638888889,13.995833333333334
2021-06-04 00:00:00+00:00,28843.0,14.355902777777779
2021-06-05 00:00:00+00:00,28726.79513888889,14.324652777777779
2021-06-06 00:00:00+00:00,28682.4375,14.475000000000001
2021-06-07 00:00:00+00:00,28899.79861111111,14.68090277777778
2021-06-08 00:00:00+00:00,29184.694444444445,14.965972222222222
2021-06-09 00:00:00+00:00,29031.982269503547,15.286879432624112
2021-06-10 00:00:00+00:00,29094.382142857143,15.527857142857144
2021-06-11 00:00:00+00:00,29146.350694444445,15.736458333333335
2021-06-12 00:00:00+00:00,29056.38888888889,15.88402777777778
2021-06-13 00:00:00+00:00,29018.215277777777,15.883333333333333
2021-06-14 00:00:00+00:00,28988.14236111111,15.939930555555556
2021-06-15 00:00:00+00:00,28608.7703180212,16.031802120141343
2021-06-16 00:00:00+00:00,29566.152777777777,16.024652777777778
2021-06-17 00:00:00+00:00,29734.40625,16.257291666666667
2021-06-18 00:00:00+00:00,29354.770833333332,16.443055555555556
2021-06-19 00:00:00+00:00,29239.756944444445,16.614583333333332
2021-06-20 00:00:00+00:00,28889.5625,16.650347222222223
2021-06-21 00:00:00+00:00,29113.784722222223,16.473958333333332
2021-06-22 00:00:00+00:00,29791.097222222223,16.024305555555557
2021-06-23 00:00:00+00:00,29725.628472222223,15.908680555555556
2021-06-24 00:00:00+00:00,29250.1875,16.117708333333333
2021-06-25 00:00:00+00:00,28826.32638888889,16.424999999999997
2021-06-26 00:00:00+00:00,28421.197916666668,16.592708333333334
2021-06-27 00:00:00+00:00,27900.965384615385,16.802777777777777
2021-06-28 00:00:00+00:00,27872.29861111111,16.83888888888889
2021-06-29 00:00:00+00:00,27060.071942446044,16.91978417266187
2021-06-30 00:00:00+00:00,27559.67361111111,16.65138888888889
2021-07-01 00:00:00+00:00,26384.48611111111,16.545486111111114
2021-07-02 00:00:00+00:00,26465.618055555555,16.558680555555554
2021-07-03 00:00:00+00:00,27838.93220338983,16.616666666666667
2021-07-04 00:00:00+00:00,28877.71875,16.698958333333334
2021-07-05 00:00:00+00:00,29315.61111111111,16.805902777777778
2021-07-06 00:00:00+00:00,30528.128472222223,16.98229166666667
2021-07-07 00:00:00+00:00,30879.934027777777,17.484027777777776
2021-07-08 00:00:00+00:00,30856.288194444445,17.718402777777776
2021-07-09 00:00:00+00:00,30609.069444444445,17.976041666666667
2021-07-10 00:00:00+00:00,30617.506944444445,18.089930555555554
2021-07-11 00:00:00+00:00,30202.621527777777,18.106944444444444
2021-07-12 00:00:00+00:00,29913.055555555555,18.130555555555556
2021-07-13 00:00:00+00:00,29462.737827715355,18.05763888888889
2021-07-14 00:00:00+00:00,28911.8125,17.939583333333335
2021-07-15 00:00:00+00:00,27146.472222222223,17.851388888888888
2021-07-16 00:00:00+00:00,24349.277777777777,17.941319444444446
2021-07-17 00:00:00+00:00,24803.527777777777,18.09583333333333
2021-07-18 00:00:00+00:00,21017.70138888889,18.56423611111111
2021-07-19 00:00:00+00:00,21404.590277777777,18.69027777777778
2021-07-20 00:00:00+00:00,23226.272727272728,18.5921568627451
2021-07-21 00:00:00+00:00,,18.785416666666666
2021-07-22 00:00:00+00:00,,18.708680555555556
2021-07-23 00:00:00+00:00,,18.500347222222224
2021-07-24 00:00:00+00:00,,18.305208333333333
2021-07-25 00:00:00+00:00,,18.424305555555556
2021-07-26 00:00:00+00:00,,18.577777777777776
2021-07-27 00:00:00+00:00,,18.635416666666668
2021-07-28 00:00:00+00:00,,18.60729166666667
2021-07-29 00:00:00+00:00,,18.54409722222222
2021-07-30 00:00:00+00:00,,18.532291666666666
2021-07-31 00:00:00+00:00,,18.431597222222223
2021-08-01 00:00:00+00:00,,18.62986111111111
2021-08-02 00:00:00+00:00,,18.705208333333335
2021-08-03 00:00:00+00:00,,18.87847222222222
2021-08-04 00:00:00+00:00,,18.996875000000003
2021-08-05 00:00:00+00:00,,19.23715277777778
2021-08-06 00:00:00+00:00,,19.458333333333332
2021-08-07 00:00:00+00:00,,19.371180555555554
2021-08-08 00:00:00+00:00,,19.09548611111111
2021-08-09 00:00:00+00:00,,18.780902777777776
2021-08-10 00:00:00+00:00,,18.727083333333333
2021-08-11 00:00:00+00:00,,18.928472222222222
2021-08-12 00:00:00+00:00,,19.189583333333335
2021-08-13 00:00:00+00:00,,19.36875
2021-08-14 00:00:00+00:00,,19.441319444444446
2021-08-15 00:00:00+00:00,,19.543055555555554
2021-08-16 00:00:00+00:00,,19.52951388888889
2021-08-17 00:00:00+00:00,,18.935416666666665
2021-08-18 00:00:00+00:00,,18.838541666666668
2021-08-19 00:00:00+00:00,,18.802430555555556
2021-08-20 00:00:00+00:00,,18.801041666666666
2021-08-21 00:00:00+00:00,,18.961805555555557
2021-08-22 00:00:00+00:00,,19.055208333333336
2021-08-23 00:00:00+00:00,,19.064930555555556
2021-08-24 00:00:00+00:00,,19.097916666666666
2021-08-25 00:00:00+00:00,,19.1
2021-08-26 00:00:00+00:00,,18.90972222222222
2021-08-27 00:00:00+00:00,,18.656597222222224
2021-08-28 00:00:00+00:00,,18.679513888888888
2021-08-29 00:00:00+00:00,,18.553125
2021-08-30 00:00:00+00:00,,18.463194444444444
2021-08-31 00:00:00+00:00,,18.514583333333334
2021-09-01 00:00:00+00:00,,18.493055555555557
2021-09-02 00:00:00+00:00,,18.517013888888886
2021-09-03 00:00:00+00:00,,18.433333333333334
2021-09-04 00:00:00+00:00,,18.459027777777777
2021-09-05 00:00:00+00:00,,18.553125
2021-09-06 00:00:00+00:00,,18.727777777777778
2021-09-07 00:00:00+00:00,,18.922222222222224
2021-09-08 00:00:00+00:00,,19.122916666666665
2021-09-09 00:00:00+00:00,,19.286458333333332
2021-09-10 00:00:00+00:00,,19.475347222222222
2021-09-11 00:00:00+00:00,,19.531944444444445
2021-09-12 00:00:00+00:00,,19.405555555555555
2021-09-13 00:00:00+00:00,,19.22048611111111
2021-09-14 00:00:00+00:00,,19.025694444444444
2021-09-15 00:00:00+00:00,,18.9625
2021-09-16 00:00:00+00:00,,18.821527777777774
2021-09-17 00:00:00+00:00,,18.915972222222223
2021-09-18 00:00:00+00:00,,18.978125
2021-09-19 00:00:00+00:00,,18.937152777777776
2021-09-20 00:00:00+00:00,,18.730208333333334
2021-09-21 00:00:00+00:00,,18.46597222222222
2021-09-22 00:00:00+00:00,,18.370833333333334
2021-09-23 00:00:00+00:00,,18.213541666666668
2021-09-24 00:00:00+00:00,,18.23923611111111
2021-09-25 00:00:00+00:00,,18.334722222222222
2021-09-26 00:00:00+00:00,,18.45138888888889
2021-09-27 00:00:00+00:00,,18.4375
2021-09-28 00:00:00+00:00,31605.875,18.03402777777778
2021-09-29 00:00:00+00:00,31885.38888888889,17.63125
2021-09-30 00:00:00+00:00,32199.229166666668,16.898263888888888
2021-10-01 00:00:00+00:00,32555.090277777777,16.388194444444444
2021-10-02 00:00:00+00:00,32366.583333333332,16.134027777777778
2021-10-03 00:00:00+00:00,32164.25,15.884374999999999
2021-10-04 00:00:00+00:00,31729.691176470587,15.698897058823531
2021-10-05 00:00:00+00:00,31536.604166666668,15.185416666666665
2021-10-06 00:00:00+00:00,31295.118055555555,15.290624999999999
2021-10-07 00:00:00+00:00,30888.625,14.863541666666666
2021-10-08 00:00:00+00:00,30358.875,14.856250000000001
2021-10-09 00:00:00+00:00,30120.87037037037,14.965625000000001
2021-10-10 00:00:00+00:00,30070.395833333332,15.145138888888889
2021-10-11 00:00:00+00:00,30125.961805555555,15.313888888888888
2021-10-12 00:00:00+00:00,30276.916666666668,15.42013888888889
2021-10-13 00:00:00+00:00,30006.4375,15.405208333333333
2021-10-14 00:00:00+00:00,29786.128472222223,15.33888888888889
2021-10-15 00:00:00+00:00,29744.590277777777,15.288888888888888
2021-10-16 00:00:00+00:00,29727.10763888889,15.184027777777779
2021-10-17 00:00:00+00:00,29887.64236111111,14.963194444444444
2021-10-18 00:00:00+00:00,29831.89236111111,14.580208333333335
2021-10-19 00:00:00+00:00,30005.944444444445,14.510416666666666
2021-10-20 00:00:00+00:00,30534.42013888889,14.765277777777776
2021-10-21 00:00:00+00:00,31476.708333333332,14.79861111111111
2021-10-22 00:00:00+00:00,30909.770833333332,13.87673611111111
2021-10-23 00:00:00+00:00,30488.086805555555,13.524652777777778
2021-10-24 00:00:00+00:00,30215.92013888889,13.249305555555557
2021-10-25 00:00:00+00:00,30327.524305555555,13.053125000000001
2021-10-26 00:00:00+00:00,30580.95486111111,12.98576388888889
2021-10-27 00:00:00+00:00,31126.899305555555,13.171180555555557
2021-10-28 00:00:00+00:00,31408.690972222223,13.3125
2021-10-29 00:00:00+00:00,32158.430555555555,13.406944444444443
2021-10-30 00:00:00+00:00,32522.350694444445,13.454166666666667
2021-10-31 00:00:00+00:00,32483.59375,13.125347222222222
2021-11-01 00:00:00+00:00,32501.399305555555,12.745138888888889
2021-11-02 00:00:00+00:00,32094.42361111111,12.226736111111112
2021-11-03 00:00:00+00:00,32074.645833333332,11.760069444444445
2021-11-04 00:00:00+00:00,31922.618055555555,11.621875
2021-11-05 00:00:00+00:00,31555.559027777777,11.8125
2021-11-06 00:00:00+00:00,31415.069444444445,11.762152777777779
2021-11-07 00:00:00+00:00,31534.0625,11.42013888888889
2021-11-08 00:00:00+00:00,30767.288194444445,11.777777777777779
2021-11-09 00:00:00+00:00,30492.305555555555,11.609027777777778
2021-11-10 00:00:00+00:00,30384.868055555555,11.585763888888888
2021-11-11 00:00:00+00:00,30255.76736111111,11.730555555555556
2021-11-12 00:00:00+00:00,30634.274305555555,11.542708333333334
2021-11-13 00:00:00+00:00,31030.621527777777,11.203472222222222
2021-11-14 00:00:00+00:00,31000.010416666668,11.387152777777779
2021-11-15 00:00:00+00:00,31098.3125,11.546875
2021-11-16 00:00:00+00:00,30900.100694444445,11.352430555555555
2021-11-17 00:00:00+00:00,30965.302083333332,11.133333333333333
2021-11-18 00:00:00+00:00,30816.708333333332,11.047569444444443
2021-11-19 00:00:00+00:00,30877.194444444445,11.138194444444444
2021-11-20 00:00:00+00:00,30704.440972222223,11.200347222222222
2021-11-21 00:00:00+00:00,30857.89236111111,11.373958333333333
2021-11-22 00:00:00+00:00,31132.09375,11.671527777777778
2021-11-23 00:00:00+00:00,31134.381944444445,11.586111111111112
2021-11-24 00:00:00+00:00,31050.243055555555,11.442013888888889
2021-11-25 00:00:00+00:00,31018.40625,11.219791666666667
2021-11-26 00:00:00+00:00,31033.98263888889,10.852777777777778
2021-11-27 00:00:00+00:00,31022.725694444445,10.422569444444443
2021-11-28 00:00:00+00:00,30809.291666666668,10.12638888888889
2021-11-29 00:00:00+00:00,31162.9375,10.414236111111112
2021-11-30 00:00:00+00:00,31081.895833333332,9.95486111111111
2021-12-01 00:00:00+00:00,31782.32638888889,10.078819444444443
2021-12-02 00:00:00+00:00,31149.39236111111,9.43611111111111
2021-12-03 00:00:00+00:00,30918.100694444445,8.848958333333334
2021-12-04 00:00:00+00:00,31135.427083333332,8.266319444444443
2021-12-05 00:00:00+00:00,31220.17361111111,8.082291666666666
2021-12-06 00:00:00+00:00,30747.871527777777,7.967361111111111
2021-12-07 00:00:00+00:00,30941.569444444445,7.734375
2021-12-08 00:00:00+00:00,31394.36111111111,7.840277777777778
2021-12-09 00:00:00+00:00,32286.475694444445,7.667708333333334
2021-12-10 00:00:00+00:00,32330.510416666668,7.4854166666666675
2021-12-11 00:00:00+00:00,31422.35763888889,7.237152777777778
2021-12-12 00:00:00+00:00,31584.13888888889,7.4125000000000005
2021-12-13 00:00:00+00:00,31887.0,7.5770833333333325
2021-12-14 00:00:00+00:00,31653.90625,7.66076388888889
2021-12-15 00:00:00+00:00,31843.652777777777,7.772222222222222
2021-12-16 00:00:00+00:00,31456.024305555555,7.8805555555555555
2021-12-17 00:00:00+00:00,30894.786231884056,7.968840579710145
2021-12-18 00:00:00+00:00,30566.10763888889,8.130208333333334
2021-12-19 00:00:00+00:00,30160.35763888889,8.21701388888889
2021-12-20 00:00:00+00:00,30316.104166666668,8.284375
2021-12-21 00:00:00+00:00,30300.489583333332,8.165624999999999
2021-12-22 00:00:00+00:00,30225.48263888889,7.922222222222222
2021-12-23 00:00:00+00:00,30284.229166666668,7.3500000000000005
2021-12-24 00:00:00+00:00,30333.248251748253,7.0412587412587415
2021-12-25 00:00:00+00:00,30370.430555555555,7.270833333333333
2021-12-26 00:00:00+00:00,30669.961805555555,6.979513888888889
2021-12-27 00:00:00+00:00,31125.586805555555,6.795138888888889
2021-12-28 00:00:00+00:00,31721.649305555555,6.973958333333333
2021-12-29 00:00:00+00:00,31843.041666666668,7.101388888888889
2021-12-30 00:00:00+00:00,31985.753472222223,7.273263888888888
2021-12-31 00:00:00+00:00,31965.5,7.25
2022-01-01 00:00:00+00:00,31288.38811188811,7.932867132867133
2022-01-02 00:00:00+00:00,31579.180555555555,8.074652777777779
2022-01-03 00:00:00+00:00,31523.01736111111,8.009374999999999
2022-01-04 00:00:00+00:00,30635.53125,7.868055555555555
2022-01-05 00:00:00+00:00,28549.79513888889,7.5569444444444445
2022-01-06 00:00:00+00:00,26783.114583333332,7.372222222222222
2022-01-07 00:00:00+00:00,27630.1875,7.060069444444444
2022-01-08 00:00:00+00:00,26290.652777777777,6.919791666666667
2022-01-09 00:00:00+00:00,27938.104166666668,6.805555555555555
2022-01-10 00:00:00+00:00,27058.059027777777,6.857986111111111
2022-01-11 00:00:00+00:00,29746.20486111111,6.810069444444444
2022-01-12 00:00:00+00:00,30499.61224489796,6.853125
2022-01-13 00:00:00+00:00,30783.104166666668,6.955902777777777
2022-01-14 00:00:00+00:00,30777.73611111111,6.922916666666667
2022-01-15 00:00:00+00:00,30990.347222222223,7.015972222222222
2022-01-16 00:00:00+00:00,30798.455782312925,6.953472222222222
2022-01-17 00:00:00+00:00,30364.118055555555,6.9375
2022-01-18 00:00:00+00:00,30116.98611111111,6.980208333333334
2022-01-19 00:00:00+00:00,29275.08780487805,7.040972222222222
2022-01-20 00:00:00+00:00,28779.850694444445,7.095138888888888
2022-01-21 00:00:00+00:00,28688.0625,6.975694444444445
2022-01-22 00:00:00+00:00,27517.95486111111,6.848958333333333
2022-01-23 00:00:00+00:00,27376.444444444445,6.888194444444444
2022-01-24 00:00:00+00:00,27886.090277777777,6.957291666666666
2022-01-25 00:00:00+00:00,28061.166666666668,6.960763888888889
2022-01-26 00:00:00+00:00,27958.381944444445,6.876388888888889
2022-01-27 00:00:00+00:00,28381.635416666668,6.795833333333333
2022-01-28 00:00:00+00:00,27603.03125,6.765277777777778
2022-01-29 00:00:00+00:00,28929.975694444445,6.919791666666667
2022-01-30 00:00:00+00:00,27967.850694444445,6.876041666666667
2022-01-31 00:00:00+00:00,28336.784722222223,6.778472222222223
2022-02-01 00:00:00+00:00,28073.364583333332,6.655208333333333
2022-02-02 00:00:00+00:00,27630.631944444445,6.734722222222222
2022-02-03 00:00:00+00:00,27075.125,6.790277777777778
2022-02-04 00:00:00+00:00,27688.07638888889,6.810416666666667
2022-02-05 00:00:00+00:00,27644.70138888889,6.635416666666667
2022-02-06 00:00:00+00:00,31028.694444444445,6.821875
2022-02-07 00:00:00+00:00,29700.5,6.626388888888888
2022-02-08 00:00:00+00:00,28612.993055555555,6.664930555555555
2022-02-09 00:00:00+00:00,30255.930555555555,6.874305555555555
2022-02-10 00:00:00+00:00,29908.61111111111,6.968402777777778
2022-02-11 00:00:00+00:00,27741.13768115942,6.8180555555555555
2022-02-12 00:00:00+00:00,27936.600694444445,6.718402777777778
2022-02-13 00:00:00+00:00,30002.15625,6.412152777777778
2022-02-14 00:00:00+00:00,30942.725694444445,6.485416666666667
2022-02-15 00:00:00+00:00,30733.96875,6.433333333333334
2022-02-16 00:00:00+00:00,31361.149305555555,6.638888888888889
2022-02-17 00:00:00+00:00,30717.534722222223,6.855902777777778
2022-02-18 00:00:00+00:00,30010.010416666668,6.911458333333333
2022-02-19 00:00:00+00:00,30892.77067669173,6.658333333333333
2022-02-20 00:00:00+00:00,31439.479166666668,6.814583333333333
2022-02-21 00:00:00+00:00,31752.194444444445,7.023263888888889
2022-02-22 00:00:00+00:00,28001.01736111111,6.933680555555556
2022-02-23 00:00:00+00:00,27704.684027777777,6.960069444444445
2022-02-24 00:00:00+00:00,29917.13888888889,6.984722222222222
2022-02-25 00:00:00+00:00,28958.065972222223,6.745138888888889
2022-02-26 00:00:00+00:00,27343.631944444445,6.758333333333334
2022-02-27 00:00:00+00:00,29785.51736111111,6.7555555555555555
2022-02-28 00:00:00+00:00,30119.565972222223,6.704861111111111
2022-03-01 00:00:00+00:00,30653.284722222223,6.745138888888889
2022-03-02 00:00:00+00:00,30063.527777777777,6.754513888888889
2022-03-03 00:00:00+00:00,29946.57638888889,6.736458333333333
2022-03-04 00:00:00+00:00,29922.753472222223,6.719097222222222
2022-03-05 00:00:00+00:00,29769.743055555555,6.706597222222222
2022-03-06 00:00:00+00:00,29445.479166666668,6.629861111111111
2022-03-07 00:00:00+00:00,29812.76388888889,6.595486111111111
2022-03-08 00:00:00+00:00,29601.260416666668,6.504166666666666
2022-03-09 00:00:00+00:00,29809.586805555555,6.481944444444444
2022-03-10 00:00:00+00:00,30101.92361111111,6.593055555555555
2022-03-11 00:00:00+00:00,30278.95486111111,6.711111111111111
2022-03-12 00:00:00+00:00,31017.13529411765,6.981249999999999
2022-03-13 00:00:00+00:00,,7.257986111111112
2022-03-14 00:00:00+00:00,,7.449652777777778
2022-03-15 00:00:00+00:00,,7.615277777777777
2022-03-16 00:00:00+00:00,,7.692361111111111
2022-03-17 00:00:00+00:00,,7.821527777777778
2022-03-18 00:00:00+00:00,,7.940780141843972
2022-03-19 00:00:00+00:00,,7.9624999999999995
2022-03-20 00:00:00+00:00,,7.676736111111111
2022-03-21 00:00:00+00:00,,7.507291666666666
2022-03-22 00:00:00+00:00,,7.747916666666667
2022-03-23 00:00:00+00:00,,8.055902777777778
2022-03-24 00:00:00+00:00,,8.289930555555555
2022-03-25 00:00:00+00:00,,8.452430555555557
2022-03-26 00:00:00+00:00,,8.419791666666667
2022-03-27 00:00:00+00:00,,8.462847222222223
2022-03-28 00:00:00+00:00,,8.542708333333334
2022-03-29 00:00:00+00:00,,8.676041666666666
2022-03-30 00:00:00+00:00,,8.808680555555556
2022-03-31 00:00:00+00:00,,8.510069444444445
2022-04-01 00:00:00+00:00,,7.920138888888889
2022-04-02 00:00:00+00:00,,7.733680555555556
2022-04-03 00:00:00+00:00,,7.615277777777777
2022-04-04 00:00:00+00:00,,7.567479674796749
2022-04-05 00:00:00+00:00,,7.7449275362318835
2022-04-06 00:00:00+00:00,,7.979929577464789
2022-04-07 00:00:00+00:00,,8.113970588235293
2022-04-08 00:00:00+00:00,,8.087152777777778
2022-04-09 00:00:00+00:00,,8.146527777777777
2022-04-10 00:00:00+00:00,,8.217708333333333
2022-04-11 00:00:00+00:00,,8.27986111111111
2022-04-12 00:00:00+00:00,,8.45138888888889
2022-04-13 00:00:00+00:00,,8.690277777777778
2022-04-14 00:00:00+00:00,,8.952777777777778
2022-04-15 00:00:00+00:00,,9.009722222222223
2022-04-16 00:00:00+00:00,,9.075694444444444
2022-04-17 00:00:00+00:00,,9.260763888888889
2022-04-18 00:00:00+00:00,,9.519791666666666
2022-04-19 00:00:00+00:00,,9.680555555555555
2022-04-20 00:00:00+00:00,,9.740277777777777
2022-04-21 00:00:00+00:00,,9.899305555555555
2022-04-22 00:00:00+00:00,,9.960069444444445
2022-04-23 00:00:00+00:00,,10.051041666666666
2022-04-24 00:00:00+00:00,,10.171180555555555
2022-04-25 00:00:00+00:00,,10.102430555555555
2022-04-26 00:00:00+00:00,,10.117013888888888
2022-04-27 00:00:00+00:00,30486.614173228347,10.204744525547445
2022-04-28 00:00:00+00:00,30418.85763888889,10.289236111111112
2022-04-29 00:00:00+00:00,30466.090277777777,10.389930555555557
2022-04-30 00:00:00+00:00,30442.725694444445,10.437847222222222
2022-05-01 00:00:00+00:00,29936.36879432624,10.62659574468085
2022-05-02 00:00:00+00:00,29387.79020979021,10.924825174825175
2022-05-03 00:00:00+00:00,28969.472222222223,11.144097222222221
2022-05-04 00:00:00+00:00,29004.289285714287,11.171785714285713
2022-05-05 00:00:00+00:00,28885.0234375,11.498046875
2022-05-06 00:00:00+00:00,28923.3321299639,11.762589928057555
2022-05-07 00:00:00+00:00,29227.940972222223,11.906597222222222
2022-05-08 00:00:00+00:00,29397.13888888889,12.057986111111111
2022-05-09 00:00:00+00:00,30274.131944444445,12.035416666666666
2022-05-10 00:00:00+00:00,30634.75,12.103124999999999
2022-05-11 00:00:00+00:00,31012.726235741444,12.376045627376426
2022-05-12 00:00:00+00:00,30942.527777777777,12.797569444444443
2022-05-13 00:00:00+00:00,30811.0,13.335384615384614
2022-05-14 00:00:00+00:00,30884.672661870503,13.616906474820144
2022-05-15 00:00:00+00:00,30679.590277777777,13.628472222222221
2022-05-16 00:00:00+00:00,30672.31395348837,14.020542635658915
2022-05-17 00:00:00+00:00,30737.264492753624,14.585507246376812
2022-05-18 00:00:00+00:00,30541.717857142856,14.803571428571429
2022-05-19 00:00:00+00:00,30574.52536231884,14.785869565217391
2022-05-20 00:00:00+00:00,30516.92013888889,14.717361111111112
2022-05-21 00:00:00+00:00,30649.809027777777,14.786458333333334
2022-05-22 00:00:00+00:00,30717.586805555555,14.889236111111112
2022-05-23 00:00:00+00:00,30713.78125,14.893749999999999
2022-05-24 00:00:00+00:00,30889.627659574468,15.122340425531915
2022-05-25 00:00:00+00:00,31467.309027777777,14.972916666666666
2022-05-26 00:00:00+00:00,31986.056390977443,14.906766917293233
2022-05-27 00:00:00+00:00,31962.47857142857,15.183214285714286
2022-05-28 00:00:00+00:00,31349.375,15.256250000000001
2022-05-29 00:00:00+00:00,31007.344497607657,14.730902777777779
2022-05-30 00:00:00+00:00,30533.847222222223,14.556597222222223
2022-05-31 00:00:00+00:00,30176.215277777777,14.81909722222222
2022-06-01 00:00:00+00:00,30172.336363636365,15.105166051660516
2022-06-02 00:00:00+00:00,30174.70486111111,15.273958333333333
2022-06-03 00:00:00+00:00,30280.854166666668,15.269097222222221
2022-06-04 00:00:00+00:00,30465.243055555555,15.251388888888888
2022-06-05 00:00:00+00:00,30621.395833333332,15.263541666666665
2022-06-06 00:00:00+00:00,30917.70138888889,15.254513888888889
2022-06-07 00:00:00+00:00,30996.836805555555,15.304166666666667
2022-06-08 00:00:00+00:00,31203.703971119132,15.395357142857142
2022-06-09 00:00:00+00:00,31282.99239543726,15.751503759398496
2022-06-10 00:00:00+00:00,31387.06766917293,16.13222222222222
2022-06-11 00:00:00+00:00,31474.403703703705,16.53814814814815
2022-06-12 00:00:00+00:00,31293.072,17.046
2022-06-13 00:00:00+00:00,30951.039855072464,17.267753623188405
2022-06-14 00:00:00+00:00,30803.917525773195,17.15798611111111
2022-06-15 00:00:00+00:00,,17.14236111111111
2022-06-16 00:00:00+00:00,,17.264930555555555
2022-06-17 00:00:00+00:00,,17.603472222222223
2022-06-18 00:00:00+00:00,,17.757986111111112
2022-06-19 00:00:00+00:00,,16.68125
2022-06-20 00:00:00+00:00,,16.4625
2022-06-21 00:00:00+00:00,,16.78576388888889
2022-06-22 00:00:00+00:00,,17.16909722222222
2022-06-23 00:00:00+00:00,,17.552083333333332
2022-06-24 00:00:00+00:00,,17.949305555555554
2022-06-25 00:00:00+00:00,,18.250694444444445
2022-06-26 00:00:00+00:00,,18.313541666666666
2022-06-27 00:00:00+00:00,,18.325000000000003
2022-06-28 00:00:00+00:00,,18.361805555555556
2022-06-29 00:00:00+00:00,,18.505555555555556
2022-06-30 00:00:00+00:00,,18.643055555555556
2022-07-01 00:00:00+00:00,,18.538194444444443
2022-07-02 00:00:00+00:00,,18.562847222222224
2022-07-03 00:00:00+00:00,,18.655208333333334
2022-07-04 00:00:00+00:00,,18.819097222222222
2022-07-05 00:00:00+00:00,,18.988541666666666
2022-07-06 00:00:00+00:00,30823.515463917527,19.026642335766425
2022-07-07 00:00:00+00:00,30852.458333333332,18.818055555555556
2022-07-08 00:00:00+00:00,30785.641304347828,18.59565217391304
2022-07-09 00:00:00+00:00,30812.18181818182,18.811458333333334
2022-07-10 00:00:00+00:00,30628.269784172662,18.861805555555556
2022-07-11 00:00:00+00:00,,19.07465277777778
2022-07-12 00:00:00+00:00,,19.351041666666667
2022-07-13 00:00:00+00:00,,19.67465277777778
2022-07-14 00:00:00+00:00,,19.835069444444443
2022-07-15 00:00:00+00:00,,19.880208333333332
2022-07-16 00:00:00+00:00,,19.971180555555556
2022-07-17 00:00:00+00:00,,19.910069444444446
2022-07-18 00:00:00+00:00,,20.050694444444446
2022-07-19 00:00:00+00:00,,20.400694444444444
2022-07-20 00:00:00+00:00,,20.73090277777778
2022-07-21 00:00:00+00:00,,20.594444444444445
2022-07-22 00:00:00+00:00,,19.898958333333333
2022-07-23 00:00:00+00:00,,19.610763888888886
2022-07-24 00:00:00+00:00,,19.970833333333335
2022-07-25 00:00:00+00:00,,20.311111111111114
2022-07-26 00:00:00+00:00,,20.397222222222222
2022-07-27 00:00:00+00:00,,20.15625
2022-07-28 00:00:00+00:00,,19.842708333333334
2022-07-29 00:00:00+00:00,,19.800694444444446
2022-07-30 00:00:00+00:00,,19.922916666666666
2022-07-31 00:00:00+00:00,,20.069444444444443
2022-08-01 00:00:00+00:00,,20.194444444444443
2022-08-02 00:00:00+00:00,,20.404166666666665
2022-08-03 00:00:00+00:00,,20.614583333333332
2022-08-04 00:00:00+00:00,,20.98888888888889
2022-08-05 00:00:00+00:00,,20.84861111111111
2022-08-06 00:00:00+00:00,,20.536805555555556
2022-08-07 00:00:00+00:00,,20.410069444444446
2022-08-08 00:00:00+00:00,,20.388194444444444
2022-08-09 00:00:00+00:00,,20.421774193548387
2022-08-10 00:00:00+00:00,,20.465625000000003
2022-08-11 00:00:00+00:00,,20.785416666666666
2022-08-12 00:00:00+00:00,,21.14121863799283
2022-08-13 00:00:00+00:00,,21.376388888888886
2022-08-14 00:00:00+00:00,,21.559375000000003
2022-08-15 00:00:00+00:00,,21.77777777777778
2022-08-16 00:00:00+00:00,,21.95659722222222
2022-08-17 00:00:00+00:00,,21.515277777777776
2022-08-18 00:00:00+00:00,,21.377430555555556
2022-08-19 00:00:00+00:00,,21.553125
2022-08-20 00:00:00+00:00,,21.644791666666666
2022-08-21 00:00:00+00:00,,21.61215277777778
2022-08-22 00:00:00+00:00,,21.599652777777777
2022-08-23 00:00:00+00:00,,21.683333333333334
2022-08-24 00:00:00+00:00,,21.923958333333335
2022-08-25 00:00:00+00:00,31428.17777777778,22.076736111111114
2022-08-26 00:00:00+00:00,31476.256944444445,21.84375
2022-08-27 00:00:00+00:00,31526.26388888889,21.427777777777777
2022-08-28 00:00:00+00:00,31735.833333333332,20.884375
2022-08-29 00:00:00+00:00,31815.965277777777,20.646875
2022-08-30 00:00:00+00:00,31687.027777777777,20.678819444444443
2022-08-31 00:00:00+00:00,31191.152777777777,20.554166666666667
2022-09-01 00:00:00+00:00,30801.347222222223,20.433680555555554
2022-09-02 00:00:00+00:00,30740.3125,20.326736111111114
2022-09-03 00:00:00+00:00,30779.854166666668,20.253819444444446
2022-09-04 00:00:00+00:00,30771.6875,20.44861111111111
2022-09-05 00:00:00+00:00,30759.708333333332,20.604166666666668
2022-09-06 00:00:00+00:00,30508.041666666668,20.656597222222224
2022-09-07 00:00:00+00:00,30779.819444444445,20.715625000000003
2022-09-08 00:00:00+00:00,31026.902777777777,20.643055555555556
2022-09-09 00:00:00+00:00,31367.791666666668,20.235069444444445
2022-09-10 00:00:00+00:00,31087.479166666668,19.855555555555554
2022-09-11 00:00:00+00:00,29984.104166666668,19.95034722222222
2022-09-12 00:00:00+00:00,30888.48611111111,20.15
2022-09-13 00:00:00+00:00,31231.006944444445,20.346180555555556
2022-09-14 00:00:00+00:00,31227.135416666668,20.34375
2022-09-15 00:00:00+00:00,31458.48611111111,20.114583333333332
2022-09-16 00:00:00+00:00,31510.336805555555,19.537152777777777
2022-09-17 00:00:00+00:00,30835.51388888889,19.141319444444445
2022-09-18 00:00:00+00:00,30325.479166666668,18.477083333333333
2022-09-19 00:00:00+00:00,30067.26388888889,18.17361111111111
2022-09-20 00:00:00+00:00,30152.256944444445,18.15277777777778
2022-09-21 00:00:00+00:00,30458.95486111111,18.197222222222223
2022-09-22 00:00:00+00:00,30451.284722222223,18.193402777777777
2022-09-23 00:00:00+00:00,30401.61111111111,18.025347222222223
2022-09-24 00:00:00+00:00,30320.239583333332,17.776041666666668
2022-09-25 00:00:00+00:00,30321.913194444445,17.742013888888888
2022-09-26 00:00:00+00:00,30246.51388888889,17.27951388888889
2022-09-27 00:00:00+00:00,30007.10763888889,16.6
2022-09-28 00:00:00+00:00,29737.805555555555,15.968055555555557
2022-09-29 00:00:00+00:00,29584.579505300353,15.633449477351917
2022-09-30 00:00:00+00:00,29533.559139784946,15.654861111111112
2022-10-01 00:00:00+00:00,30292.694444444445,15.83715277777778
2022-10-02 00:00:00+00:00,30017.5625,15.459375000000001
2022-10-03 00:00:00+00:00,29737.680555555555,15.757291666666667
2022-10-04 00:00:00+00:00,30001.909722222223,15.853472222222223
2022-10-05 00:00:00+00:00,30885.3125,16.007638888888888
2022-10-06 00:00:00+00:00,31123.715277777777,15.737847222222221
2022-10-07 00:00:00+00:00,30969.444444444445,15.461111111111112
2022-10-08 00:00:00+00:00,30963.6875,15.3125
2022-10-09 00:00:00+00:00,30401.555555555555,15.330902777777778
2022-10-10 00:00:00+00:00,30652.465277777777,15.302083333333334
2022-10-11 00:00:00+00:00,30190.95138888889,15.378819444444446
2022-10-12 00:00:00+00:00,29924.253623188404,15.322826086956523
2022-10-13 00:00:00+00:00,29871.333333333332,15.162500000000001
2022-10-14 00:00:00+00:00,29988.29861111111,15.206249999999999
2022-10-15 00:00:00+00:00,30114.159722222223,15.191319444444446
2022-10-16 00:00:00+00:00,30418.847222222223,15.081249999999999
2022-10-17 00:00:00+00:00,30666.291666666668,15.223263888888889
2022-10-18 00:00:00+00:00,30878.708333333332,15.298958333333335
2022-10-19 00:00:00+00:00,30907.284722222223,15.454166666666667
2022-10-20 00:00:00+00:00,31521.522058823528,15.277573529411764
2022-10-21 00:00:00+00:00,31492.527777777777,15.257986111111112
2022-10-22 00:00:00+00:00,31478.902777777777,15.122916666666665
2022-10-23 00:00:00+00:00,31231.45138888889,15.043055555555554
2022-10-24 00:00:00+00:00,31679.291666666668,14.975694444444445
2022-10-25 00:00:00+00:00,31681.291666666668,14.857986111111112
2022-10-26 00:00:00+00:00,31396.979166666668,14.769097222222221
2022-10-27 00:00:00+00:00,31197.604166666668,14.838541666666666
2022-10-28 00:00:00+00:00,31002.590277777777,14.933333333333334
2022-10-29 00:00:00+00:00,30886.555555555555,15.012847222222222
2022-10-30 00:00:00+00:00,30860.194444444445,15.072222222222223
2022-10-31 00:00:00+00:00,30735.395833333332,15.016319444444443
2022-11-01 00:00:00+00:00,31704.645833333332,14.891319444444443
2022-11-02 00:00:00+00:00,32395.04861111111,14.494444444444444
2022-11-03 00:00:00+00:00,32503.930555555555,14.210416666666667
2022-11-04 00:00:00+00:00,32185.722222222223,13.814583333333333
2022-11-05 00:00:00+00:00,31682.465277777777,13.243055555555555
2022-11-06 00:00:00+00:00,31842.63888888889,12.781944444444443
2022-11-07 00:00:00+00:00,32024.375,12.897222222222222
2022-11-08 00:00:00+00:00,31705.479166666668,12.602083333333333
2022-11-09 00:00:00+00:00,31767.01388888889,12.665624999999999
2022-11-10 00:00:00+00:00,31447.847222222223,12.493402777777778
2022-11-11 00:00:00+00:00,31309.95138888889,12.304513888888888
2022-11-12 00:00:00+00:00,30929.465277777777,12.185416666666667
2022-11-13 00:00:00+00:00,30598.722222222223,12.296527777777778
2022-11-14 00:00:00+00:00,30438.5625,12.221875
2022-11-15 00:00:00+00:00,30810.215277777777,11.877777777777778
2022-11-16 00:00:00+00:00,31414.055555555555,11.914583333333333
2022-11-17 00:00:00+00:00,32162.45138888889,11.953819444444445
2022-11-18 00:00:00+00:00,32425.034722222223,11.835069444444445
2022-11-19 00:00:00+00:00,31930.166666666668,11.434027777777779
2022-11-20 00:00:00+00:00,32028.902777777777,10.780555555555557
2022-11-21 00:00:00+00:00,31768.243055555555,10.088541666666666
2022-11-22 00:00:00+00:00,31716.527777777777,9.785763888888889
2022-11-23 00:00:00+00:00,31381.895833333332,9.910069444444444
2022-11-24 00:00:00+00:00,31447.972222222223,9.888194444444444
2022-11-25 00:00:00+00:00,31674.354166666668,9.836805555555555
2022-11-26 00:00:00+00:00,31150.618055555555,9.841319444444444
2022-11-27 00:00:00+00:00,30991.194444444445,9.742013888888888
2022-11-28 00:00:00+00:00,31501.625,9.884027777777778
2022-11-29 00:00:00+00:00,31334.569444444445,10.168402777777779
2022-11-30 00:00:00+00:00,31192.715277777777,10.375347222222222
2022-12-01 00:00:00+00:00,30988.118055555555,10.603124999999999
2022-12-02 00:00:00+00:00,30630.541666666668,10.661805555555555
2022-12-03 00:00:00+00:00,30746.36111111111,10.254166666666666
2022-12-04 00:00:00+00:00,31089.51388888889,9.723263888888889
2022-12-05 00:00:00+00:00,31218.541666666668,9.347222222222221
2022-12-06 00:00:00+00:00,31398.86111111111,9.333333333333334
2022-12-07 00:00:00+00:00,31374.895833333332,9.632291666666667
2022-12-08 00:00:00+00:00,31021.82638888889,9.810416666666667
2022-12-09 00:00:00+00:00,30632.86111111111,9.372222222222222
2022-12-10 00:00:00+00:00,30495.791666666668,8.574305555555556
2022-12-11 00:00:00+00:00,30513.541666666668,7.528124999999999
2022-12-12 00:00:00+00:00,30761.924882629108,7.149640287769784
2022-12-13 00:00:00+00:00,30811.17013888889,6.948958333333334
2022-12-14 00:00:00+00:00,30943.166666666668,6.990972222222222
2022-12-15 00:00:00+00:00,31410.42013888889,7.537847222222222
2022-12-16 00:00:00+00:00,31579.67013888889,7.460416666666666
2022-12-17 00:00:00+00:00,31817.10763888889,7.276041666666667
2022-12-18 00:00:00+00:00,31785.565972222223,6.565972222222222
2022-12-19 00:00:00+00:00,32166.21875,6.324305555555556
2022-12-20 00:00:00+00:00,32360.847222222223,6.628472222222222
2022-12-21 00:00:00+00:00,32131.138686131388,6.39014598540146
2022-12-22 00:00:00+00:00,32042.920289855072,6.2945652173913045
2022-12-23 00:00:00+00:00,31970.166666666668,6.3896296296296295
2022-12-24 00:00:00+00:00,32069.319444444445,6.664583333333334
2022-12-25 00:00:00+00:00,32031.645833333332,6.858680555555555
2022-12-26 00:00:00+00:00,32036.538194444445,6.995486111111111
2022-12-27 00:00:00+00:00,31395.072916666668,6.854861111111111
2022-12-28 00:00:00+00:00,31152.125,7.030555555555555
2022-12-29 00:00:00+00:00,32489.541666666668,7.230208333333334
2022-12-30 00:00:00+00:00,31567.996527777777,7.085416666666666
2022-12-31 00:00:00+00:00,33462.5,7.15
2023-01-01 00:00:00+00:00,32827.11111111111,7.2906249999999995
2023-01-02 00:00:00+00:00,32752.197916666668,7.332291666666666
2023-01-03 00:00:00+00:00,31730.67361111111,7.32361111111111
2023-01-04 00:00:00+00:00,32882.45486111111,7.2250000000000005
2023-01-05 00:00:00+00:00,32168.552083333332,7.442708333333333
2023-01-06 00:00:00+00:00,32464.427083333332,7.600347222222222
2023-01-07 00:00:00+00:00,31666.055555555555,7.802083333333333
2023-01-08 00:00:00+00:00,32183.600694444445,7.660416666666666
2023-01-09 00:00:00+00:00,32473.871527777777,7.648611111111112
2023-01-10 00:00:00+00:00,31053.565972222223,7.545486111111111
2023-01-11 00:00:00+00:00,32529.989583333332,7.700694444444445
2023-01-12 00:00:00+00:00,32920.44097222222,8.148611111111112
2023-01-13 00:00:00+00:00,32601.57986111111,8.272569444444445
2023-01-14 00:00:00+00:00,32152.850694444445,8.232291666666667
2023-01-15 00:00:00+00:00,32674.680555555555,8.172222222222222
2023-01-16 00:00:00+00:00,31747.809027777777,7.908333333333333
2023-01-17 00:00:00+00:00,28957.302083333332,7.65625
2023-01-18 00:00:00+00:00,27218.538194444445,7.419444444444445
2023-01-19 00:00:00+00:00,25410.947916666668,7.245138888888889
2023-01-20 00:00:00+00:00,24476.934027777777,7.199999999999999
2023-01-21 00:00:00+00:00,28643.503472222223,7.475347222222222
2023-01-22 00:00:00+00:00,29371.46875,7.434722222222222
2023-01-23 00:00:00+00:00,29572.2489626556,7.460483870967742
2023-01-24 00:00:00+00:00,29213.399305555555,7.403472222222222
2023-01-25 00:00:00+00:00,28836.097222222223,7.237500000000001
2023-01-26 00:00:00+00:00,28230.989583333332,7.143750000000001
2023-01-27 00:00:00+00:00,28427.302083333332,7.105902777777778
2023-01-28 00:00:00+00:00,28539.034722222223,7.037152777777778
2023-01-29 00:00:00+00:00,28317.715277777777,6.903819444444444
2023-01-30 00:00:00+00:00,28252.26736111111,6.8069444444444445
2023-01-31 00:00:00+00:00,27246.815972222223,6.701736111111112
2023-02-01 00:00:00+00:00,28381.246527777777,6.770138888888889
2023-02-02 00:00:00+00:00,27944.225694444445,6.800000000000001
2023-02-03 00:00:00+00:00,28665.95486111111,6.950347222222223
2023-02-04 00:00:00+00:00,28724.520833333332,7.031597222222222
2023-02-05 00:00:00+00:00,28116.367424242424,7.002272727272727
2023-02-06 00:00:00+00:00,28500.654471544716,6.984146341463414
2023-02-07 00:00:00+00:00,28772.86111111111,6.929513888888889
2023-02-08 00:00:00+00:00,28654.395833333332,6.789583333333334
2023-02-09 00:00:00+00:00,28390.184027777777,6.620138888888889
2023-02-10 00:00:00+00:00,28037.291666666668,6.560416666666667
2023-02-11 00:00:00+00:00,28252.534722222223,6.613541666666666
2023-02-12 00:00:00+00:00,28830.23611111111,6.746874999999999
2023-02-13 00:00:00+00:00,29109.39236111111,6.826388888888889
2023-02-14 00:00:00+00:00,29403.684027777777,6.873958333333333
2023-02-15 00:00:00+00:00,29706.809027777777,6.942361111111111
2023-02-16 00:00:00+00:00,30109.340277777777,7.020486111111111
2023-02-17 00:00:00+00:00,31371.27142857143,7.2825
2023-02-18 00:00:00+00:00,31693.118055555555,7.482291666666667
2023-02-19 00:00:00+00:00,31528.378472222223,7.628125000000001
2023-02-20 00:00:00+00:00,31299.104166666668,7.639236111111111
2023-02-21 00:00:00+00:00,31425.98263888889,7.637847222222222
2023-02-22 00:00:00+00:00,31023.82986111111,7.5836805555555555
2023-02-23 00:00:00+00:00,30694.208333333332,7.613541666666666
2023-02-24 00:00:00+00:00,30817.520833333332,7.481249999999999
2023-02-25 00:00:00+00:00,31058.003472222223,7.336805555555555
2023-02-26 00:00:00+00:00,30896.652777777777,7.117361111111112
2023-02-27 00:00:00+00:00,30894.48263888889,6.957638888888889
2023-02-28 00:00:00+00:00,30925.166666666668,6.869097222222222
2023-03-01 00:00:00+00:00,31065.340277777777,6.800000000000001
2023-03-02 00:00:00+00:00,31407.936619718308,6.814084507042254
2023-03-03 00:00:00+00:00,31636.399305555555,6.818402777777778
2023-03-04 00:00:00+00:00,31712.302083333332,6.890625
2023-03-05 00:00:00+00:00,31647.73611111111,6.889930555555555
2023-03-06 00:00:00+00:00,31355.53125,6.792708333333334
2023-03-07 00:00:00+00:00,31068.559027777777,6.618055555555555
2023-03-08 00:00:00+00:00,30753.913194444445,6.389583333333333
2023-03-09 00:00:00+00:00,30496.04513888889,6.162152777777778
2023-03-10 00:00:00+00:00,30468.75,6.06875
2023-03-11 00:00:00+00:00,30753.375,6.1038194444444445
2023-03-12 00:00:00+00:00,30469.447916666668,6.120833333333334
2023-03-13 00:00:00+00:00,31123.479166666668,6.579861111111111
2023-03-14 00:00:00+00:00,31268.91843971631,6.938297872340425
2023-03-15 00:00:00+00:00,29351.194444444445,6.808333333333334
2023-03-16 00:00:00+00:00,30142.128472222223,6.869097222222222
2023-03-17 00:00:00+00:00,31886.291666666668,7.025347222222222
2023-03-18 00:00:00+00:00,31854.597222222223,7.165277777777778
2023-03-19 00:00:00+00:00,31560.493055555555,7.326041666666667
2023-03-20 00:00:00+00:00,30520.76736111111,7.453472222222222
2023-03-21 00:00:00+00:00,30870.253472222223,7.567361111111111
2023-03-22 00:00:00+00:00,30389.65625,7.815277777777778
2023-03-23 00:00:00+00:00,31432.541666666668,8.065277777777778
2023-03-24 00:00:00+00:00,31726.722222222223,8.45
2023-03-25 00:00:00+00:00,32252.60763888889,8.288541666666667
2023-03-26 00:00:00+00:00,31244.944444444445,8.333680555555555
2023-03-27 00:00:00+00:00,30593.79513888889,7.897916666666666
2023-03-28 00:00:00+00:00,29192.319444444445,7.833333333333333
2023-03-29 00:00:00+00:00,29762.270833333332,7.80798611111111
2023-03-30 00:00:00+00:00,30783.628472222223,8.037152777777777
2023-03-31 00:00:00+00:00,31026.274305555555,8.351388888888888
2023-04-01 00:00:00+00:00,30459.70138888889,8.674652777777776
2023-04-02 00:00:00+00:00,29908.027777777777,8.59375
2023-04-03 00:00:00+00:00,29309.510416666668,8.434722222222222
2023-04-04 00:00:00+00:00,29071.4375,8.447916666666666
2023-04-05 00:00:00+00:00,28354.041666666668,8.570138888888888
2023-04-06 00:00:00+00:00,27659.274305555555,8.630555555555555
2023-04-07 00:00:00+00:00,27413.36111111111,8.606944444444444
2023-04-08 00:00:00+00:00,26455.072916666668,8.749305555555555
2023-04-09 00:00:00+00:00,27474.503472222223,8.686805555555555
2023-04-10 00:00:00+00:00,27503.118055555555,8.783680555555556
2023-04-11 00:00:00+00:00,28627.152777777777,8.87673611111111
2023-04-12 00:00:00+00:00,28843.25,9.129861111111111
2023-04-13 00:00:00+00:00,31002.75,9.221527777777778
2023-04-14 00:00:00+00:00,31208.45486111111,9.434722222222222
2023-04-15 00:00:00+00:00,31086.21875,9.590625
2023-04-16 00:00:00+00:00,30443.899305555555,9.40451388888889
2023-04-17 00:00:00+00:00,29738.010416666668,9.481944444444444
2023-04-18 00:00:00+00:00,28948.395833333332,9.535416666666666
2023-04-19 00:00:00+00:00,28980.399305555555,9.6625
2023-04-20 00:00:00+00:00,28557.402777777777,9.572569444444445
2023-04-21 00:00:00+00:00,28500.052083333332,9.655208333333333
2023-04-22 00:00:00+00:00,27934.145833333332,9.819444444444445
2023-04-23 00:00:00+00:00,27389.27619047619,9.907801418439716
2023-04-24 00:00:00+00:00,26892.381944444445,9.9625
2023-04-25 00:00:00+00:00,26537.777777777777,9.819097222222222
2023-04-26 00:00:00+00:00,26304.034722222223,9.805208333333333
2023-04-27 00:00:00+00:00,27813.375,9.828472222222222
2023-04-28 00:00:00+00:00,28776.965277777777,9.890972222222222
2023-04-29 00:00:00+00:00,28838.465277777777,10.044444444444444
2023-04-30 00:00:00+00:00,28544.444444444445,10.237847222222221
2023-05-01 00:00:00+00:00,29112.9375,10.482291666666667
2023-05-02 00:00:00+00:00,28103.757142857143,10.711619718309858
2023-05-03 00:00:00+00:00,28203.243055555555,10.587152777777778
2023-05-04 00:00:00+00:00,28541.832116788322,10.690747330960853
2023-05-05 00:00:00+00:00,28606.086330935253,11.010247349823322
2023-05-06 00:00:00+00:00,28688.166666666668,11.256597222222222
2023-05-07 00:00:00+00:00,28684.729166666668,11.450347222222222
2023-05-08 00:00:00+00:00,28567.8125,11.621180555555556
2023-05-09 00:00:00+00:00,28890.864864864863,11.706008583690988
2023-05-10 00:00:00+00:00,29369.374429223742,11.74861111111111
2023-05-11 00:00:00+00:00,29658.604166666668,11.861458333333333
2023-05-12 00:00:00+00:00,29280.03125,11.969097222222222
2023-05-13 00:00:00+00:00,29462.690972222223,12.116319444444445
2023-05-14 00:00:00+00:00,28879.181494661923,12.309722222222222
2023-05-15 00:00:00+00:00,28210.520833333332,12.278125
2023-05-16 00:00:00+00:00,27222.725694444445,12.185416666666667
2023-05-17 00:00:00+00:00,26386.239583333332,12.461805555555555
2023-05-18 00:00:00+00:00,26932.527777777777,12.515972222222222
2023-05-19 00:00:00+00:00,27016.135416666668,12.606597222222222
2023-05-20 00:00:00+00:00,26682.961805555555,12.880902777777777
2023-05-21 00:00:00+00:00,27058.22340425532,13.055319148936169
2023-05-22 00:00:00+00:00,27053.354166666668,13.203472222222222
2023-05-23 00:00:00+00:00,26666.434027777777,13.224305555555555
2023-05-24 00:00:00+00:00,26567.57986111111,13.23611111111111
2023-05-25 00:00:00+00:00,27185.727598566307,13.1415770609319
2023-05-26 00:00:00+00:00,28219.183098591548,13.042957746478873
2023-05-27 00:00:00+00:00,28917.819444444445,13.06423611111111
2023-05-28 00:00:00+00:00,29437.493055555555,13.222916666666666
2023-05-29 00:00:00+00:00,30485.538194444445,13.09201388888889
2023-05-30 00:00:00+00:00,30764.95486111111,13.005208333333334
2023-05-31 00:00:00+00:00,30609.212454212455,13.319097222222222
2023-06-01 00:00:00+00:00,30830.70486111111,13.558680555555556
2023-06-02 00:00:00+00:00,30685.715277777777,13.557638888888889
2023-06-03 00:00:00+00:00,30227.50352112676,13.863541666666666
2023-06-04 00:00:00+00:00,29995.152777777777,14.328125
2023-06-05 00:00:00+00:00,30026.862453531598,14.435069444444444
2023-06-06 00:00:00+00:00,29825.519572953737,14.453819444444443
2023-06-07 00:00:00+00:00,29518.838951310863,14.603472222222223
2023-06-08 00:00:00+00:00,29377.910447761195,14.878819444444446
2023-06-09 00:00:00+00:00,29204.052083333332,15.345833333333335
2023-06-10 00:00:00+00:00,29084.159722222223,15.933333333333334
2023-06-11 00:00:00+00:00,29147.90625,16.278125000000003
2023-06-12 00:00:00+00:00,29368.284722222223,16.621180555555554
2023-06-13 00:00:00+00:00,29332.907563025212,16.918750000000003
2023-06-14 00:00:00+00:00,,17.160416666666666
2023-06-15 00:00:00+00:00,,17.475347222222222
2023-06-16 00:00:00+00:00,,17.754166666666666
2023-06-17 00:00:00+00:00,,17.87222222222222
2023-06-18 00:00:00+00:00,,17.923958333333335
2023-06-19 00:00:00+00:00,,18.20514705882353
2023-06-20 00:00:00+00:00,,18.499652777777776
2023-06-21 00:00:00+00:00,,18.716666666666665
2023-06-22 00:00:00+00:00,,18.81017543859649
2023-06-23 00:00:00+00:00,,18.62222222222222
2023-06-24 00:00:00+00:00,,18.738194444444446
2023-06-25 00:00:00+00:00,,18.924999999999997
2023-06-26 00:00:00+00:00,,19.137956204379563
2023-06-27 00:00:00+00:00,,19.421602787456447
2023-06-28 00:00:00+00:00,,19.379166666666666
2023-06-29 00:00:00+00:00,,19.421180555555555
2023-06-30 00:00:00+00:00,,19.36388888888889
2023-07-01 00:00:00+00:00,,18.969097222222224
2023-07-02 00:00:00+00:00,,18.896875
2023-07-03 00:00:00+00:00,,18.53472222222222
2023-07-04 00:00:00+00:00,,18.164930555555557
2023-07-05 00:00:00+00:00,,18.116666666666667
2023-07-06 00:00:00+00:00,,18.237499999999997
2023-07-07 00:00:00+00:00,,18.594097222222224
2023-07-08 00:00:00+00:00,,19.035069444444446
2023-07-09 00:00:00+00:00,,19.370833333333334
2023-07-10 00:00:00+00:00,,19.63784722222222
2023-07-11 00:00:00+00:00,,20.039930555555557
2023-07-12 00:00:00+00:00,,20.280902777777776
2023-07-13 00:00:00+00:00,,19.869791666666668
2023-07-14 00:00:00+00:00,,19.80763888888889
2023-07-15 00:00:00+00:00,,19.74652777777778
2023-07-16 00:00:00+00:00,,19.44097222222222
2023-07-17 00:00:00+00:00,,19.164583333333333
2023-07-18 00:00:00+00:00,,19.20590277777778
2023-07-19 00:00:00+00:00,,19.438194444444445
2023-07-20 00:00:00+00:00,,19.589930555555554
2023-07-21 00:00:00+00:00,,19.814583333333335
2023-07-22 00:00:00+00:00,,19.769444444444446
2023-07-23 00:00:00+00:00,,19.329513888888886
2023-07-24 00:00:00+00:00,,19.12465277777778
2023-07-25 00:00:00+00:00,,19.014930555555555
2023-07-26 00:00:00+00:00,,19.015972222222224
2023-07-27 00:00:00+00:00,,18.974999999999998
2023-07-28 00:00:00+00:00,,
2023-07-29 00:00:00+00:00,,
2023-07-30 00:00:00+00:00,,
2023-07-31 00:00:00+00:00,,
2023-08-01 00:00:00+00:00,,
2023-08-02 00:00:00+00:00,,
2023-08-03 00:00:00+00:00,,
2023-08-04 00:00:00+00:00,,
2023-08-05 00:00:00+00:00,,
2023-08-06 00:00:00+00:00,,
2023-08-07 00:00:00+00:00,,
2023-08-08 00:00:00+00:00,,
2023-08-09 00:00:00+00:00,,18.266666666666666
2023-08-10 00:00:00+00:00,,18.66
2023-08-11 00:00:00+00:00,,18.84285714285714
2023-08-12 00:00:00+00:00,,19.002
2023-08-13 00:00:00+00:00,,19.04201388888889
2023-08-14 00:00:00+00:00,,19.14236111111111
2023-08-15 00:00:00+00:00,,19.346180555555556
2023-08-16 00:00:00+00:00,,19.47222222222222
2023-08-17 00:00:00+00:00,,19.479166666666668
2023-08-18 00:00:00+00:00,,19.548958333333335
2023-08-19 00:00:00+00:00,,19.850694444444443
2023-08-20 00:00:00+00:00,,20.075694444444444
2023-08-21 00:00:00+00:00,,20.256597222222222
2023-08-22 00:00:00+00:00,,20.411805555555556
2023-08-23 00:00:00+00:00,,20.481250000000003
2023-08-24 00:00:00+00:00,,20.452430555555555
2023-08-25 00:00:00+00:00,,20.44471544715447
2023-08-26 00:00:00+00:00,,20.398611111111112
2023-08-27 00:00:00+00:00,,20.08888888888889
2023-08-28 00:00:00+00:00,,19.813888888888886
2023-08-29 00:00:00+00:00,,19.82986111111111
2023-08-30 00:00:00+00:00,,19.571527777777778
2023-08-31 00:00:00+00:00,,19.34097222222222
2023-09-01 00:00:00+00:00,,19.334722222222222
2023-09-02 00:00:00+00:00,,19.370833333333334
2023-09-03 00:00:00+00:00,,19.540277777777778
2023-09-04 00:00:00+00:00,,19.663888888888888
2023-09-05 00:00:00+00:00,,19.75625
2023-09-06 00:00:00+00:00,,19.90277777777778
2023-09-07 00:00:00+00:00,,20.158823529411766
2023-09-08 00:00:00+00:00,,20.255208333333332
2023-09-09 00:00:00+00:00,,20.567708333333332
2023-09-10 00:00:00+00:00,,20.725
2023-09-11 00:00:00+00:00,,20.838194444444444
2023-09-12 00:00:00+00:00,,20.90902777777778
2023-09-13 00:00:00+00:00,,20.77013888888889
2023-09-14 00:00:00+00:00,,20.461111111111112
2023-09-15 00:00:00+00:00,,20.338541666666668
2023-09-16 00:00:00+00:00,,20.328472222222224
2023-09-17 00:00:00+00:00,,20.225
2023-09-18 00:00:00+00:00,,20.122569444444444
2023-09-19 00:00:00+00:00,,19.56875
2023-09-20 00:00:00+00:00,,19.12048611111111
2023-09-21 00:00:00+00:00,,18.880208333333332
2023-09-22 00:00:00+00:00,,18.369444444444444
2023-09-23 00:00:00+00:00,,17.812152777777776
2023-09-24 00:00:00+00:00,,17.59861111111111
2023-09-25 00:00:00+00:00,,17.704166666666666
2023-09-26 00:00:00+00:00,,17.640972222222224
2023-09-27 00:00:00+00:00,,17.713194444444444
2023-09-28 00:00:00+00:00,,17.77013888888889
2023-09-29 00:00:00+00:00,,17.764930555555555
2023-09-30 00:00:00+00:00,,17.758333333333333
2023-10-01 00:00:00+00:00,,17.889236111111114
2023-10-02 00:00:00+00:00,,18.13611111111111
2023-10-03 00:00:00+00:00,,18.160069444444446
2023-10-04 00:00:00+00:00,,17.625
2023-10-05 00:00:00+00:00,,17.208680555555556
2023-10-06 00:00:00+00:00,,17.10451388888889
2023-10-07 00:00:00+00:00,,17.302430555555553
2023-10-08 00:00:00+00:00,,17.478472222222223
2023-10-09 00:00:00+00:00,,17.541319444444447
2023-10-10 00:00:00+00:00,,17.561805555555555
2023-10-11 00:00:00+00:00,,17.671875
2023-10-12 00:00:00+00:00,,17.65138888888889
2023-10-13 00:00:00+00:00,,17.608
2023-10-14 00:00:00+00:00,,
2023-10-15 00:00:00+00:00,,
2023-10-16 00:00:00+00:00,,
2023-10-17 00:00:00+00:00,,
2023-10-18 00:00:00+00:00,,
2023-10-19 00:00:00+00:00,,
2023-10-20 00:00:00+00:00,,
2023-10-21 00:00:00+00:00,,
2023-10-22 00:00:00+00:00,,
2023-10-23 00:00:00+00:00,,
2023-10-24 00:00:00+00:00,32723.30612244898,14.42142857142857
2023-10-25 00:00:00+00:00,32499.677083333332,14.067361111111111
2023-10-26 00:00:00+00:00,32357.302083333332,13.743055555555555
2023-10-27 00:00:00+00:00,32149.909722222223,13.619444444444445
2023-10-28 00:00:00+00:00,32150.32986111111,13.363888888888889
2023-10-29 00:00:00+00:00,32926.0,13.666666666666666
2023-10-30 00:00:00+00:00,32991.17013888889,13.494444444444445
2023-10-31 00:00:00+00:00,32349.53125,13.128125
2023-11-01 00:00:00+00:00,31711.14236111111,13.03263888888889
2023-11-02 00:00:00+00:00,32474.208333333332,13.147222222222222
2023-11-03 00:00:00+00:00,32759.17361111111,12.815625
2023-11-04 00:00:00+00:00,32224.996527777777,12.3375
2023-11-05 00:00:00+00:00,32538.98263888889,12.192708333333334
2023-11-06 00:00:00+00:00,32584.57638888889,11.946874999999999
2023-11-07 00:00:00+00:00,32839.67361111111,12.021527777777777
2023-11-08 00:00:00+00:00,32407.878472222223,11.728819444444445
2023-11-09 00:00:00+00:00,32147.0,11.570138888888888
2023-11-10 00:00:00+00:00,32264.84375,11.135416666666666
2023-11-11 00:00:00+00:00,30851.878472222223,10.764930555555557
2023-11-12 00:00:00+00:00,30915.39236111111,10.978472222222223
2023-11-13 00:00:00+00:00,31165.34375,11.124305555555557
2023-11-14 00:00:00+00:00,32208.85763888889,11.148958333333333
2023-11-15 00:00:00+00:00,31300.913194444445,11.325694444444444
2023-11-16 00:00:00+00:00,30369.88888888889,11.317708333333334
2023-11-17 00:00:00+00:00,31308.61467889908,11.55
2023-11-18 00:00:00+00:00,28080.541666666668,11.284375
2023-11-19 00:00:00+00:00,30717.854166666668,11.287847222222222
2023-11-20 00:00:00+00:00,32465.51388888889,11.277083333333334
2023-11-21 00:00:00+00:00,27864.729166666668,11.303819444444445
2023-11-22 00:00:00+00:00,27358.340277777777,11.369097222222221
2023-11-23 00:00:00+00:00,26147.805555555555,11.227430555555555
2023-11-24 00:00:00+00:00,27345.479166666668,11.257638888888888
2023-11-25 00:00:00+00:00,26146.243055555555,10.989930555555555
2023-11-26 00:00:00+00:00,20251.472222222223,10.577430555555557
2023-11-27 00:00:00+00:00,24879.13888888889,10.662152777777779
2023-11-28 00:00:00+00:00,26636.854166666668,10.658333333333333
2023-11-29 00:00:00+00:00,25234.715277777777,10.153472222222222
2023-11-30 00:00:00+00:00,26375.661971830985,10.158802816901408
2023-12-01 00:00:00+00:00,27286.055555555555,10.239930555555555
2023-12-02 00:00:00+00:00,28108.652777777777,10.198958333333334
2023-12-03 00:00:00+00:00,25790.090277777777,9.594097222222222
2023-12-04 00:00:00+00:00,28096.51388888889,9.133680555555555
2023-12-05 00:00:00+00:00,29072.965277777777,9.218055555555557
2023-12-06 00:00:00+00:00,29167.382978723403,9.299999999999999
2023-12-07 00:00:00+00:00,26876.347222222223,8.804513888888888
2023-12-08 00:00:00+00:00,29549.770833333332,8.551388888888889
2023-12-09 00:00:00+00:00,29947.993055555555,8.298958333333333
2023-12-10 00:00:00+00:00,30357.51388888889,7.893055555555555
2023-12-11 00:00:00+00:00,30897.444444444445,8.077777777777778
2023-12-12 00:00:00+00:00,29817.819444444445,8.032291666666666
2023-12-13 00:00:00+00:00,29960.208333333332,8.027430555555556
2023-12-14 00:00:00+00:00,27170.055555555555,8.014583333333333
2023-12-15 00:00:00+00:00,24303.291666666668,7.994097222222221
2023-12-16 00:00:00+00:00,25217.840277777777,8.064930555555556
2023-12-17 00:00:00+00:00,24174.666666666668,8.134374999999999
2023-12-18 00:00:00+00:00,24976.729166666668,8.198611111111111
2023-12-19 00:00:00+00:00,27396.465277777777,8.25138888888889
2023-12-20 00:00:00+00:00,22125.347222222223,8.14201388888889
2023-12-21 00:00:00+00:00,26030.847222222223,8.292013888888889
2023-12-22 00:00:00+00:00,22368.902777777777,8.297222222222222
2023-12-23 00:00:00+00:00,23746.722222222223,8.38263888888889
2023-12-24 00:00:00+00:00,31529.805555555555,8.607291666666667
2023-12-25 00:00:00+00:00,29032.020833333332,8.665277777777778
2023-12-26 00:00:00+00:00,27645.409722222223,8.741319444444445
2023-12-27 00:00:00+00:00,22908.79861111111,8.619791666666666
2023-12-28 00:00:00+00:00,28318.958333333332,8.655902777777778
2023-12-29 00:00:00+00:00,28914.083333333332,8.906944444444443
2023-12-30 00:00:00+00:00,23492.666666666668,8.777777777777779
2023-12-31 00:00:00+00:00,11686.0,8.65
2024-01-01 00:00:00+00:00,30987.583333333332,8.833333333333334
2024-01-02 00:00:00+00:00,27887.715277777777,8.939930555555556
2024-01-03 00:00:00+00:00,31475.333333333332,9.222569444444444
2024-01-04 00:00:00+00:00,27685.32638888889,9.129861111111111
2024-01-05 00:00:00+00:00,30021.284722222223,9.13888888888889
2024-01-06 00:00:00+00:00,22878.375,8.997569444444444
2024-01-07 00:00:00+00:00,24057.044444444444,8.826296296296295
2024-01-08 00:00:00+00:00,22536.735294117647,8.542786069651742
2024-01-09 00:00:00+00:00,24186.573033707864,7.355056179775281
2024-01-10 00:00:00+00:00,26083.270833333332,7.1506944444444445
2024-01-11 00:00:00+00:00,26724.29861111111,7.232638888888889
2024-01-12 00:00:00+00:00,25213.472222222223,7.219444444444444
2024-01-13 00:00:00+00:00,25357.777777777777,7.168055555555556
2024-01-14 00:00:00+00:00,23533.270833333332,6.796527777777778
2024-01-15 00:00:00+00:00,23839.777777777777,6.555555555555555
2024-01-16 00:00:00+00:00,22823.965277777777,6.050000000000001
2024-01-17 00:00:00+00:00,24918.402777777777,6.410126582278481
2024-01-18 00:00:00+00:00,26531.631944444445,6.562152777777778
2024-01-19 00:00:00+00:00,24610.48611111111,6.076388888888889
2024-01-20 00:00:00+00:00,24067.82638888889,5.880902777777778
2024-01-21 00:00:00+00:00,28172.291666666668,5.793055555555556
2024-01-22 00:00:00+00:00,30068.79861111111,5.728125
2024-01-23 00:00:00+00:00,29738.01388888889,5.779513888888889
2024-01-24 00:00:00+00:00,30348.590277777777,5.868402777777778
2024-01-25 00:00:00+00:00,26719.916666666668,5.854166666666667
2024-01-26 00:00:00+00:00,29021.493055555555,6.117013888888889
2024-01-27 00:00:00+00:00,25821.416666666668,6.141319444444445
2024-01-28 00:00:00+00:00,27659.57638888889,6.238888888888889
2024-01-29 00:00:00+00:00,29026.541666666668,6.282638888888889
2024-01-30 00:00:00+00:00,27790.70138888889,6.351388888888889
2024-01-31 00:00:00+00:00,27139.13888888889,6.3902777777777775
2024-02-01 00:00:00+00:00,27859.152777777777,6.391666666666667
2024-02-02 00:00:00+00:00,25921.541666666668,6.401736111111111
2024-02-03 00:00:00+00:00,29655.29861111111,6.446180555555555
2024-02-04 00:00:00+00:00,30328.895833333332,6.564236111111111
2024-02-05 00:00:00+00:00,31264.88888888889,6.579861111111111
2024-02-06 00:00:00+00:00,30437.78014184397,6.720567375886525
2024-02-07 00:00:00+00:00,29326.569444444445,6.860416666666667
2024-02-08 00:00:00+00:00,28818.708333333332,6.725694444444445
2024-02-09 00:00:00+00:00,28913.777777777777,6.777430555555556
2024-02-10 00:00:00+00:00,29838.604166666668,6.888888888888889
2024-02-11 00:00:00+00:00,28814.277777777777,6.955902777777777
2024-02-12 00:00:00+00:00,27249.180555555555,7.018750000000001
2024-02-13 00:00:00+00:00,24895.777777777777,7.064236111111111
2024-02-14 00:00:00+00:00,26301.194444444445,7.222222222222222
2024-02-15 00:00:00+00:00,27404.090277777777,7.447222222222223
2024-02-16 00:00:00+00:00,29933.305555555555,7.532986111111111
2024-02-17 00:00:00+00:00,27444.368055555555,7.662152777777777
2024-02-18 00:00:00+00:00,29192.63888888889,7.918749999999999
2024-02-19 00:00:00+00:00,30405.506944444445,8.063194444444443
2024-02-20 00:00:00+00:00,29126.583333333332,8.157291666666666
2024-02-21 00:00:00+00:00,31804.916666666668,8.115625
2024-02-22 00:00:00+00:00,32341.79861111111,8.177083333333334
2024-02-23 00:00:00+00:00,31772.604166666668,8.11736111111111
2024-02-24 00:00:00+00:00,30547.57638888889,7.893055555555555
2024-02-25 00:00:00+00:00,30057.868055555555,7.769097222222222
2024-02-26 00:00:00+00:00,29408.8125,7.933333333333334
2024-02-27 00:00:00+00:00,25832.597222222223,7.881597222222222
2024-02-28 00:00:00+00:00,27528.20975609756,7.925347222222222
2024-02-29 00:00:00+00:00,27424.21875,7.961805555555555
2024-03-01 00:00:00+00:00,28390.95138888889,7.940972222222222
2024-03-02 00:00:00+00:00,29321.864583333332,7.927777777777777
2024-03-03 00:00:00+00:00,29747.336805555555,7.9631944444444445
2024-03-04 00:00:00+00:00,28556.020833333332,8.044097222222222
2024-03-05 00:00:00+00:00,31041.684027777777,8.068402777777777
2024-03-06 00:00:00+00:00,31369.347222222223,8.15625
2024-03-07 00:00:00+00:00,30754.0,8.174652777777776
2024-03-08 00:00:00+00:00,30544.851694915254,8.060416666666667
2024-03-09 00:00:00+00:00,30542.10763888889,8.049305555555556
2024-03-10 00:00:00+00:00,30606.618055555555,8.109027777777778
2024-03-11 00:00:00+00:00,30488.40625,8.120833333333332
2024-03-12 00:00:00+00:00,29651.625,8.143055555555556
2024-03-13 00:00:00+00:00,29666.020833333332,8.294791666666667
2024-03-14 00:00:00+00:00,30523.26388888889,8.409027777777778
2024-03-15 00:00:00+00:00,30628.885416666668,8.726736111111112
2024-03-16 00:00:00+00:00,30630.45486111111,8.981597222222222
2024-03-17 00:00:00+00:00,30703.305555555555,8.847569444444444
2024-03-18 00:00:00+00:00,31790.958333333332,8.930902777777778
2024-03-19 00:00:00+00:00,32047.92361111111,9.106944444444444
2024-03-20 00:00:00+00:00,32087.84375,9.350000000000001
2024-03-21 00:00:00+00:00,29793.041666666668,9.45
2024-03-22 00:00:00+00:00,31259.45138888889,9.392708333333333
2024-03-23 00:00:00+00:00,29495.864583333332,9.356597222222222
2024-03-24 00:00:00+00:00,28930.211805555555,9.173958333333333
2024-03-25 00:00:00+00:00,28217.277777777777,9.039583333333333
2024-03-26 00:00:00+00:00,30183.503472222223,8.976388888888888
2024-03-27 00:00:00+00:00,30294.975694444445,9.027430555555556
2024-03-28 00:00:00+00:00,30753.625,9.014583333333333
2024-03-29 00:00:00+00:00,31225.871527777777,9.017708333333333
2024-03-30 00:00:00+00:00,31452.444444444445,9.15625
2024-03-31 00:00:00+00:00,30882.3125,9.214930555555556
2024-04-01 00:00:00+00:00,31046.75,9.371527777777779
2024-04-02 00:00:00+00:00,31208.784722222223,9.633333333333333
2024-04-03 00:00:00+00:00,31521.746527777777,9.749652777777778
2024-04-04 00:00:00+00:00,31425.496527777777,10.066319444444444
2024-04-05 00:00:00+00:00,30919.659722222223,10.387847222222222
2024-04-06 00:00:00+00:00,30354.01388888889,10.695833333333333
2024-04-07 00:00:00+00:00,30367.649305555555,11.06076388888889
2024-04-08 00:00:00+00:00,29664.46875,11.056249999999999
2024-04-09 00:00:00+00:00,29273.510416666668,11.123958333333333
2024-04-10 00:00:00+00:00,28337.440972222223,11.073263888888889
2024-04-11 00:00:00+00:00,28365.54861111111,11.141666666666667
2024-04-12 00:00:00+00:00,28437.854166666668,11.36076388888889
2024-04-13 00:00:00+00:00,28675.86307053942,11.442708333333334
2024-04-14 00:00:00+00:00,27380.88888888889,11.449305555555556
2024-04-15 00:00:00+00:00,28412.29861111111,11.334722222222222
2024-04-16 00:00:00+00:00,30355.153846153848,11.1
2024-04-17 00:00:00+00:00,,
2024-04-18 00:00:00+00:00,,
2024-04-19 00:00:00+00:00,,
2024-04-20 00:00:00+00:00,,
2024-04-21 00:00:00+00:00,,
2024-04-22 00:00:00+00:00,,
2024-04-23 00:00:00+00:00,,
2024-04-24 00:00:00+00:00,,
2024-04-25 00:00:00+00:00,,
2024-04-26 00:00:00+00:00,27110.74683544304,10.470886075949368
2024-04-27 00:00:00+00:00,27849.510416666668,10.500694444444443
2024-04-28 00:00:00+00:00,29159.79513888889,10.596180555555556
2024-04-29 00:00:00+00:00,29817.520833333332,10.745486111111111
2024-04-30 00:00:00+00:00,30268.92013888889,10.945486111111112
2024-05-01 00:00:00+00:00,30226.413194444445,11.160069444444444
2024-05-02 00:00:00+00:00,30578.840277777777,11.521180555555555
2024-05-03 00:00:00+00:00,31770.520833333332,11.834027777777777
2024-05-04 00:00:00+00:00,31590.166666666668,11.976388888888888
2024-05-05 00:00:00+00:00,31331.95486111111,12.251041666666667
2024-05-06 00:00:00+00:00,30801.26388888889,12.445138888888888
2024-05-07 00:00:00+00:00,29866.805555555555,12.661111111111111
2024-05-08 00:00:00+00:00,28896.39160839161,12.744405594405595
2024-05-09 00:00:00+00:00,28472.149305555555,12.827777777777778
2024-05-10 00:00:00+00:00,28085.635338345866,13.040492957746478
2024-05-11 00:00:00+00:00,28258.635416666668,13.041666666666666
2024-05-12 00:00:00+00:00,29015.35763888889,13.10625
2024-05-13 00:00:00+00:00,29274.306338028167,13.338111888111888
2024-05-14 00:00:00+00:00,29467.590277777777,13.617708333333333
2024-05-15 00:00:00+00:00,29872.721830985916,13.711267605633802
2024-05-16 00:00:00+00:00,30370.291666666668,13.668402777777779
2024-05-17 00:00:00+00:00,29642.82638888889,14.036458333333334
2024-05-18 00:00:00+00:00,29524.729166666668,14.127083333333333
2024-05-19 00:00:00+00:00,29686.882142857143,14.32392857142857
2024-05-20 00:00:00+00:00,29681.95138888889,14.382291666666667
2024-05-21 00:00:00+00:00,28412.972222222223,14.697569444444444
2024-05-22 00:00:00+00:00,28132.352112676057,14.861267605633804
2024-05-23 00:00:00+00:00,29697.604166666668,14.913541666666667
2024-05-24 00:00:00+00:00,28774.122377622378,15.069580419580419
2024-05-25 00:00:00+00:00,28549.33916083916,14.986363636363638
2024-05-26 00:00:00+00:00,29293.458333333332,14.860069444444443
2024-05-27 00:00:00+00:00,29409.413194444445,14.869097222222223
2024-05-28 00:00:00+00:00,29955.45804195804,14.927972027972027
2024-05-29 00:00:00+00:00,31031.60763888889,15.069791666666667
2024-05-30 00:00:00+00:00,29564.235915492958,15.343661971830986
2024-05-31 00:00:00+00:00,26979.663194444445,15.370486111111111
2024-06-01 00:00:00+00:00,30045.01736111111,14.844791666666667
2024-06-02 00:00:00+00:00,29302.01388888889,14.705208333333335
2024-06-03 00:00:00+00:00,27566.756944444445,14.959375000000001
2024-06-04 00:00:00+00:00,27837.694444444445,15.235416666666667
2024-06-05 00:00:00+00:00,27333.92013888889,15.419444444444444
2024-06-06 00:00:00+00:00,27458.916666666668,15.489583333333334
2024-06-07 00:00:00+00:00,28328.80769230769,15.48951048951049
2024-06-08 00:00:00+00:00,28127.13888888889,15.639930555555557
2024-06-09 00:00:00+00:00,27499.413194444445,15.705208333333335
2024-06-10 00:00:00+00:00,27215.09375,15.65625
2024-06-11 00:00:00+00:00,24977.104166666668,15.458680555555556
2024-06-12 00:00:00+00:00,23728.716783216783,15.403846153846153
2024-06-13 00:00:00+00:00,24547.194444444445,15.423263888888888
2024-06-14 00:00:00+00:00,27156.287719298245,15.43543859649123
2024-06-15 00:00:00+00:00,29694.309027777777,15.437847222222224
2024-06-16 00:00:00+00:00,30225.26736111111,15.567708333333334
2024-06-17 00:00:00+00:00,30538.87676056338,15.846126760563381
2024-06-18 00:00:00+00:00,30327.527972027972,16.08041958041958
2024-06-19 00:00:00+00:00,29496.600694444445,16.197222222222223
2024-06-20 00:00:00+00:00,29425.020833333332,16.29409722222222
2024-06-21 00:00:00+00:00,28874.885416666668,16.346180555555556
2024-06-22 00:00:00+00:00,28895.006944444445,16.484375
2024-06-23 00:00:00+00:00,28735.350694444445,16.804861111111112
2024-06-24 00:00:00+00:00,28476.594405594406,17.091608391608393
2024-06-25 00:00:00+00:00,28508.256944444445,17.280902777777776
2024-06-26 00:00:00+00:00,28575.20486111111,17.506944444444443
2024-06-27 00:00:00+00:00,28534.583333333332,17.67673611111111
2024-06-28 00:00:00+00:00,29007.84375,17.894791666666666
2024-06-29 00:00:00+00:00,28759.569444444445,18.079166666666666
2024-06-30 00:00:00+00:00,28297.805555555555,18.09652777777778
2024-07-01 00:00:00+00:00,27252.11111111111,18.143749999999997
2024-07-02 00:00:00+00:00,27114.881944444445,18.11423611111111
2024-07-03 00:00:00+00:00,26067.149305555555,17.951041666666665
2024-07-04 00:00:00+00:00,27398.940559440558,17.836363636363636
2024-07-05 00:00:00+00:00,28993.072916666668,17.70034722222222
2024-07-06 00:00:00+00:00,30351.63888888889,17.693055555555556
2024-07-07 00:00:00+00:00,30469.239583333332,17.496180555555554
2024-07-08 00:00:00+00:00,29876.184027777777,17.39340277777778
2024-07-09 00:00:00+00:00,30264.131672597865,17.572241992882564
2024-07-10 00:00:00+00:00,30010.270833333332,17.828472222222224
2024-07-11 00:00:00+00:00,29981.777777777777,18.063194444444445
2024-07-12 00:00:00+00:00,29892.552083333332,17.929513888888888
2024-07-13 00:00:00+00:00,29404.89236111111,17.722916666666666
2024-07-14 00:00:00+00:00,29938.538194444445,17.79409722222222
2024-07-15 00:00:00+00:00,30412.6875,18.065624999999997
2024-07-16 00:00:00+00:00,31084.961805555555,18.227430555555557
2024-07-17 00:00:00+00:00,30677.850694444445,18.49652777777778
2024-07-18 00:00:00+00:00,30617.131944444445,18.751041666666666
2024-07-19 00:00:00+00:00,30846.711805555555,18.905208333333334
2024-07-20 00:00:00+00:00,30818.027777777777,19.168055555555554
2024-07-21 00:00:00+00:00,30361.552083333332,19.42465277777778
2024-07-22 00:00:00+00:00,29517.652777777777,19.604166666666668
2024-07-23 00:00:00+00:00,29857.378472222223,19.78402777777778
2024-07-24 00:00:00+00:00,29056.975694444445,19.614583333333332
2024-07-25 00:00:00+00:00,29721.88888888889,19.476736111111112
2024-07-26 00:00:00+00:00,29780.45138888889,19.546875
2024-07-27 00:00:00+00:00,30003.21875,19.607986111111114
2024-07-28 00:00:00+00:00,29771.96875,19.671180555555555
2024-07-29 00:00:00+00:00,30181.972222222223,19.753124999999997
2024-07-30 00:00:00+00:00,30585.270833333332,20.009722222222223
2024-07-31 00:00:00+00:00,30400.097222222223,20.168055555555554
2024-08-01 00:00:00+00:00,30773.552083333332,20.082291666666666
2024-08-02 00:00:00+00:00,30927.36111111111,20.229166666666668
2024-08-03 00:00:00+00:00,30850.784722222223,20.47152777777778
2024-08-04 00:00:00+00:00,30853.288194444445,20.52013888888889
2024-08-05 00:00:00+00:00,30832.26736111111,20.513194444444444
2024-08-06 00:00:00+00:00,30914.34375,20.62673611111111
2024-08-07 00:00:00+00:00,30863.284722222223,20.788888888888888
2024-08-08 00:00:00+00:00,30805.444444444445,20.78472222222222
2024-08-09 00:00:00+00:00,31928.944444444445,20.74375
2024-08-10 00:00:00+00:00,32270.79861111111,20.844444444444445
2024-08-11 00:00:00+00:00,31667.51736111111,20.99722222222222
2024-08-12 00:00:00+00:00,31550.01388888889,20.955208333333335
2024-08-13 00:00:00+00:00,32035.020833333332,21.147222222222222
2024-08-14 00:00:00+00:00,31946.208333333332,21.350694444444443
2024-08-15 00:00:00+00:00,31938.01736111111,21.572916666666668
2024-08-16 00:00:00+00:00,32812.89189189189,21.318571428571428
2024-08-17 00:00:00+00:00,32546.946043165466,21.51111111111111
2024-08-18 00:00:00+00:00,32138.347517730497,21.62986111111111
2024-08-19 00:00:00+00:00,31831.348754448398,21.550694444444446
2024-08-20 00:00:00+00:00,31797.739583333332,21.327430555555555
2024-08-21 00:00:00+00:00,31875.239583333332,20.652430555555554
2024-08-22 00:00:00+00:00,32312.04593639576,20.038541666666667
2024-08-23 00:00:00+00:00,32586.143790849674,19.696875
2024-08-24 00:00:00+00:00,32310.895454545454,19.51772727272727
2024-08-25 00:00:00+00:00,32568.633027522937,19.35089285714286
2024-08-26 00:00:00+00:00,32636.317757009347,19.26311475409836
2024-08-27 00:00:00+00:00,32499.01388888889,19.32326388888889
2024-08-28 00:00:00+00:00,32390.993055555555,19.664236111111112
2024-08-29 00:00:00+00:00,32293.182926829268,19.914583333333333
2024-08-30 00:00:00+00:00,31962.979591836734,20.14340277777778
2024-08-31 00:00:00+00:00,31585.59375,20.092708333333334
2024-09-01 00:00:00+00:00,31759.354166666668,20.147222222222222
2024-09-02 00:00:00+00:00,31674.45486111111,20.458333333333332
2024-09-03 00:00:00+00:00,31576.722222222223,20.662847222222226
2024-09-04 00:00:00+00:00,31529.969465648854,20.655636363636365
2024-09-05 00:00:00+00:00,31526.05319148936,20.59894736842105
2024-09-06 00:00:00+00:00,31679.49647887324,20.634615384615383
2024-09-07 00:00:00+00:00,31634.166666666668,20.699305555555554
2024-09-08 00:00:00+00:00,31582.711805555555,20.753124999999997
2024-09-09 00:00:00+00:00,31482.865800865802,20.639148936170212
2024-09-10 00:00:00+00:00,31789.0,20.00486111111111
2024-09-11 00:00:00+00:00,32558.48611111111,19.02847222222222
2024-09-12 00:00:00+00:00,31229.583333333332,17.643749999999997
2024-09-13 00:00:00+00:00,31474.836879432623,18.309154929577467
2024-09-14 00:00:00+00:00,32238.884120171675,18.68487394957983
2024-09-15 00:00:00+00:00,32021.8125,18.447569444444444
2024-09-16 00:00:00+00:00,31444.194444444445,18.34097222222222
2024-09-17 00:00:00+00:00,31146.333333333332,18.57986111111111
2024-09-18 00:00:00+00:00,31119.416666666668,18.749652777777776
2024-09-19 00:00:00+00:00,30975.64236111111,18.9375
2024-09-20 00:00:00+00:00,30747.28125,19.001041666666666
2024-09-21 00:00:00+00:00,30453.163194444445,18.970833333333335
2024-09-22 00:00:00+00:00,30202.67013888889,18.966666666666665
2024-09-23 00:00:00+00:00,30039.76388888889,18.874652777777776
2024-09-24 00:00:00+00:00,29938.98263888889,18.623611111111114
2024-09-25 00:00:00+00:00,30109.034722222223,18.26111111111111
2024-09-26 00:00:00+00:00,30978.934065934067,18.132967032967034
2024-09-27 00:00:00+00:00,32632.552083333332,17.477777777777778
2024-09-28 00:00:00+00:00,31788.67013888889,16.957291666666666
2024-09-29 00:00:00+00:00,30992.76736111111,16.462152777777778
2024-09-30 00:00:00+00:00,31259.88811188811,15.981118881118883
2024-10-01 00:00:00+00:00,32246.215277777777,15.462847222222223
2024-10-02 00:00:00+00:00,32017.17361111111,15.645138888888889
2024-10-03 00:00:00+00:00,30980.010416666668,15.767708333333335
2024-10-04 00:00:00+00:00,30718.177083333332,15.889236111111112
2024-10-05 00:00:00+00:00,30333.322916666668,15.818055555555556
2024-10-06 00:00:00+00:00,30168.57986111111,15.672569444444443
2024-10-07 00:00:00+00:00,30252.375,15.46875
2024-10-08 00:00:00+00:00,30823.909722222223,15.669444444444444
2024-10-09 00:00:00+00:00,30935.910071942446,15.639928057553956
2024-10-10 00:00:00+00:00,30945.043795620437,15.676277372262774
2024-10-11 00:00:00+00:00,30540.899305555555,15.572569444444444
2024-10-12 00:00:00+00:00,30458.07638888889,15.483333333333333
2024-10-13 00:00:00+00:00,30915.886524822694,15.047517730496452
2024-10-14 00:00:00+00:00,29317.503472222223,15.003819444444446
2024-10-15 00:00:00+00:00,29266.90625,15.096527777777778
2024-10-16 00:00:00+00:00,29452.253472222223,15.058680555555554
2024-10-17 00:00:00+00:00,30531.208333333332,15.03298611111111
2024-10-18 00:00:00+00:00,30214.833333333332,15.130902777777777
2024-10-19 00:00:00+00:00,30031.097222222223,15.220833333333335
2024-10-20 00:00:00+00:00,30068.5,15.12673611111111
2024-10-21 00:00:00+00:00,30736.822916666668,15.012500000000001
2024-10-22 00:00:00+00:00,30228.461805555555,14.97951388888889
2024-10-23 00:00:00+00:00,30690.095070422536,15.024295774647886
2024-10-24 00:00:00+00:00,31098.04513888889,15.059027777777779
2024-10-25 00:00:00+00:00,31734.354166666668,15.044097222222222
2024-10-26 00:00:00+00:00,32014.055555555555,15.093055555555557
2024-10-27 00:00:00+00:00,31792.04513888889,15.112152777777778
2024-10-28 00:00:00+00:00,31572.8125,14.883333333333333
2024-10-29 00:00:00+00:00,31898.39236111111,14.661458333333334
2024-10-30 00:00:00+00:00,31970.256944444445,14.662500000000001
2024-10-31 00:00:00+00:00,31644.14236111111,14.730555555555554
2024-11-01 00:00:00+00:00,31283.25,14.588194444444444
2024-11-02 00:00:00+00:00,31008.649305555555,14.481250000000001
2024-11-03 00:00:00+00:00,31068.506944444445,14.304861111111112
2024-11-04 00:00:00+00:00,31051.739583333332,14.060069444444444
2024-11-05 00:00:00+00:00,31128.6875,13.754861111111111
2024-11-06 00:00:00+00:00,31193.624113475176,13.606382978723405
2024-11-07 00:00:00+00:00,31158.177083333332,13.540972222222223
2024-11-08 00:00:00+00:00,31206.621527777777,13.259722222222223
2024-11-09 00:00:00+00:00,31592.809027777777,13.07673611111111
2024-11-10 00:00:00+00:00,31693.3125,12.889930555555557
2024-11-11 00:00:00+00:00,31661.065972222223,12.877083333333333
2024-11-12 00:00:00+00:00,31676.8125,13.324652777777779
2024-11-13 00:00:00+00:00,31650.072916666668,13.164583333333333
2024-11-14 00:00:00+00:00,31543.04513888889,13.006944444444445
2024-11-15 00:00:00+00:00,31181.131944444445,12.845833333333333
2024-11-16 00:00:00+00:00,30913.461805555555,12.508680555555555
2024-11-17 00:00:00+00:00,30739.288194444445,12.337847222222223
2024-11-18 00:00:00+00:00,30370.60763888889,12.139583333333333
2024-11-19 00:00:00+00:00,29972.20486111111,11.659375
2024-11-20 00:00:00+00:00,29685.308510638297,11.046453900709219
2024-11-21 00:00:00+00:00,29224.534722222223,9.931249999999999
2024-11-22 00:00:00+00:00,29583.683098591548,9.755281690140846
2024-11-23 00:00:00+00:00,30172.756944444445,9.102430555555555
2024-11-24 00:00:00+00:00,32168.663194444445,9.561805555555555
2024-11-25 00:00:00+00:00,32064.003472222223,9.690972222222221
2024-11-26 00:00:00+00:00,31786.20138888889,9.482291666666667
2024-11-27 00:00:00+00:00,31250.319444444445,9.192708333333334
2024-11-28 00:00:00+00:00,30791.729166666668,9.200347222222222
2024-11-29 00:00:00+00:00,29911.95138888889,9.171180555555555
2024-11-30 00:00:00+00:00,30120.878472222223,8.899305555555555
2024-12-01 00:00:00+00:00,30015.291666666668,8.68888888888889
2024-12-02 00:00:00+00:00,30405.621527777777,8.634027777777778
2024-12-03 00:00:00+00:00,29501.01736111111,8.849305555555555
2024-12-04 00:00:00+00:00,29114.65625,8.938541666666667
2024-12-05 00:00:00+00:00,29637.003472222223,8.852777777777778
2024-12-06 00:00:00+00:00,30360.760416666668,8.743402777777778
2024-12-07 00:00:00+00:00,30661.809027777777,8.765625
2024-12-08 00:00:00+00:00,31202.381944444445,8.851736111111112
2024-12-09 00:00:00+00:00,31616.121527777777,9.225694444444445
2024-12-10 00:00:00+00:00,31051.333333333332,9.135763888888889
2024-12-11 00:00:00+00:00,30075.774305555555,9.081944444444444
2024-12-12 00:00:00+00:00,29632.583333333332,9.038194444444445
2024-12-13 00:00:00+00:00,29600.95486111111,8.979513888888889
2024-12-14 00:00:00+00:00,28627.628472222223,8.538194444444445
2024-12-15 00:00:00+00:00,27244.006944444445,8.490625000000001
2024-12-16 00:00:00+00:00,27866.694444444445,8.664583333333333
2024-12-17 00:00:00+00:00,27831.875,8.678472222222222
2024-12-18 00:00:00+00:00,28906.92372881356,8.73220338983051
2024-12-19 00:00:00+00:00,,
2024-12-20 00:00:00+00:00,,
2024-12-21 00:00:00+00:00,,
2024-12-22 00:00:00+00:00,,
2024-12-23 00:00:00+00:00,,
2024-12-24 00:00:00+00:00,,
2024-12-25 00:00:00+00:00,,
2024-12-26 00:00:00+00:00,,
2024-12-27 00:00:00+00:00,,
2024-12-28 00:00:00+00:00,,
2024-12-29 00:00:00+00:00,,
2024-12-30 00:00:00+00:00,,
2024-12-31 00:00:00+00:00,,
2025-01-01 00:00:00+00:00,32309.017605633802,7.690140845070423
2025-01-02 00:00:00+00:00,31146.64236111111,7.516319444444444
2025-01-03 00:00:00+00:00,30078.194444444445,7.219097222222222
2025-01-04 00:00:00+00:00,28943.597222222223,7.026736111111111
2025-01-05 00:00:00+00:00,29886.95486111111,7.080902777777777
2025-01-06 00:00:00+00:00,31074.097222222223,7.129166666666666
2025-01-07 00:00:00+00:00,31146.246527777777,6.772222222222222
2025-01-08 00:00:00+00:00,30342.586805555555,6.516666666666667
2025-01-09 00:00:00+00:00,28319.569444444445,6.484375
2025-01-10 00:00:00+00:00,24665.958333333332,6.174305555555556
2025-01-11 00:00:00+00:00,26366.760416666668,6.364236111111111
2025-01-12 00:00:00+00:00,26025.75,6.416666666666667
2025-01-13 00:00:00+00:00,26441.746527777777,6.469097222222222
2025-01-14 00:00:00+00:00,27840.100694444445,6.519791666666666
2025-01-15 00:00:00+00:00,26645.26388888889,6.505902777777778
2025-01-16 00:00:00+00:00,28127.461805555555,6.689583333333333
2025-01-17 00:00:00+00:00,28591.371527777777,6.702083333333333
2025-01-18 00:00:00+00:00,28273.621527777777,6.680208333333334
2025-01-19 00:00:00+00:00,28875.302083333332,6.711458333333334
2025-01-20 00:00:00+00:00,29155.79861111111,6.636458333333334
2025-01-21 00:00:00+00:00,29618.135416666668,6.528472222222223
2025-01-22 00:00:00+00:00,30483.35763888889,6.504513888888889
2025-01-23 00:00:00+00:00,29639.225694444445,6.263194444444444
2025-01-24 00:00:00+00:00,31481.98611111111,6.105555555555556
2025-01-25 00:00:00+00:00,32010.39236111111,6.042361111111111
2025-01-26 00:00:00+00:00,31170.902777777777,5.966319444444444
2025-01-27 00:00:00+00:00,31900.239583333332,5.954166666666667
2025-01-28 00:00:00+00:00,31586.586805555555,5.831250000000001
2025-01-29 00:00:00+00:00,30930.572916666668,5.830555555555556
2025-01-30 00:00:00+00:00,29765.989583333332,5.832638888888889
2025-01-31 00:00:00+00:00,27692.82638888889,5.782638888888889
2025-02-01 00:00:00+00:00,27754.027777777777,5.761805555555556
2025-02-02 00:00:00+00:00,28218.635416666668,5.710416666666666
2025-02-03 00:00:00+00:00,28738.308823529413,5.713970588235294
2025-02-04 00:00:00+00:00,26914.72857142857,5.573571428571428
2025-02-05 00:00:00+00:00,28548.821428571428,5.575
2025-02-06 00:00:00+00:00,28581.493055555555,5.762499999999999
2025-02-07 00:00:00+00:00,30197.378472222223,5.85625
2025-02-08 00:00:00+00:00,31003.034722222223,5.863541666666666
2025-02-09 00:00:00+00:00,30948.440972222223,5.909375000000001
2025-02-10 00:00:00+00:00,30439.159722222223,5.790277777777778
2025-02-11 00:00:00+00:00,29956.6161971831,5.704166666666667
2025-02-12 00:00:00+00:00,30342.63888888889,5.653819444444444
2025-02-13 00:00:00+00:00,29777.836805555555,5.650347222222222
2025-02-14 00:00:00+00:00,29829.708333333332,5.592361111111111
2025-02-15 00:00:00+00:00,29710.63888888889,5.470833333333333
2025-02-16 00:00:00+00:00,29566.6875,5.433680555555556
2025-02-17 00:00:00+00:00,29480.427083333332,5.369097222222222
2025-02-18 00:00:00+00:00,29127.315972222223,5.244791666666667
2025-02-19 00:00:00+00:00,29149.17361111111,5.040277777777778
2025-02-20 00:00:00+00:00,30282.940972222223,4.989583333333333
2025-02-21 00:00:00+00:00,31397.347222222223,5.168055555555555
2025-02-22 00:00:00+00:00,31785.884615384617,5.311538461538462
2025-02-23 00:00:00+00:00,31944.98611111111,5.54375
2025-02-24 00:00:00+00:00,32254.162162162163,5.662162162162162
2025-02-25 00:00:00+00:00,31942.9375,5.823295454545455
2025-02-26 00:00:00+00:00,31602.151041666668,6.008854166666667
2025-02-27 00:00:00+00:00,31159.074074074073,6.112962962962963
2025-02-28 00:00:00+00:00,30745.21875,6.106597222222223
2025-03-01 00:00:00+00:00,30410.149305555555,6.067013888888889
2025-03-02 00:00:00+00:00,30152.309027777777,6.070138888888889
2025-03-03 00:00:00+00:00,30057.81818181818,6.0618181818181816
2025-03-04 00:00:00+00:00,,
2025-03-05 00:00:00+00:00,29456.2,6.2225
2025-03-06 00:00:00+00:00,29541.378472222223,6.272569444444445
2025-03-07 00:00:00+00:00,29930.82638888889,6.348611111111111
2025-03-08 00:00:00+00:00,30372.57638888889,6.439930555555556
2025-03-09 00:00:00+00:00,30859.864583333332,6.494791666666667
2025-03-10 00:00:00+00:00,31004.315972222223,6.657986111111111
2025-03-11 00:00:00+00:00,30807.715277777777,6.792708333333334
2025-03-12 00:00:00+00:00,30801.368055555555,6.818402777777778
2025-03-13 00:00:00+00:00,30725.57986111111,6.845138888888889
2025-03-14 00:00:00+00:00,30390.88888888889,6.840277777777778
2025-03-15 00:00:00+00:00,30436.940972222223,6.721875000000001
2025-03-16 00:00:00+00:00,30378.270833333332,6.725347222222222
2025-03-17 00:00:00+00:00,29884.854166666668,6.909375000000001
2025-03-18 00:00:00+00:00,29496.802083333332,6.828125
2025-03-19 00:00:00+00:00,29310.631944444445,6.845486111111111
2025-03-20 00:00:00+00:00,29161.840277777777,7.030555555555555
2025-03-21 00:00:00+00:00,29360.461805555555,7.27673611111111
2025-03-22 00:00:00+00:00,29867.072916666668,7.47986111111111
2025-03-23 00:00:00+00:00,30259.680555555555,7.580902777777778
2025-03-24 00:00:00+00:00,30347.70138888889,7.8583333333333325
2025-03-25 00:00:00+00:00,30443.930555555555,7.912152777777777
2025-03-26 00:00:00+00:00,30527.822916666668,8.079166666666667
2025-03-27 00:00:00+00:00,30496.135416666668,8.226388888888888
2025-03-28 00:00:00+00:00,30428.052083333332,8.411111111111111
2025-03-29 00:00:00+00:00,30236.260416666668,8.573263888888889
2025-03-30 00:00:00+00:00,30395.243055555555,8.763194444444444
2025-03-31 00:00:00+00:00,30067.277777777777,8.900347222222223
2025-04-01 00:00:00+00:00,30060.652777777777,8.834027777777777
2025-04-02 00:00:00+00:00,30108.069444444445,8.820486111111112
2025-04-03 00:00:00+00:00,30228.11111111111,8.920833333333333
2025-04-04 00:00:00+00:00,30071.913194444445,9.24826388888889
2025-04-05 00:00:00+00:00,30084.753472222223,9.336458333333333
2025-04-06 00:00:00+00:00,30419.028368794327,8.976241134751774
2025-04-07 00:00:00+00:00,30749.150442477876,8.82951388888889
2025-04-08 00:00:00+00:00,30823.848249027236,8.958680555555555
2025-04-09 00:00:00+00:00,30863.413194444445,9.100347222222222
2025-04-10 00:00:00+00:00,30951.319444444445,9.171527777777778
2025-04-11 00:00:00+00:00,30972.659722222223,9.389930555555557
2025-04-12 00:00:00+00:00,30809.989583333332,9.87326388888889
2025-04-13 00:00:00+00:00,30779.041666666668,10.441319444444444
2025-04-14 00:00:00+00:00,30791.222222222223,10.923958333333333
2025-04-15 00:00:00+00:00,30734.572916666668,11.14375
2025-04-16 00:00:00+00:00,30767.01736111111,11.277430555555556
2025-04-17 00:00:00+00:00,30672.28125,11.260416666666666
2025-04-18 00:00:00+00:00,30653.739130434784,11.141666666666667
2025-04-19 00:00:00+00:00,30659.756944444445,11.065625
2025-04-20 00:00:00+00:00,30735.784722222223,10.826041666666667
2025-04-21 00:00:00+00:00,30966.055555555555,10.777777777777779
2025-04-22 00:00:00+00:00,31131.631944444445,11.113194444444444
2025-04-23 00:00:00+00:00,31216.63888888889,11.247222222222222
2025-04-24 00:00:00+00:00,31067.027777777777,11.349305555555555
2025-04-25 00:00:00+00:00,30676.729166666668,11.406597222222222
2025-04-26 00:00:00+00:00,30464.159722222223,11.580555555555556
2025-04-27 00:00:00+00:00,30295.868055555555,11.889583333333333
2025-04-28 00:00:00+00:00,30225.0,12.242013888888888
2025-04-29 00:00:00+00:00,29963.097222222223,12.467708333333333
2025-04-30 00:00:00+00:00,29645.321678321678,12.556737588652481
2025-05-01 00:00:00+00:00,29481.783216783217,12.778321678321678
2025-05-02 00:00:00+00:00,29152.10502283105,13.006597222222222
2025-05-03 00:00:00+00:00,29271.854166666668,12.949305555555556
2025-05-04 00:00:00+00:00,29757.975694444445,12.304861111111112
2025-05-05 00:00:00+00:00,30041.60763888889,11.880555555555555
2025-05-06 00:00:00+00:00,30454.008547008547,11.605985915492957
2025-05-07 00:00:00+00:00,30451.586805555555,11.74826388888889
2025-05-08 00:00:00+00:00,30576.61111111111,11.937847222222222
2025-05-09 00:00:00+00:00,30299.6875,12.380902777777777
2025-05-10 00:00:00+00:00,30040.84375,12.871180555555556
2025-05-11 00:00:00+00:00,29896.82986111111,13.315277777777778
2025-05-12 00:00:00+00:00,29802.038194444445,13.756944444444445
2025-05-13 00:00:00+00:00,29843.756944444445,14.034375
2025-05-14 00:00:00+00:00,29740.23611111111,14.263194444444444
2025-05-15 00:00:00+00:00,29951.663194444445,13.866666666666667
2025-05-16 00:00:00+00:00,29798.003472222223,13.354513888888889
2025-05-17 00:00:00+00:00,29485.32638888889,13.249652777777778
2025-05-18 00:00:00+00:00,29320.0625,13.421180555555557
2025-05-19 00:00:00+00:00,29138.408450704224,13.74894366197183
2025-05-20 00:00:00+00:00,29156.8125,13.982291666666667
2025-05-21 00:00:00+00:00,29527.337931034483,14.052777777777777
2025-05-22 00:00:00+00:00,29669.805555555555,13.859722222222222
2025-05-23 00:00:00+00:00,29551.958333333332,13.7
2025-05-24 00:00:00+00:00,29517.621527777777,13.763194444444444
2025-05-25 00:00:00+00:00,29740.39236111111,14.039583333333333
2025-05-26 00:00:00+00:00,29914.465277777777,14.505208333333334
2025-05-27 00:00:00+00:00,30809.748251748253,14.340909090909092
2025-05-28 00:00:00+00:00,31156.71875,14.597222222222221
2025-05-29 00:00:00+00:00,31016.413612565444,14.975874125874126
2025-05-30 00:00:00+00:00,31304.819444444445,15.078125
2025-05-31 00:00:00+00:00,30979.506944444445,15.708680555555556
2025-06-01 00:00:00+00:00,30895.61111111111,16.079513888888886
2025-06-02 00:00:00+00:00,30761.31623931624,16.415972222222223
2025-06-03 00:00:00+00:00,30671.4384057971,16.37644927536232
2025-06-04 00:00:00+00:00,31196.598591549297,16.37218309859155
2025-06-05 00:00:00+00:00,31290.59375,16.108333333333334
2025-06-06 00:00:00+00:00,31252.40625,16.015972222222224
2025-06-07 00:00:00+00:00,30918.993055555555,16.118055555555557
2025-06-08 00:00:00+00:00,30743.56343283582,16.03955223880597
2025-06-09 00:00:00+00:00,30377.86328125,16.026953125
2025-06-10 00:00:00+00:00,30469.31386861314,16.118978102189782
2025-06-11 00:00:00+00:00,29834.287769784172,16.295323741007195
2025-06-12 00:00:00+00:00,29479.719101123595,16.364606741573034
2025-06-13 00:00:00+00:00,29038.510416666668,16.981250000000003
2025-06-14 00:00:00+00:00,28998.286885245903,17.3952
2025-06-15 00:00:00+00:00,29426.435,17.902651515151515
2025-06-16 00:00:00+00:00,29684.708333333332,18.000694444444445
2025-06-17 00:00:00+00:00,29698.92013888889,18.027083333333334
2025-06-18 00:00:00+00:00,29568.57638888889,18.244097222222223
2025-06-19 00:00:00+00:00,29767.649305555555,18.371180555555554
2025-06-20 00:00:00+00:00,30020.100694444445,18.49826388888889
2025-06-21 00:00:00+00:00,30255.27391304348,18.519565217391303
2025-06-22 00:00:00+00:00,30359.541666666668,18.834722222222222
2025-06-23 00:00:00+00:00,31083.034722222223,18.838194444444444
2025-06-24 00:00:00+00:00,31221.54861111111,18.922222222222224
2025-06-25 00:00:00+00:00,31359.569444444445,18.757638888888888
2025-06-26 00:00:00+00:00,31176.315972222223,19.201736111111114
2025-06-27 00:00:00+00:00,31478.270833333332,19.248958333333334
2025-06-28 00:00:00+00:00,31681.149305555555,19.582291666666666
2025-06-29 00:00:00+00:00,31510.32222222222,20.146785714285716
2025-06-30 00:00:00+00:00,30861.291666666668,20.293750000000003
2025-07-01 00:00:00+00:00,30792.805555555555,20.45659722222222
2025-07-02 00:00:00+00:00,30772.694444444445,20.696527777777778
2025-07-03 00:00:00+00:00,30741.49090909091,20.252727272727274
2025-07-04 00:00:00+00:00,30600.237623762376,20.265841584158416
2025-07-05 00:00:00+00:00,31236.756944444445,20.28125
2025-07-06 00:00:00+00:00,31755.17361111111,20.19965277777778
2025-07-07 00:00:00+00:00,31737.618055555555,20.033680555555556
2025-07-08 00:00:00+00:00,31214.13888888889,19.552083333333332
2025-07-09 00:00:00+00:00,30923.61111111111,19.460069444444443
2025-07-10 00:00:00+00:00,30629.118055555555,19.785069444444446
2025-07-11 00:00:00+00:00,30507.333333333332,20.153819444444444
2025-07-12 00:00:00+00:00,30573.45138888889,20.396527777777777
2025-07-13 00:00:00+00:00,30616.395833333332,20.525
2025-07-14 00:00:00+00:00,30725.98611111111,20.774652777777778
2025-07-15 00:00:00+00:00,31063.07638888889,20.559375000000003
2025-07-16 00:00:00+00:00,31542.680555555555,20.129166666666666
2025-07-17 00:00:00+00:00,31058.097222222223,20.273958333333333
2025-07-18 00:00:00+00:00,30782.38888888889,20.52673611111111
2025-07-19 00:00:00+00:00,30824.791666666668,20.72222222222222
2025-07-20 00:00:00+00:00,31081.069444444445,20.82673611111111
2025-07-21 00:00:00+00:00,31288.235555555555,20.860416666666666
2025-07-22 00:00:00+00:00,31455.118055555555,20.87048611111111
2025-07-23 00:00:00+00:00,31572.256944444445,21.005902777777777
2025-07-24 00:00:00+00:00,31104.337579617833,21.174305555555556
2025-07-25 00:00:00+00:00,30993.573426573428,21.255208333333332
2025-07-26 00:00:00+00:00,,21.36111111111111
2025-07-27 00:00:00+00:00,,21.392708333333335
2025-07-28 00:00:00+00:00,,21.03090277777778
2025-07-29 00:00:00+00:00,,20.96423611111111
2025-07-30 00:00:00+00:00,,20.87222222222222
2025-07-31 00:00:00+00:00,,20.81443661971831
2025-08-01 00:00:00+00:00,,20.58159722222222
2025-08-02 00:00:00+00:00,30478.2,20.188194444444445
2025-08-03 00:00:00+00:00,30343.715277777777,19.96597222222222
2025-08-04 00:00:00+00:00,30663.777777777777,20.155208333333334
2025-08-05 00:00:00+00:00,30583.347222222223,20.110763888888886
2025-08-06 00:00:00+00:00,29164.243055555555,19.96597222222222
2025-08-07 00:00:00+00:00,29893.847222222223,20.054861111111112
2025-08-08 00:00:00+00:00,30167.409722222223,20.09826388888889
2025-08-09 00:00:00+00:00,30376.4375,20.213194444444447
2025-08-10 00:00:00+00:00,29697.1875,20.391666666666666
2025-08-11 00:00:00+00:00,29882.993055555555,20.476388888888888
2025-08-12 00:00:00+00:00,29771.680555555555,20.648263888888888
2025-08-13 00:00:00+00:00,29827.97122302158,20.894699646643108
2025-08-14 00:00:00+00:00,29644.42361111111,21.16701388888889
2025-08-15 00:00:00+00:00,29651.82638888889,21.4
2025-08-16 00:00:00+00:00,29879.618055555555,21.23784722222222
2025-08-17 00:00:00+00:00,29942.583333333332,20.685416666666665
2025-08-18 00:00:00+00:00,29975.07638888889,20.438888888888886
2025-08-19 00:00:00+00:00,30231.715277777777,20.42534722222222
2025-08-20 00:00:00+00:00,30343.808510638297,20.358333333333334
2025-08-21 00:00:00+00:00,30805.5,20.202430555555555
2025-08-22 00:00:00+00:00,30823.222222222223,20.014583333333334
2025-08-23 00:00:00+00:00,30511.29411764706,19.829901960784316
2025-08-24 00:00:00+00:00,30008.41379310345,19.801293103448273
2025-08-25 00:00:00+00:00,29744.305555555555,19.96701388888889
2025-08-26 00:00:00+00:00,29514.729166666668,20.01354166666667
2025-08-27 00:00:00+00:00,29123.470588235294,19.917708333333334
2025-08-28 00:00:00+00:00,,19.99826388888889
2025-08-29 00:00:00+00:00,,19.752430555555556
2025-08-30 00:00:00+00:00,,19.54513888888889
2025-08-31 00:00:00+00:00,,19.539583333333333
2025-09-01 00:00:00+00:00,,19.638541666666665
2025-09-02 00:00:00+00:00,,19.57534722222222
2025-09-03 00:00:00+00:00,,19.302083333333332
2025-09-04 00:00:00+00:00,,19.212152777777778
2025-09-05 00:00:00+00:00,,19.04652777777778
2025-09-06 00:00:00+00:00,,19.017708333333335
2025-09-07 00:00:00+00:00,,19.035416666666666
2025-09-08 00:00:00+00:00,,19.281944444444445
2025-09-09 00:00:00+00:00,,19.37673611111111
2025-09-10 00:00:00+00:00,,19.224475524475523
2025-09-11 00:00:00+00:00,,18.915277777777778
2025-09-12 00:00:00+00:00,,18.36423611111111
2025-09-13 00:00:00+00:00,,17.838194444444444
2025-09-14 00:00:00+00:00,,17.376223776223778
2025-09-15 00:00:00+00:00,,17.636805555555554
2025-09-16 00:00:00+00:00,,17.450000000000003
2025-09-17 00:00:00+00:00,,17.0020979020979
2025-09-18 00:00:00+00:00,,17.005208333333332
2025-09-19 00:00:00+00:00,,17.21701388888889
2025-09-20 00:00:00+00:00,,17.445833333333333
2025-09-21 00:00:00+00:00,,17.397222222222222
2025-09-22 00:00:00+00:00,,17.1541958041958
2025-09-23 00:00:00+00:00,,17.114788732394366
2025-09-24 00:00:00+00:00,,16.957831325301203
2025-09-25 00:00:00+00:00,,16.66590909090909
2025-09-26 00:00:00+00:00,,16.23030303030303
2025-09-27 00:00:00+00:00,,16.12048611111111
2025-09-28 00:00:00+00:00,,16.204166666666666
2025-09-29 00:00:00+00:00,,16.475874125874128
2025-09-30 00:00:00+00:00,,16.615625
2025-10-01 00:00:00+00:00,,16.71388888888889
2025-10-02 00:00:00+00:00,,16.704166666666666
2025-10-03 00:00:00+00:00,,16.352083333333333
2025-10-04 00:00:00+00:00,,15.851388888888888
2025-10-05 00:00:00+00:00,,15.087847222222223
2025-10-06 00:00:00+00:00,,14.644755244755244
2025-10-07 00:00:00+00:00,,14.771678321678321
2025-10-08 00:00:00+00:00,,14.990625000000001
2025-10-09 00:00:00+00:00,,15.144444444444446
2025-10-10 00:00:00+00:00,,15.387847222222222
2025-10-11 00:00:00+00:00,,15.521527777777777
2025-10-12 00:00:00+00:00,,15.606944444444444
2025-10-13 00:00:00+00:00,,15.678125000000001
2025-10-14 00:00:00+00:00,,15.711805555555555
2025-10-15 00:00:00+00:00,,15.716319444444444
2025-10-16 00:00:00+00:00,,15.706597222222221
2025-10-17 00:00:00+00:00,,15.630902777777777
2025-10-18 00:00:00+00:00,,15.431249999999999
2025-10-19 00:00:00+00:00,,15.045833333333333
2025-10-20 00:00:00+00:00,,14.783216783216783
2025-10-21 00:00:00+00:00,,14.680656934306569
2025-10-22 00:00:00+00:00,,14.628472222222221
2025-10-23 00:00:00+00:00,,14.609027777777776
2025-10-24 00:00:00+00:00,,14.213541666666666
2025-10-25 00:00:00+00:00,,13.886330935251799
2025-10-26 00:00:00+00:00,,12.65
2025-10-27 00:00:00+00:00,,12.853846153846153
2025-10-28 00:00:00+00:00,,12.707383966244727
2025-10-29 00:00:00+00:00,,12.61013986013986
2025-10-30 00:00:00+00:00,,12.470833333333333
2025-10-31 00:00:00+00:00,,12.443402777777777
2025-11-01 00:00:00+00:00,,12.49925925925926
2025-11-02 00:00:00+00:00,,12.319791666666667
2025-11-03 00:00:00+00:00,,11.984027777777778
2025-11-04 00:00:00+00:00,,12.056597222222223
2025-11-05 00:00:00+00:00,,12.109352517985611
2025-11-06 00:00:00+00:00,,12.171276595744681
2025-11-07 00:00:00+00:00,,12.271678321678321
2025-11-08 00:00:00+00:00,,12.375524475524475
2025-11-09 00:00:00+00:00,,12.44718309859155
2025-11-10 00:00:00+00:00,,12.283566433566433
2025-11-11 00:00:00+00:00,,11.99055944055944
2025-11-12 00:00:00+00:00,,11.953191489361704
2025-11-13 00:00:00+00:00,,11.946456692913387
2025-11-14 00:00:00+00:00,,12.118661971830985
2025-11-15 00:00:00+00:00,,12.213541666666666
2025-11-16 00:00:00+00:00,,12.034722222222221
2025-11-17 00:00:00+00:00,,11.89179104477612
2025-11-18 00:00:00+00:00,,
2025-11-19 00:00:00+00:00,,
2025-11-20 00:00:00+00:00,,
2025-11-21 00:00:00+00:00,,
2025-11-22 00:00:00+00:00,,
2025-11-23 00:00:00+00:00,,
2025-11-24 00:00:00+00:00,,
2025-11-25 00:00:00+00:00,,
2025-11-26 00:00:00+00:00,,
2025-11-27 00:00:00+00:00,,
2025-11-28 00:00:00+00:00,,
2025-11-29 00:00:00+00:00,,
2025-11-30 00:00:00+00:00,,
2025-12-01 00:00:00+00:00,,
2025-12-02 00:00:00+00:00,,
2025-12-03 00:00:00+00:00,,
2025-12-04 00:00:00+00:00,,
2025-12-05 00:00:00+00:00,,
2025-12-06 00:00:00+00:00,,
2025-12-07 00:00:00+00:00,,
2025-12-08 00:00:00+00:00,,
2025-12-09 00:00:00+00:00,,
2025-12-10 00:00:00+00:00,,
2025-12-11 00:00:00+00:00,,
2025-12-12 00:00:00+00:00,,
2025-12-13 00:00:00+00:00,,
2025-12-14 00:00:00+00:00,,
2025-12-15 00:00:00+00:00,,
2025-12-16 00:00:00+00:00,,
2025-12-17 00:00:00+00:00,,
2025-12-18 00:00:00+00:00,,
2025-12-19 00:00:00+00:00,,
2025-12-20 00:00:00+00:00,,
2025-12-21 00:00:00+00:00,,
2025-12-22 00:00:00+00:00,,
2025-12-23 00:00:00+00:00,,
2025-12-24 00:00:00+00:00,,
2025-12-25 00:00:00+00:00,,
2025-12-26 00:00:00+00:00,,
2025-12-27 00:00:00+00:00,,
2025-12-28 00:00:00+00:00,,
2025-12-29 00:00:00+00:00,,
2025-12-30 00:00:00+00:00,,
2025-12-31 00:00:00+00:00,,
